"Municipio","1990","2000","2010","2020","2021","2022","2023","2024"
"Abadia de Goiás (GO)",22562.941330631038,45538.24474805511,47557.11414497623,52801.85502233115,61347.431894926776,62876.952866407504,64056.44718509033,65151.08659560911
"Abadia dos Dourados (MG)",213399.27420461513,187261.77405984604,171082.0004060255,161224.4219712749,173338.81787497248,156513.17419091248,177527.67449367483,165763.04109431582
"Abadiânia (GO)",425082.71436432714,285044.17856397794,216108.35271974964,251010.30571256415,289656.5879968478,268198.1427217833,253040.64507925318,269443.5268274487
"Abaeté (MG)",426146.5149767705,469035.4056501242,398259.7816241992,332158.70296703407,372647.51231732673,336321.5502318935,339102.0184876919,349889.8042988488
"Abaetetuba (PA)",152513.31378108475,258157.6189108432,623375.9319325109,386015.5610505,381899.6207730038,464840.86158148124,531654.998311851,541159.1428020495
"Abaiara (CE)",16397.56122122138,30705.362640187057,32013.349177962045,57747.330988230104,51699.274977250185,52098.231934706244,64610.479887879555,47143.323094659645
"Abaíra (BA)",19933.08542015796,38079.40548550421,31449.940284246997,23020.88488458018,21279.12476869571,22667.885713379346,27586.074314370646,38979.65838917447
"Abaré (BA)",192451.66197994674,133370.29911923807,92701.13952248933,160800.6887962846,181902.93013735794,131608.216656956,125863.3080771878,128712.01020537561
"Abatiá (PR)",96951.72815927712,75465.31207573428,63641.84897242258,63640.897645373996,49075.89576127219,62771.59557738069,63984.307219863374,54200.37767390887
"Abdon Batista (SC)",131084.1342173948,135907.70688231118,108959.20234421374,62692.97676155597,80718.25262699445,99551.44661054028,92513.04183622438,58065.98508742418
"Abel Figueiredo (PA)",323359.6315076735,458599.6497206636,317796.2928253025,428983.47210605064,720924.7870273129,573472.5724757591,699046.557515632,302828.04070777755
"Abelardo Luz (SC)",501944.7188069522,459683.65824316465,268457.3473698578,282790.3123728782,268783.0043022937,273268.17858567205,240893.2675952175,198817.48051488266
"Abre Campo (MG)",168427.9252581151,73827.63788020796,81892.80422002746,123453.05505055572,129027.72658349042,112406.02676905255,120248.0193739844,110166.00725765098
"Abreu e Lima (PE)",94541.601261356,48048.6749721299,123813.11121634001,114867.38266349517,117493.0405461836,120446.96969777842,119891.90156304093,115708.99470015218
"Abreulândia (TO)",175472.07156826355,314151.7377665258,377236.8286667667,857677.556199989,478881.44158221217,480127.90771712334,756458.6213385485,559913.8597661788
"Acaiaca (MG)",33898.516122091496,21825.142567419345,17074.7487605065,23836.031665806207,26135.380003155224,24018.748409727647,22325.804631391737,20704.72411774015
"Açailândia (MA)",9627263.893488713,5552456.381706692,4618236.492707527,4603453.866342049,2969833.993804314,4000985.29759775,4190534.822132768,3065241.893907323
"Acajutiba (BA)",80096.80210325723,113755.70026837625,49360.232749652016,50317.940292004,61861.90087202009,50823.09889075856,45668.66459895023,48856.1704791596
"Acará (PA)",1223492.256109981,2361282.3220877512,2917564.2313196054,1356664.2978544505,1872225.8368191333,1190840.8860714433,2453430.7906540395,1373525.23069359
"Acarape (CE)",9273.440827907567,17434.705350959568,17728.599435084045,25461.387033607396,27487.73967798186,25548.506456522555,32651.132776839007,34544.04303002924
"Acaraú (CE)",93590.3901644168,513279.2011571586,169933.33306497912,236085.22103864278,239502.86419282283,267546.0421849207,209089.78936317368,261007.7995078831
"Acari (RN)",60191.10075374813,58067.544856463486,51762.73568776605,80888.31150445178,63965.42515359931,58661.84866995875,68088.14433400489,62731.3368155054
"Acauã (PI)",77595.49838503862,270740.85712366446,125994.2503861527,96487.21566582486,100152.1236602931,122374.52939515802,134514.07308105874,128642.69919108889
"Aceguá (RS)",372613.4265984897,344659.6580035401,808981.753824513,559967.4793796283,776045.0888261289,627804.9422988864,596559.0472498605,571603.8857123989
"Acopiara (CE)",156778.0124922214,229142.968535435,360367.05176753865,424150.7292793068,448236.22153421806,563307.9946397636,656693.9654318475,549581.3777138739
"Acorizal (MT)",252251.4377281544,449188.0763286294,213326.69258460813,205167.25502228827,169310.38975441508,206758.2042228796,281354.6931378351,307741.62718462764
"Acrelândia (AC)",1202605.1652665716,2705525.9824315035,2360792.5070473477,1891464.5760120274,1773172.1470918476,2221502.691716822,1866453.7567717908,1340364.300805831
"Acreúna (GO)",722103.1630488124,424876.7539136191,358803.6791499269,489901.7456120975,479416.5207456207,447955.35984402965,501154.4793151326,521259.20230720774
"Açu (RN)",123712.97000203485,303238.59976955876,144072.36599947992,166978.5977999018,150819.85649302584,213777.83739681833,176307.9626059296,208727.0061633409
"Açucena (MG)",687577.6442128154,591457.47195553,162243.69493642918,246126.75656934985,221240.9271270339,383932.88313321775,200269.6886499609,413742.1395767952
"Adamantina (SP)",108694.84203569066,119075.63354881943,208194.0727335638,169556.33461093964,174749.43812259595,170571.90791269892,170255.9922727282,157678.99376078826
"Adelândia (GO)",44846.59396977431,37386.276859782236,37271.642799233596,35912.3843812152,41778.414851913294,43910.878543200604,44493.78551193514,44585.22102356136
"Adolfo (SP)",42840.31589189795,35207.98911198553,42025.11447788176,34741.36341324849,35283.838668914956,34223.66749149685,32122.913485440848,27723.541935715104
"Adrianópolis (PR)",411847.40894909634,144696.014195969,219263.76359050878,193085.896228619,227311.63590681012,226229.0865563356,237028.48667109266,183775.54199046237
"Adustina (BA)",84286.8439713863,97608.23742446295,80656.40751963995,123179.39171150023,108718.82761862005,130267.05588299443,123047.10144643881,113803.7912949466
"Afogados da Ingazeira (PE)",70066.68874690298,39631.212337110584,82958.71479290113,93260.07540099979,111104.15248095027,121148.57057567696,111181.63385208021,103889.64969094329
"Afonso Bezerra (RN)",51549.17237270004,103267.70649810853,36062.758771808105,92240.90267546555,74339.72603545817,71711.51385222898,84989.01302157462,86342.59151565368
"Afonso Cláudio (ES)",235398.44956329174,254238.48986886235,209496.45795711933,151675.64890523974,165510.81128791213,221871.17376013147,191218.89491211533,127312.77633839686
"Afonso Cunha (MA)",20153.955735401923,20837.91339873538,17514.541241165105,338652.09993142553,93242.32719083002,94649.03134176027,115718.38668358822,67754.57267500526
"Afrânio (PE)",132101.24927328134,211971.49048144487,259913.92088821818,200145.86563033928,245578.50667992828,286238.9581674472,291387.3823473949,275338.223082362
"Afuá (PA)",43995.59289478388,74803.4307062808,63966.42335675396,88436.93414289778,93450.02436126243,77923.66843904264,102830.53329439204,77656.46262677689
"Agrestina (PE)",60501.93864161147,31559.01881779769,66391.97024941252,76222.68856804051,81501.221477057,81295.42460884324,91348.44255435151,98216.85550776572
"Agricolândia (PI)",7609.623414086118,7463.564105551306,6700.6771901871025,41721.16622065829,27489.427913976877,16753.73511768938,43277.011287003465,29003.495748384285
"Agrolândia (SC)",89398.27560218456,73562.14979684244,77120.2763800495,72443.6071369961,94533.31778183572,91211.92686840924,83639.56444339537,59681.037071640916
"Agronômica (SC)",73627.41639836755,40821.66694969186,48339.37251581179,41019.87998633429,67790.48929903228,59196.999088418,48243.08515617827,29254.57497937789
"Água Azul do Norte (PA)",5055914.4518877305,10135134.594277494,3126996.6901449133,2496854.441400969,2743370.539160285,2603980.51635513,4843583.798763096,2051152.0117469141
"Água Boa (MG)",790012.8967351887,418572.05676960415,193560.5837095319,425018.2943065267,430589.29767643486,618407.7534899889,559514.2275917392,938174.1746464954
"Água Boa (MT)",2756946.6786695323,2353026.538106321,1637042.1694763738,1595409.938384292,1482532.2404217396,1632100.7921781559,1760776.8447444486,1634434.5899365214
"Água Branca (AL)",46902.811919937565,32227.221430238726,52588.84613008406,62324.59578235184,45817.66678441539,49896.94038486109,55157.202359654206,102760.74849442574
"Água Branca (PB)",34238.50571059301,20429.706673770906,47799.27775355388,37991.43584833084,47993.546111025375,54288.81748311306,58598.368219587195,50249.44508632089
"Água Branca (PI)",14943.366647157649,22478.01901948439,44689.75112286749,46427.78688583616,55934.71960615542,67368.4272971874,55838.423395440914,69076.11290250965
"Água Clara (MS)",5386423.375542766,3858054.3537139213,2163301.3281601,1348012.0947601823,2825425.634864826,1196176.7000993532,1101622.2407600458,1097800.4429024605
"Água Comprida (MG)",175344.05229960056,127488.75375457664,164061.9341348974,176662.12631389982,195669.17633203513,187927.26884235637,179523.89245493937,179601.6354234683
"Água Doce (SC)",300770.1571585604,398476.7013840175,350433.3576025698,313666.1126254982,361871.40409792453,378558.41431482614,346616.6571005639,242293.91609540777
"Água Doce do Maranhão (MA)",3596.1229072513966,36604.32717017856,65854.65421397971,139494.85736736006,133043.16445151568,68329.44881677146,91489.66061467762,66612.46179160102
"Água Doce do Norte (ES)",135050.75667544903,107211.99650704757,119302.45445539411,135717.32338765258,117552.21470925577,126119.73264044036,115647.03593070197,92127.86467698307
"Água Fria (BA)",177003.59401794287,165782.26125605512,99708.1458411626,108314.06879758408,195256.3580169047,206880.68208079794,217303.86364924448,310663.1474133684
"Água Fria de Goiás (GO)",626977.6630672542,586885.9502456329,299657.6020226091,358555.1773922457,344135.332304053,423386.00594680343,401340.6876394862,326961.538021699
"Água Limpa (GO)",236308.9381255338,268483.74415883096,159357.02987517265,153862.26798707328,149543.2353567116,139134.1766010126,136194.09148580857,132717.54706879065
"Água Nova (RN)",5271.476823120845,6497.507074346416,6588.721606011507,8511.81538867449,8503.020587696517,7256.579611379114,9660.098646328132,7306.395229032576
"Água Preta (PE)",236980.63010631385,72571.23975306466,104346.85656710588,116904.89318838019,123319.95428775635,133873.06512748674,126119.57315017944,114106.73984753447
"Água Santa (RS)",127277.87004080329,115777.9157701006,59344.23341300314,60178.34358637685,75418.86343231502,55401.90038792476,52650.28872201318,59640.39309003524
"Aguaí (SP)",112410.14452124578,104920.81723386879,189913.99579612972,275284.99397785665,331132.157376051,315260.52958267333,301692.17022386135,264737.80810238206
"Aguanil (MG)",69180.59902405151,62410.301683980884,46604.31264921342,50986.70239024842,66020.44735255379,70590.15923327253,48461.1158036576,47436.07510752195
"Águas Belas (PE)",140249.7544535293,110435.82411499308,148540.1321911922,163619.441217619,174336.67433931297,180119.50498964833,221015.56180971558,213838.27354855833
"Águas da Prata (SP)",31036.900391524094,53147.484864388796,34396.47921932402,54651.46322289728,54885.89464866534,87575.23650084241,74593.06050204423,61696.39100187709
"Águas de Chapecó (SC)",55301.758405622844,45733.36196697231,66635.2799805107,80384.73464857486,70619.83563857267,67765.17336494506,78746.95067677552,54021.351758495315
"Águas de Lindóia (SP)",17668.59223220673,22197.120477721648,35679.32393523192,52937.97167951495,62899.75624417872,69455.24342414465,54941.12283330311,46011.45200745
"Águas de Santa Bárbara (SP)",170080.55942260532,93169.27193851852,90660.91097073178,88002.53239919568,89537.21789864685,88854.23490730814,84036.71180600212,76684.13973128519
"Águas de São Pedro (SP)",486.8015889385277,2169.521452566078,14404.180973498755,18334.775590091038,15164.653692992057,13628.012282454723,15088.963055535687,15298.499216343394
"Águas Formosas (MG)",388301.30529850733,346566.90261141845,318506.5128660318,249997.57597367166,248652.83556153675,253899.86714804894,215185.99924567508,197465.11180385307
"Águas Frias (SC)",41254.579291070964,30149.182497746096,49004.81301565784,58631.535448233226,54810.35960876398,58881.23754345774,68567.36156883228,59698.15575558899
"Águas Lindas de Goiás (GO)",75604.30637494553,72810.06029330494,132215.8775989392,206914.98664041917,206803.38235101636,213428.45582006685,237363.90353509455,238015.5832854478
"Águas Mornas (SC)",93573.79032071278,79278.85298061528,88649.0109097377,73184.35953955824,72690.63629071855,83850.80320566481,68659.82814040144,42539.118066741314
"Águas Vermelhas (MG)",334633.236754777,234965.37730974564,382056.04385963856,294005.216241219,287262.2635472347,349318.443318381,290902.505811616,497348.0005510632
"Agudo (RS)",223689.66363701774,230207.4671523117,246192.03378130548,216747.9162684844,404464.0312681158,218275.69249183292,196028.00809422604,320786.3011313637
"Agudos (SP)",480990.35587063903,252529.95585097861,302090.2359175589,209691.2746752585,199201.86339387335,215440.90975791076,195349.32323293126,180893.31335883515
"Agudos do Sul (PR)",65318.87453656451,33576.70932555626,57148.80673951858,65887.51957480857,67086.78132257986,89430.42742221014,63306.31920580554,44608.08847943678
"Águia Branca (ES)",65980.12347911576,59194.92868602724,81869.87358563344,76031.94427246522,88956.59882377858,87933.01533953476,95759.79507474092,59980.46188619985
"Aguiar (PB)",23343.466692077338,24860.17664871663,50563.586937936656,52803.11857729123,58347.82510402551,54507.606623708365,70244.19398407654,38716.47728256853
"Aguiarnópolis (TO)",78363.65269474802,89988.75258713595,112095.15723012367,124709.55607829103,157336.33099440503,142096.0785144618,179502.15082367978,192057.67164881315
"Aimorés (MG)",590969.568008869,248203.7514961605,399816.61328013084,224294.4447213102,290996.8982105119,278822.6793941645,264806.69346288283,416565.55263170006
"Aiquara (BA)",102820.96390568426,56056.60536856629,74203.90768347267,71320.32159148915,85089.30503405276,89755.86472901328,58060.36763076113,57817.71481564219
"Aiuaba (CE)",237340.24534341044,265610.200589572,142879.4040239529,204092.64098461648,154766.1069645019,212155.7128045653,219970.67328849022,165536.3342710558
"Aiuruoca (MG)",108580.51270250346,98424.4081086996,110124.62580126165,111718.71225535279,103737.5726187888,106357.06365176405,94209.33539731723,95150.3743356156
"Ajuricaba (RS)",81445.38442230104,58365.41227487179,65540.91946022582,79036.25887727503,104739.47484518956,86788.10037690584,81216.04735107899,85782.39820088526
"Alagoa (MG)",38744.05417224654,30327.40164250053,34404.048329166326,30843.615699085858,25412.332747424825,31862.824065130524,25683.49431965465,22075.377597279075
"Alagoa Grande (PB)",280898.6049627545,58094.131501949414,64841.24526219937,94721.48242711803,90024.230626243,83482.91196217532,98761.99139765117,101564.7938094454
"Alagoa Nova (PB)",104553.50772413613,23959.635685696252,36338.25109914085,40301.9030965083,34918.20882573122,34471.04710696079,38234.456926184226,47512.403074377886
"Alagoinha (PB)",81914.83865817124,29201.73392655792,29358.9478587723,32259.650229685267,33942.76145579148,29792.73113696794,30072.943952649086,34086.89846119229
"Alagoinha (PE)",22640.855098575445,13795.873629258098,53826.42696831539,43269.56881802657,54033.3574630697,57768.90790093728,60769.66860587159,60562.723829863775
"Alagoinha do Piauí (PI)",52694.129043095716,58137.15510332815,34164.43680880193,42591.90431519321,44994.77729043083,49498.996744288765,58807.61099276072,49883.42247138403
"Alagoinhas (BA)",257407.6065910548,384626.02946303604,273698.8291963862,334393.8125743591,403173.80663713586,352417.9272753257,337112.4730674273,401308.0304964892
"Alambari (SP)",54576.821455881036,39384.4576482841,53819.50288657947,60125.181635352776,67036.4394041755,83346.7471974464,78828.98838951963,66129.99962413765
"Albertina (MG)",11760.321841809591,21307.433813966192,14295.488683950716,13721.478657101532,11525.416013356207,13051.17431422784,14365.438675843807,8657.761083352296
"Alcântara (MA)",31840.464514980962,113853.04983736775,54298.92618629722,47602.09683125119,92415.98545200206,263221.0325380018,139336.86723681813,64773.22285824027
"Alcântaras (CE)",6795.378571192406,23848.04700450889,14573.307524896978,17503.252812460978,17666.308092920775,17763.895280796354,17552.31807038419,20462.888501475925
"Alcantil (PB)",38867.411631780444,37223.32131193379,30581.61696860547,49999.516327365876,44241.61230567055,35882.30494968237,56072.68329125172,42757.048280754505
"Alcinópolis (MS)",2672753.015614554,1757310.393073615,1021337.2078360178,1240479.1508960875,965229.0145157987,882378.9742913635,977529.2020094631,820829.0137914418
"Alcobaça (BA)",2041006.6796274616,585116.8229282807,203683.40653255142,218758.20630631683,287714.4922353121,237875.69817541924,390448.4033403828,231005.62698606114
"Aldeias Altas (MA)",59641.66184927029,89749.06572662228,234915.8002964196,790367.5585328207,2084893.788719419,2211927.3264547884,1555394.5269740534,1437568.693178674
"Alecrim (RS)",82912.74247813014,86205.79069033412,86509.51751455142,98831.40216956493,91461.0698317172,117938.10908824882,104562.23049797802,100409.17438483772
"Alegre (ES)",213853.6533364767,248543.10611759307,225986.3535238802,222549.50809221776,231494.0645539555,232839.7342971392,213568.90921453957,202010.04111805468
"Alegrete (RS)",3039625.214476202,2549614.320586582,2886889.96087523,3021878.373235565,3024083.106214951,2871665.5904936306,2831934.7461568904,2940004.3403912303
"Alegrete do Piauí (PI)",28254.716980775862,34642.26156745661,22017.785700865723,21106.85087129026,19650.334767313878,19728.8999814607,25056.438232211905,22859.88603948009
"Alegria (RS)",34061.13946873559,29643.18051844237,35504.39955610395,45478.648211207335,39709.640623687534,52311.75258020033,48999.99243245736,44386.29855063113
"Além Paraíba (MG)",141528.45970458348,132465.46280081835,167730.22260071838,128146.17749632674,127309.53708939646,128073.45122552947,124822.20530249352,117413.19076022705
"Alenquer (PA)",12755635.866522184,568152.3882484952,1780907.6853879618,3511463.417782022,3471502.862703399,4427355.590687712,5538947.668498097,3763312.199505806
"Alexandria (RN)",46714.93336945451,32778.04094488431,41756.0454333001,45176.98096189813,50574.215354465414,55104.57601366844,71502.47725861824,65501.170431956554
"Alexânia (GO)",305900.48742041783,205215.82981273645,230324.1473586607,242856.38667205547,252562.680296056,250241.05662440695,275020.7296488348,242467.1296164938
"Alfenas (MG)",207307.4554017016,288146.27645837644,289750.6146615671,258295.03275201947,263219.7122631046,250861.7855991151,233256.32910555514,232162.84568840687
"Alfredo Chaves (ES)",187177.6987389781,300421.47793698456,138891.04448661994,160777.5748619046,120823.72078010734,206874.2414479996,132494.79316084235,80577.67649550426
"Alfredo Marcondes (SP)",39960.240990188024,41246.666066564874,50478.36044792376,50751.90438281263,50552.298314982596,46322.32393798204,57494.60554930213,56964.54323432751
"Alfredo Vasconcelos (MG)",25837.242103108518,27314.88341156132,25759.772254223964,33539.396301470486,29386.083331584072,26867.435082676464,26955.926297426668,23888.42290522377
"Alfredo Wagner (SC)",213599.2595543021,198051.5138971262,265216.1365935958,210406.47466781523,180737.27295548527,233634.74693961735,204368.35417154,121680.65729951166
"Algodão de Jandaíra (PB)",40922.312350802415,33804.29478863472,14756.621979769676,24340.996544309528,14946.638903178005,12549.098993681557,18028.482165760688,23900.03085876407
"Alhandra (PB)",59418.65257879742,19710.10617215761,40603.948567896165,1547197.3506036496,2004730.7492309306,1454983.2931570595,1805034.8469909588,1798818.169589257
"Aliança (PE)",61966.44204592055,28629.485372707324,53411.70526863884,80005.49478949791,68646.89266494096,64182.7145024441,72724.27475033059,67441.61447955864
"Aliança do Tocantins (TO)",654917.1114321541,376300.87557138444,312617.96907326026,306658.1299318098,325158.55543964065,393921.35881128337,519202.0317667711,450921.8692979836
"Almadina (BA)",71779.58760162405,89609.93501506852,61543.55317142019,63964.43328485321,94642.85626526248,71456.61798582735,61384.68387550159,81776.22719803295
"Almas (TO)",540275.9173416035,632804.6905732219,342188.4835511293,597457.2869017612,623482.9127757023,564448.7602112395,976389.3004305913,1018349.0767484257
"Almeirim (PA)",2578605.5309520704,3384227.5798799936,2175683.5784712513,2406154.9076195657,2226044.672710688,3407279.9722681646,2886224.759349064,4033123.950936805
"Almenara (MG)",761524.263568501,461018.8085430774,463791.33782222646,531323.2823281192,523837.68481777655,535075.9191142416,483096.81045901874,905007.2823534135
"Almino Afonso (RN)",21798.358205674896,10694.784964956005,17330.480414715657,23049.272627573362,20061.26663325002,19334.481131560344,19449.022232345418,20071.678877878796
"Almirante Tamandaré (PR)",136875.14636085992,79034.51656933199,158258.57398917188,191340.94666081778,199131.55393856706,177960.39400932324,203569.73164773927,160680.4602501958
"Almirante Tamandaré do Sul (RS)",37232.85730201591,17595.132962656317,37538.718117370794,45318.95265944641,55358.2636712795,40443.299903905725,38618.770226568755,42748.28152534751
"Aloândia (GO)",50840.26711548671,37887.40333685803,43477.92967810917,47564.07473362194,50338.75382371162,57037.4527342369,48100.99640222305,40675.01105307924
"Alpercata (MG)",69180.437613544,37471.02956399005,53485.65594322247,47431.76505902025,45589.18976852746,45762.69421421319,43867.474665483925,43882.37382763048
"Alpestre (RS)",143112.17141597404,121185.12069983908,115881.29967073386,141243.76275542757,146883.4241768608,133931.91472675666,136726.18502668425,103297.7081104392
"Alpinópolis (MG)",171274.32060484946,152511.44640361881,121911.22959583296,129018.57022056995,116680.41549465101,132611.60417086075,145516.570234097,149257.005404546
"Alta Floresta (MT)",8642216.135990867,8315027.435584712,2552264.8357763123,3545417.849942058,3337588.9187447703,3285649.9022785453,4066854.9405053756,2327032.2679646434
"Alta Floresta D'Oeste (RO)",2000290.2989349263,5988842.759471811,1499453.875705486,4274407.406443756,4766997.715970853,3780751.6299568773,4952029.097371966,2917042.7160906284
"Altair (SP)",48211.448160393295,54918.45770357369,128681.26017083519,176875.4356546803,185773.2979094479,213167.2077522839,237408.85731651747,214856.92615675332
"Altamira (PA)",4529583.649162679,9293272.801897315,14119890.269244097,58761455.052708305,64504686.38721746,46183789.944917016,26020469.7995098,15460233.05375304
"Altamira do Maranhão (MA)",96724.54115610544,314347.878297628,470309.55914815725,379587.2543176885,357432.7986135441,882311.5970055116,373155.7521263752,159573.59788893996
"Altamira do Paraná (PR)",169996.0340935251,309611.1528591417,169853.633039928,163748.39009441383,176172.39493616094,150692.92002093117,165867.8007613995,160969.8299702232
"Altaneira (CE)",5807.744094908252,13251.468244719617,13262.290199378476,21154.372694532703,22440.542998059274,27834.9687512414,21636.426109933986,31247.219269115798
"Alterosa (MG)",64630.49567017084,88909.71412555988,108668.92637043742,90857.7130499697,93046.79105394748,96862.83578188391,92092.49389719925,102857.10866277287
"Altinho (PE)",109150.56308060185,55141.4363275871,70482.75990080292,69667.48094219097,91050.47625066731,92160.74590792069,98396.46717819943,117934.98287080695
"Altinópolis (SP)",513896.17787347786,355499.84956087975,189929.17991032396,222977.3026839162,190510.0802037143,193343.27209298752,181462.33478693897,198161.29806389145
"Alto Alegre (RR)",1692918.2481274006,2002707.7149924384,958212.012145844,2183094.8557333783,1619815.971362528,1551875.1153768823,1858088.3361882395,2425375.567886886
"Alto Alegre (RS)",22529.709281763495,16783.380757614046,19669.198520080176,20587.61742420401,36799.39805965701,18051.303986590883,19030.62883113184,19839.903827471036
"Alto Alegre (SP)",79190.94407828244,91438.58885518782,76745.45830612446,104755.03952932476,89058.4472814852,81071.57080423171,88692.00395499764,78066.6820185029
"Alto Alegre do Maranhão (MA)",142298.12373805666,158305.587819439,121255.49226594192,229642.37179042766,254796.94562214162,271651.6234747327,324275.9436086964,252053.22299988975
"Alto Alegre do Pindaré (MA)",1489971.0393133403,884433.2782878159,1264280.0593452042,742945.1824990544,635212.8533889785,1764264.2752765527,1259659.3048674306,716248.1184334115
"Alto Alegre dos Parecis (RO)",821252.423917514,3732419.451583309,681653.0746674059,1894462.3051856728,2490349.6487835064,1541108.4315852514,2214435.7993511595,1189345.3024773684
"Alto Araguaia (MT)",1897915.2172105245,1381014.0828397574,691365.2882533469,887529.4862162147,747193.1249770531,679855.5788620978,714292.7324805722,682769.1681945488
"Alto Bela Vista (SC)",16056.402921029709,28376.255288527762,37818.79807058618,54083.93288172591,58425.038384333195,50314.32326488934,49836.18370181904,39302.22427054166
"Alto Boa Vista (MT)",232250.1086250946,1509596.8617064017,712532.3201581587,835256.3788037219,1031930.8983576477,861526.2995042829,1670217.8479455258,1012330.7446425876
"Alto Caparaó (MG)",21774.93632626758,12348.642315201918,22171.242551278716,27816.149804352957,14234.621515877663,16788.86768060957,17195.75510633438,20129.281975495578
"Alto do Rodrigues (RN)",12434.95189140429,33388.17795478765,725929.480937619,365115.87162389414,373460.4540474524,543038.5405435935,189635.00195780402,50985.600856582554
"Alto Feliz (RS)",13494.135748226616,42992.37320648265,39384.102399670184,29415.329775511684,42278.158791759495,51721.96105480856,33359.55963563677,150475.28059792175
"Alto Garças (MT)",826030.3056051935,914409.7970143429,461154.7091701328,645610.9642011061,658977.1106839909,634642.4168308529,687144.585828788,613504.769501557
"Alto Horizonte (GO)",62943.41977350033,121814.69408488178,215934.2189377968,233637.4102786713,250211.564167611,269475.73525791225,274940.52096725994,241841.5804454095
"Alto Jequitibá (MG)",46731.40801905051,29989.944184351436,35164.44544459264,51249.70370397363,30929.666952682164,31865.42686028971,30120.491897370695,28877.59689506205
"Alto Longá (PI)",223777.7464267631,111053.24346244392,180906.54468853748,160396.27739469646,126651.24846841018,142634.64798501323,216651.75930292442,290217.13519586495
"Alto Paraguai (MT)",624239.7406130894,469062.74847308407,273645.4985320554,332475.87355554063,319271.031470228,556411.9995094748,577080.5106998852,444720.9908963483
"Alto Paraíso (PR)",52943.06681248027,247843.35240885697,224441.09165617413,314776.80529573833,296931.39563059085,218636.14107569327,257594.17230107443,224670.1829988151
"Alto Paraíso (RO)",1005907.6173558601,3138028.8448053743,1592330.1296691156,4212764.478652758,3697626.2974336757,3027028.6680791928,2981890.7614346365,1398156.822138873
"Alto Paraíso de Goiás (GO)",345339.4238424184,318157.79785475746,215971.90952328025,252452.10894739404,169412.70239761425,172670.33473401674,166108.1110923014,198261.91463747865
"Alto Paraná (PR)",140049.29155792514,120948.6205267207,119023.89031932766,123524.10949491426,134927.761689546,130992.73322678353,132600.18710975844,134393.2225800349
"Alto Parnaíba (MA)",170164.731721631,289125.9423109724,960315.8428298369,1153020.850395601,1127960.616108241,1742098.6039571955,5032004.545994445,1287229.9003282345
"Alto Piquiri (PR)",217565.5840640097,125218.32593976468,90420.45906846483,78508.15109755332,85421.84966489667,74543.94303670926,100750.02678192439,80903.36876256616
"Alto Rio Doce (MG)",96186.95460605026,96204.1312542564,64786.43400603119,81196.88195021127,92701.8727556049,118995.18269728313,101577.92390913311,119550.79738846525
"Alto Rio Novo (ES)",74674.55752665187,63407.10265896257,47083.57274083919,53681.469202881824,55242.25316200662,61955.428846713614,56544.44792739936,41549.22468687154
"Alto Santo (CE)",153190.02104829368,141088.96236293338,180642.70386481646,153606.72357423118,145329.74483404358,150190.001722943,165612.68151818047,143055.64670584907
"Alto Taquari (MT)",439217.44107170065,232903.4585289229,248395.55952237113,570921.0757445948,647097.1884764655,643885.0355933551,539518.1481711152,514564.3379642834
"Altônia (PR)",155837.01969820715,169812.5797403866,167244.537526093,183220.53428998962,187944.3909691738,175291.254273293,191214.79046426536,176534.51035563403
"Altos (PI)",153123.1668186087,131078.55869180875,106843.54914468066,176791.947943681,179903.0230077092,269302.2003017518,209788.2977102926,234384.27310241264
"Alumínio (SP)",824536.4299184817,765302.5416841512,1200353.173946067,749167.3443499841,830363.9044219746,836138.9319899543,804104.0214426928,871730.1166348242
"Alvarães (AM)",61337.43699017616,133916.1322068087,159285.47342196942,494226.6946758964,796326.4308229929,239961.68382566268,737488.2856994569,691538.2042883585
"Alvarenga (MG)",86526.0021587244,42789.87216771709,69436.57445917616,58616.32068716017,55800.51431203826,78399.09673525211,64234.559706561704,115299.1319525263
"Álvares Florence (SP)",119132.86308267734,89683.47263332496,108279.62715391975,130724.78175478833,136047.5900546395,131598.87422704892,121707.94324603515,112972.83022397499
"Álvares Machado (SP)",110911.62982617802,87164.42623123464,140974.4022665879,150419.94912427224,150221.43541322058,152752.2930780575,161960.84399055154,151250.81980669554
"Álvaro de Carvalho (SP)",53627.65681831476,41939.40588837716,60881.38785974215,48317.62079808492,37652.113811714014,42971.41638132816,42569.710807481395,34019.40493774952
"Alvinlândia (SP)",21586.397285829917,21551.434537762358,24901.037320988802,17343.01005761477,17338.725322526127,19458.589621233186,18945.320023402863,15686.838047615112
"Alvinópolis (MG)",258650.2514541471,146274.20147561483,104729.52500637251,100803.34471615189,113865.17988367245,137586.88852936495,117503.1118805719,124618.60963598949
"Alvorada (RS)",26211.8255499972,31817.598364894355,145709.8956142367,145992.01725561902,148982.52305922844,149951.81949287606,155281.9340443448,168874.2694158351
"Alvorada (TO)",559207.2836051536,275353.9979934097,276859.2428206263,307812.3757065804,431204.7545288126,435526.34920417017,463048.18617319287,481686.76181716664
"Alvorada de Minas (MG)",155590.46131394163,250673.2100535571,107285.61689814166,139293.49441354556,105718.23499622566,104699.47730533223,110823.97719872948,98686.87368595894
"Alvorada do Gurguéia (PI)",26211.888266034784,67139.00216852372,78223.39744695647,328515.2542026631,182417.40991523882,448237.9699439275,755751.1710618685,443969.8835318888
"Alvorada do Norte (GO)",257488.9271147544,165852.36820598782,251146.43915741102,271382.4166274183,231661.93967075305,308036.59094223275,320117.69073295133,328257.16390099144
"Alvorada do Sul (PR)",67546.4788265005,55183.10224211025,60669.9021594029,65310.939001229046,56740.67106456281,68349.72626656282,69869.69089346442,62448.603324724085
"Alvorada D'Oeste (RO)",1745795.764680057,5231339.92718803,690565.2172111958,893309.8266491388,991378.8308699877,952104.7883713036,1401662.903953797,852361.4125195339
"Amajari (RR)",404003.9704275589,1024249.6529797654,730917.2876977369,1395823.2415251324,2345134.6730465456,1417020.928167318,1946891.8221922917,3328494.0510360505
"Amambai (MS)",1663692.2590234268,1364339.6331646806,979651.0333210675,945896.5123740014,926770.9964790157,894715.9600943397,898542.570167757,848692.8945255891
"Amapá (AP)",132314.36189775495,127347.8293321889,122835.35174067866,112641.952104959,100039.87139550353,121201.87908974425,143934.00737737835,115905.24005696559
"Amapá do Maranhão (MA)",435455.518147033,2472664.231122214,336896.491010904,226076.88282612717,339774.4800471924,361592.3402951715,349927.202946359,133079.43021087252
"Amaporã (PR)",151874.19841997375,120009.39580074247,121244.71413470953,109487.32082813176,114770.65684637286,120216.71144246028,134494.9886107483,155490.72303997137
"Amaraji (PE)",77883.7980159725,37957.61991048681,42187.63400131593,57016.37228494659,61734.34158727184,56420.17061409812,55916.59408238626,49218.74253913522
"Amaral Ferrador (RS)",186019.63859827616,140209.48715058877,148892.6661311147,145562.97482865374,163823.45241332005,166297.41188455364,137326.25261390352,150962.39808788296
"Amaralina (GO)",237450.4102529648,385302.13700935023,314976.43105166854,369234.17047957494,369305.9068207913,427124.40176480997,436800.60809898115,450280.6907702528
"Amarante (PI)",53145.24449494188,79795.52391182246,63224.9162089919,111473.68156932431,79918.08603723801,110213.65896365183,164621.83213390672,155804.43115082307
"Amarante do Maranhão (MA)",792434.0856420248,1672683.150184248,2684825.555976374,2639401.6897857105,2007118.1042548628,1713554.3135922817,2065991.2002571966,1443738.9473927894
"Amargosa (BA)",248320.50310401613,146814.14416393466,116536.15092590191,140721.236191294,177167.36783877143,153941.90865926063,172674.61662377397,153687.18305775416
"Amaturá (AM)",8027.789182642584,16370.749945075917,14265.84761224352,43915.951789676896,26826.426334495543,27894.28937444564,205562.86070863655,9625.247674713377
"Amélia Rodrigues (BA)",52243.123741650554,37004.64756110988,98465.59674919148,111468.84076120802,91767.91576219982,100698.56532427376,98742.94202988739,124372.23606931024
"América Dourada (BA)",106156.12669290807,31377.693526713458,40297.993109623865,38037.44545964821,57047.869790954566,70882.20597866028,92259.1625578559,70146.78228487626
"Americana (SP)",54796.6913465409,95677.85262688945,406562.4015521096,440059.10481200024,465352.0771024557,467779.1561618268,459108.634215956,428341.36419834726
"Americano do Brasil (GO)",40006.12212461118,57147.75313000878,66920.23732436256,73660.29896179715,67225.8961214661,67798.47338419005,73894.4613911235,74523.572217698
"Américo Brasiliense (SP)",31687.764872278767,35478.49490308541,406089.45480893366,99062.93863823249,133609.91487353138,224846.21543822697,312321.41849600675,388891.7948045893
"Américo de Campos (SP)",81766.34162500068,69788.78119065976,74870.32729184059,62097.249434840516,66710.90019019596,65808.98923768707,73622.6703123276,76313.33216076161
"Ametista do Sul (RS)",8021.040328449287,25865.36124076823,33075.51300481389,45283.08800539835,50518.15169557495,43943.41123718912,44146.53583031426,50856.985524549105
"Amontada (CE)",142429.37212336776,461590.4965831743,196287.95995822328,169890.09256143047,215702.449623093,189003.59724787483,190236.40492184655,267555.15664243366
"Amorinópolis (GO)",128429.48488684754,129455.73052375246,135196.7408343125,155910.0908912437,152340.07193304587,147070.28077971208,147303.41405990164,169249.1154504091
"Amparo (PB)",7893.684069530161,13292.030001715655,14385.79847986016,19410.097900002762,18896.807705549767,18471.895633827175,22273.214931696137,38259.678565400856
"Amparo (SP)",80595.18409926601,132990.6555471927,230059.661755014,213015.9533603654,238653.9954590416,220579.84527345977,199435.13049032527,190373.7098392095
"Amparo de São Francisco (SE)",0.0,0.0,0.0,0.0,0.0,0.0,0.0,0.0
"Amparo do São Francisco (SE)",14636.67696157997,11969.730569610494,7764.407221118724,6780.204282084441,8217.48114760614,8187.4567501563615,8087.7556931667905,7925.452885973521
"Amparo do Serra (MG)",69812.95085786463,29570.632233195192,26237.181809059395,26660.29149935558,31638.88057316983,32512.613040059394,30289.598553531832,30364.10466241973
"Ampére (PR)",208929.83420056046,161204.99236548052,147336.23941445551,167327.97557957578,169992.19143316572,146074.07088643295,144835.76734328413,134794.70492524942
"Anadia (AL)",77007.54336099698,36548.62135215431,48718.89052084572,55317.699611369244,50206.093418084194,53174.868895407206,60340.246989993284,47614.484920723284
"Anagé (BA)",178069.8757927544,283003.14435785584,189288.3673169837,166925.6331186117,163425.74146227314,202082.58623615647,195765.83447576332,191440.90961491532
"Anahy (PR)",3966.208216969955,26826.580912034802,26505.56153837546,28354.551670857432,29469.35067441717,28922.737085800654,26827.302773857326,25451.805362448544
"Anajás (PA)",7975.059490022478,12253.288644383925,36230.88329955146,75230.97313483834,49789.35232462253,38420.74004920589,41557.19988182695,51161.386328517874
"Anajatuba (MA)",120562.8121593019,292385.95935202163,205952.0360188233,218431.76051431792,269624.9702660001,576873.5832452012,221634.41659872522,395136.2035097138
"Analândia (SP)",95395.92694337534,62547.469608966625,98250.42483367842,81853.28238230513,71382.90470521161,83923.41688118837,91432.13898809913,64966.90038285078
"Anamã (AM)",33393.967830163056,33228.90882091933,40178.74899069413,99918.89912495461,77399.46242480168,60932.65449282982,215823.5003671608,42139.606978124044
"Ananás (TO)",2397452.245786077,2602828.480396827,436246.99427762866,742500.3700679517,568267.7209729026,627633.8549993054,822505.1914941771,436650.62288275966
"Ananindeua (PA)",44606.2758855794,195892.4490307771,627914.2804330469,841126.0743376297,860233.3292228536,836235.6254055367,816725.225363402,829783.5554421039
"Anápolis (GO)",492112.82860347896,440281.40806189476,1093783.6995516175,907340.5640822693,973619.7780912819,959863.2479031206,954594.246220913,944788.981903467
"Anapu (PA)",690676.7500289654,2793866.8683398548,6339497.725023326,11731494.215636676,11854450.747779138,11033408.197668856,7403435.219791176,5161731.1057789335
"Anapurus (MA)",38965.90941228227,64703.835187904464,409567.52547037497,235266.85070903046,204177.62751231794,221628.2357682778,263315.994410516,403997.30030103144
"Anastácio (MS)",2132656.5601150957,1206790.8942420445,805308.1096493764,1103238.7903112776,1131971.2575337875,764027.2627313513,1127160.8682477684,865774.9741904269
"Anaurilândia (MS)",1829354.922550843,883070.5661270958,718654.7209449813,671911.9782111119,587195.9775321444,604942.690910169,663137.8089790733,587653.6997994736
"Anchieta (ES)",296478.8205678276,276048.29471605114,525076.6681606168,172958.68049054896,156635.17828615644,221778.5592096336,163047.48880267388,138781.9251413815
"Anchieta (SC)",240216.03457949145,124791.72238767102,145416.59638901075,107571.23242910011,111538.47870068991,117426.3226697089,104269.6647760452,98076.79868110965
"Andaraí (BA)",225858.5839412249,175617.32474373138,213015.9360405115,103064.79028342816,128828.0856541596,128421.93289929158,137741.03062416273,144379.43941714065
"Andirá (PR)",38919.03151698056,57463.688137122444,70872.47923567522,77360.19273707007,82403.95123893426,82716.79381103927,80732.44348689933,94949.70553938701
"Andorinha (BA)",194106.91352586143,139634.7746196883,116690.30802907555,123825.70390792638,129294.96335444065,146605.52123378255,156020.06535501304,157088.64022311734
"Andradas (MG)",130571.92028696275,152327.09173114132,129467.99476084902,123494.67947203852,126258.05523156651,117937.85239860862,119791.1916842919,105672.71328037712
"Andradina (SP)",288160.4067709717,281709.2232389703,479831.6772970025,490676.2424513225,492021.20227345655,467999.13493771205,439699.18295673735,415360.24078618316
"André da Rocha (RS)",68849.96006537673,193583.29216405045,88657.31713398534,79292.85302525215,96017.36404881533,80925.95484429503,99256.58940204828,110472.60208966355
"Andrelândia (MG)",228001.95880010704,117169.90142152627,162755.22253637176,147727.59819406585,132453.79110498689,170837.926775097,177251.77247015873,252464.28021100594
"Angatuba (SP)",409961.89571453875,288013.845306551,292754.38390101073,226460.89055733648,203527.71238658926,188709.16677678155,271916.0733348751,271652.21331937215
"Angelândia (MG)",131185.494863791,100280.47938539293,58367.05824683924,68052.068209062,69808.55471279193,48020.409932292605,52553.28316324819,56632.45768872208
"Angélica (MS)",470302.25762743375,380726.16571357095,349827.3468306319,357538.52716953924,390578.92417823663,365805.10606494406,332473.2349543703,288643.7086186536
"Angelim (PE)",37940.71459515267,20741.867605195417,23298.974513923815,38310.2648988714,53349.6308805172,49317.393218588084,51728.54568067107,48117.301212743936
"Angelina (SC)",118768.65050027694,120623.9294677119,193815.34482351792,94700.6540688778,89756.16939448073,105326.76998738626,103122.2066911234,51573.31139069669
"Angical (BA)",256226.54347742858,248803.82513432018,274235.5735623445,381816.8153468781,490202.41522147506,439498.2604335989,590261.0660002414,458548.64642673265
"Angical do Piauí (PI)",17959.150789523603,21498.450447914933,21821.530052164275,38998.68484155222,34965.189106682454,51949.965092285755,82767.02025937608,77448.80558038918
"Angico (TO)",137202.5070456877,135464.5829531341,113853.99067737817,89296.00424103148,101994.05740191007,142820.57523299672,188204.47919503477,153540.6090218467
"Angicos (RN)",86463.22253842308,84282.02918180964,66242.22479656101,158674.67461123943,141220.6334090843,105791.00203941227,124288.10873760474,115783.09600411223
"Angra dos Reis (RJ)",106186.62156704057,133942.3057427447,294173.1661711089,271159.4573976467,287944.10526668874,304584.486815103,296710.8770893651,397673.16748921265
"Anguera (BA)",139144.13197956473,38678.08822095724,45598.66385531637,30907.719455925442,40246.21964021895,45682.737505068195,59883.835032731375,51352.63100859716
"Ângulo (PR)",5831.291784118848,30260.34154232309,36332.381005856725,40386.89642893982,37861.1161992121,39322.66299458405,40561.76653949073,34697.27009506233
"Anhanguera (GO)",21847.24857455664,20651.05735083272,19761.664846536485,12954.530986399614,11805.769444748541,11673.217105622944,12476.283611963005,12425.198698786899
"Anhembi (SP)",131135.65832739248,157283.125667663,138897.7134633808,125234.8268278026,126387.85994575093,125000.15248565335,125465.4374021435,119795.42121733013
"Anhumas (SP)",117252.51670378062,85629.16345346188,101666.85659283053,80964.63127673363,76180.90919580849,73651.91558137174,76454.68479325282,74028.92732979618
"Anicuns (GO)",362126.4206684799,340035.7605792297,362742.96119378624,433283.810741444,425931.95382912445,421479.42441121937,418907.5442770298,398269.0675494422
"Anísio de Abreu (PI)",58352.5726837594,34874.63971686762,25829.610444421858,31004.650902835438,36801.3616934534,54743.267170107174,34746.24365743051,40114.699245188116
"Anita Garibaldi (SC)",334501.13683636027,266819.56600181013,218753.78525284308,177668.88939966133,148983.14865797822,201072.75761948322,173103.52786944533,118633.62358360639
"Anitápolis (SC)",172957.14535065283,123929.70093974975,179171.78500752224,109707.02042309727,53976.0514536121,116927.45486948019,93535.40860999389,41083.42195608302
"Anori (AM)",18380.988715352454,18508.30989668332,41700.562886345135,43624.83842419,66132.61470533337,69830.74662778011,57952.74562783785,40043.47971536672
"Anta Gorda (RS)",89539.2182325048,112157.54142434902,113864.0479127183,93476.47547536,147319.83828106817,104324.58084690676,111391.7891590629,313722.5153252194
"Antas (BA)",70184.39891116713,57804.490320522505,69978.99099757092,52428.443964937236,67547.17905215533,83425.1348600516,91900.0311101261,89252.74736149302
"Antonina (PR)",84405.29508313004,60653.07489677454,131686.37984687032,287405.22519848257,349794.2077823614,449222.60085820453,421888.79086969944,368935.0266779529
"Antonina do Norte (CE)",57203.611239813996,67404.0177062125,30984.991574987776,36040.038132482725,32944.35908060633,45880.60600607789,50692.661253357575,36370.53449811701
"Antônio Almeida (PI)",36063.699537309745,30481.296687708455,194274.2940038967,94112.52961938755,107962.43070944796,265070.7825365961,145026.7684413926,55490.60738558999
"Antônio Cardoso (BA)",153454.89107492796,46981.261605504835,131451.15081460105,74442.31463182792,95006.73177163486,82620.532374799,99582.4091188957,112131.81971501585
"Antônio Carlos (MG)",96060.67419385989,120899.95371355141,71538.27638709311,98236.37768458383,88998.31792659078,97552.86611430488,97527.64254457159,80616.89748200601
"Antônio Carlos (SC)",90437.0739801939,52693.18717213223,93338.42581263836,116931.53220338954,135806.70179220877,130570.22807332106,122206.40157691705,112580.97007965166
"Antônio Dias (MG)",686006.2582010739,313535.2163789416,167839.50582542788,169252.1170737252,165385.69994409155,220204.46562453976,180731.14385571604,494901.5339577117
"Antônio Gonçalves (BA)",55444.62526209136,51941.36169444062,31607.681500272894,24409.93413758976,27725.55466497645,33489.3744051456,50785.93159654661,62042.53558858997
"Antônio João (MS)",684155.728114557,400363.8119090323,274660.9354709787,264161.814254406,234099.80009861797,195134.25305690922,187015.86204273673,176128.7542968062
"Antônio Martins (RN)",28899.439656106668,14163.180458731156,17903.9236513038,23412.674215668845,25348.108049919174,30759.142347371286,41792.75575746739,34919.56999686884
"Antônio Olinto (PR)",153424.8636714671,194983.5770093613,129432.86611420638,103506.17425430813,184040.6042691437,129782.16418345725,96987.11026613961,28782.72821782244
"Antônio Prado (RS)",138866.14394118407,125125.58847712776,137693.25312089836,104302.24447360521,139051.41036904702,102102.77672217853,97205.7272816788,312236.7599386637
"Antônio Prado de Minas (MG)",26891.1469026386,17209.981581401436,18938.397247911933,19237.313634465427,19961.63566210752,19750.27893857458,19637.754249051268,15895.604211874324
"Aparecida (PB)",11753.433668636957,14808.282148654165,35871.6593467462,54751.17947501764,59608.48363007842,69502.05159857942,67867.62145662738,65151.1369213159
"Aparecida (SP)",42173.495437175254,11162.239554733362,127253.43103589331,110368.43837349412,112625.65971766268,113425.42150201782,129187.51993774473,127823.27623576255
"Aparecida de Goiânia (GO)",115572.84959887019,138692.44026456022,644279.6953773557,863639.0297779182,965065.0214175303,829866.7523577558,886067.6741939184,932604.7296742953
"Aparecida do Rio Doce (GO)",216597.3555231834,173751.9447180133,171511.08348310975,165195.3303969461,177161.5566709152,183718.5294087135,166359.98030288413,181055.5796670974
"Aparecida do Rio Negro (TO)",192642.93420511315,304620.28953112476,309899.65204760956,304547.3137205347,188781.39038756522,230020.86402229464,399202.6952786223,375519.870883659
"Aparecida do Taboado (MS)",1123848.0548300608,661464.4665212801,620918.5998980171,544413.5368906448,522325.6606813495,565170.3806371595,566366.8557865777,551552.8325915715
"Aparecida d'Oeste (SP)",54963.75786350276,46387.5826206619,49515.77602225596,61231.73901285524,61415.06781655887,56853.0098765592,58015.6172260763,50814.36030769037
"Aperibé (RJ)",8309.94019043945,38306.26488854316,41875.9662821152,41471.10628046369,42298.97574916516,49120.91731505654,42760.656156850244,53602.010389658295
"Apiacá (ES)",73206.1619368793,61922.17892342608,58359.01043272731,51538.92377470491,50076.50862522553,51341.27173364036,55360.76112712859,46775.806198554004
"Apiacás (MT)",1029794.0025813706,3173327.5968096037,2369149.2407380147,5961865.282514273,6207687.84630038,6795441.802175489,3708615.767617755,2471552.370522738
"Apiaí (SP)",598334.0003972191,119092.46517921244,177644.341194968,2036844.3674672614,1505285.4078270516,821048.648805778,1433326.631721114,770980.330531567
"Apicum-Açu (MA)",14261.017661305325,59487.08384313963,34539.11438456244,37480.187035515984,47037.28316145569,65531.23916289608,45982.99804252266,28796.516062678682
"Apiúna (SC)",150049.745457054,73699.77941852457,238447.75833211094,85473.85009607495,67718.56946568556,89689.31900919619,98008.19008931902,92631.41790427329
"Apodi (RN)",221634.11408945176,141724.2407595608,113623.70377819426,229072.8232810009,227883.82755476522,240993.45625061967,216520.4428241215,197310.3173143031
"Aporá (BA)",233348.3350721178,100164.63388301247,81996.55519721252,107840.51570526675,131520.13120346685,132424.40057883505,121788.01274286021,105272.99354765717
"Aporé (GO)",1568266.9573764715,618009.2934314952,545819.1827083946,556557.5115411339,574354.2557778849,571984.527930147,557862.6672598176,554235.7536157542
"Apuarema (BA)",121576.92341283185,51838.14410195304,42234.42684163116,28252.782789534314,55181.60662132185,36816.18392650303,40950.781696656304,34354.79907271458
"Apucarana (PR)",165203.04245013645,160233.0621021946,222195.30184441776,219427.30722853862,236166.31231518934,244555.91522344152,244444.6329968149,232214.49907505125
"Apuí (AM)",958101.5402250311,1933379.9206809006,4012656.072956685,19144978.30718221,29122037.62513234,39786790.27893935,14812014.158356026,9715842.267379707
"Apuiarés (CE)",50339.43267667916,45209.9390269207,50112.78795782115,51516.94301229708,57954.8196014639,58689.62839657976,66546.85193027799,60138.489179257085
"Aquidabã (SE)",147311.22673463577,73461.16335780155,108134.21760222195,91499.02776433864,105959.35556464088,114755.89216042309,105200.65176503824,117390.376390197
"Aquidauana (MS)",5485545.444666002,3101511.355130671,3037859.181328293,3278429.9039985454,5368670.360483564,3644137.6921445774,4081122.8112602723,2980533.6011781762
"Aquiraz (CE)",50521.10248594728,259752.71389582532,210040.7999135132,300185.47231498384,338627.17467215384,308049.65393519704,330060.92879233166,295645.32021234237
"Arabutã (SC)",37009.054965436786,53993.29820140592,81434.671364524,92253.13617672813,108714.82864601527,104381.75434052615,96842.44007431256,79458.53610884924
"Araçagi (PB)",101289.96985123116,61750.102963531695,55588.97541352017,55121.97309269085,57759.66781406173,56096.72951741173,56626.23643726237,59951.23237126668
"Araçaí (MG)",34578.07992091923,37934.600998729664,28988.853591332074,28022.98650038074,26235.110231788753,41415.26572826319,24290.631432590653,34980.23046255155
"Aracaju (SE)",104971.5425980012,151243.38490488144,779039.1686564713,2480761.628606727,2033244.3752992942,1521509.1438063092,1550103.9628735748,1630461.1353190974
"Araçariguama (SP)",8168.977798373001,40833.61180743084,68134.38707431655,94736.72353626501,130488.36427318597,123824.16912453427,128235.59215811975,122957.4683477783
"Araçás (BA)",397186.4943854068,200692.2528447508,66793.05759109028,154351.20733734145,135705.18161465033,96077.26557711061,108354.11773138886,169795.73740260457
"Aracati (CE)",147192.4645335693,111190.00726719658,166379.81411342014,176827.585909349,186816.8841415142,171978.77405661522,199158.6951038901,239710.9926645282
"Aracatu (BA)",212478.22327096047,145019.26283878597,151622.28147629736,170627.33020710878,145901.09592623753,181865.773984134,178201.2110203485,159933.29286612303
"Araçatuba (SP)",589779.6899798507,361762.63887501985,695526.8574490935,654499.4282130204,659900.3432283341,661687.5920420598,652697.0189738272,625633.8305019577
"Araci (BA)",275722.49814180686,178262.17854682807,135423.53667540883,158799.07829551233,183029.92708442567,180365.78230440413,195307.52813348896,208957.8297918834
"Aracitaba (MG)",18816.507926727496,16246.710961962688,15143.506930196978,17333.69231429585,22310.77215297177,24782.20900567808,16897.56854453063,22014.880287401284
"Aracoiaba (CE)",45308.96963908152,80858.52618673441,67559.71280502634,76553.43131047976,101731.2970615609,80031.39574651545,134093.3839189854,119026.80108093329
"Araçoiaba (PE)",33954.21413417961,8293.936008964187,17705.854971663095,18413.960264078105,14422.170472225589,16873.9429617121,20462.180770877825,18574.86772964643
"Araçoiaba da Serra (SP)",50837.0101200551,47533.21044582811,75840.7072882164,82318.59401113182,83516.23204036104,76077.88046754758,77008.62890874334,69266.0959511652
"Aracruz (ES)",606002.0412433749,455216.10723138903,678338.0594875336,681257.8245538702,687755.2343565766,869522.2616621661,879547.9813582646,582606.078542575
"Araçu (GO)",59590.8627459951,54160.486138830325,56346.38115893851,56713.95698555385,53302.73370145837,48950.11985664335,54223.17749615887,53979.278733974825
"Araçuaí (MG)",591753.5730803887,264013.9815190573,257576.04406175824,312540.7192742577,356511.4207707814,493364.91493254644,343367.98879959714,493734.50136095623
"Aragarças (GO)",197520.2034349999,195538.95625776087,110694.60662470605,154854.62717568877,170604.24087265247,153772.22471751622,161205.276625072,143993.2524393718
"Aragoiânia (GO)",94832.33700680196,76452.57465313535,54678.827469082404,77176.30450407956,79860.2817267982,81940.59959457703,84076.48219705645,82549.61574347602
"Aragominas (TO)",873321.1206592112,1580180.1110024273,615046.4726125131,397514.5230098043,435314.06645068416,755221.296384856,669637.5118752877,315951.1621673113
"Araguacema (TO)",451493.70964910946,546275.4403103901,440633.80309278757,791263.191224689,801637.265921785,658444.9209571083,892509.9268986408,507561.3244373166
"Araguaçu (TO)",2091221.64890838,1562391.4007013817,1153627.3474722283,1134000.2300593161,1146364.931644311,1300105.7586198752,1407493.6536723753,1504210.9539472011
"Araguaiana (MT)",1594099.0711733438,1470952.9452579399,892529.061769502,862710.7443182266,982990.3403355309,853289.1019014687,1162302.1614326802,989659.0061058493
"Araguaína (TO)",4876576.636028925,3468680.2945960094,1203120.2293866172,1362117.5670073293,1478280.2893092819,1981660.5740179976,2165608.662949015,1561529.8370877346
"Araguainha (MT)",128506.47755071583,157836.04622700767,91523.52866020308,114096.56506007117,96769.11510073785,119720.68320063294,104230.39386855839,125285.92312820599
"Araguanã (MA)",942508.9893051325,1444559.8510019358,292102.3044655607,189041.37300184142,268466.2431576166,280287.9780274806,576435.3330158597,173700.13376981052
"Araguanã (TO)",620449.4617671527,758047.9056370761,282035.0603300148,221634.96344373593,218924.09648497807,358361.9148096829,406390.22052985,218995.2156302476
"Araguapaz (GO)",1017560.9892938002,573562.4713873045,567402.916561725,548984.5972288366,553080.5345273478,608876.483071859,679449.1107494191,661645.3450789755
"Araguari (MG)",934764.2081430691,772008.9666537131,888609.0047600771,731010.0249818851,757911.2128352737,763610.1734971415,780179.8891702627,780082.7599122882
"Araguatins (TO)",1394708.745774659,2972940.5398242925,1625300.6645036472,1863384.2196683094,1750017.0955799562,1416916.9731382264,2620396.497186862,1209759.1089999327
"Araioses (MA)",108544.68691453716,123542.80360933238,257419.12639319888,277814.71017550194,184024.69440948954,246987.22529011036,270270.6781029032,245161.77930158065
"Aral Moreira (MS)",959588.9863702112,1204218.39481474,256140.63326500036,283676.6372536902,276783.2482674506,269467.1195642976,263888.1237497915,232267.02690271247
"Aramari (BA)",141239.74125182838,118663.7641419026,45221.16209388637,53399.86606830185,47884.463745977955,44016.26544364472,52320.488607254214,61382.14502018102
"Arambaré (RS)",62638.85643409663,226691.37635153145,244024.69416094985,222217.27857449924,237472.0569232422,237065.25817416958,197038.65148872935,196458.0842462883
"Arame (MA)",204307.0812161649,1608856.6419227142,2625007.0260549313,4098236.6219017813,2890168.3675355692,3185411.507157723,2424274.6073237252,2586558.514868845
"Aramina (SP)",46552.17490911115,40111.349471341586,48623.319256595394,89490.37124891888,88697.30038301092,81623.8890174372,69693.39184455285,71419.74263500553
"Arandu (SP)",109314.35402860062,84169.72305771172,57786.09260170074,56680.565745565946,54638.3968175504,60842.40670491738,51441.585802063935,35807.62528242642
"Arantina (MG)",20175.748027112146,11082.994621372092,10132.000370871625,12471.778945566173,11819.388593780704,14014.925046841028,12843.648041248378,13387.73997794333
"Arapeí (SP)",31265.60295770605,24306.089276538845,21787.753300195756,23169.8754976441,18070.338945424588,22031.71325529331,22000.57636372809,21672.9739379635
"Arapiraca (AL)",101646.91274084595,109775.50548679892,322999.16253852047,351273.16433699126,356788.1032510643,377405.92947299086,391390.1261933133,400930.27645155095
"Arapoema (TO)",4235061.660333769,946518.7826222663,398369.32112012623,410123.7838212938,390920.0177222549,561969.3661237743,728181.1161650083,467916.46869103966
"Araponga (MG)",111495.95209636731,47998.63174834116,36157.84531676374,47195.89626826133,38734.17221512888,41830.35414975387,59750.83463402057,59413.79480242069
"Arapongas (PR)",86034.25802742645,110185.42775086159,232556.46923031154,247126.9726437453,255263.43196066518,255711.45349668871,266804.3866013279,272100.69059804454
"Araporã (MG)",32076.14488094265,73664.70195877632,271166.1922934683,163507.0074193977,181777.80663445068,162680.86776302586,158811.31147213996,174200.49153416982
"Arapoti (PR)",319696.4721215418,402982.71610049927,324895.03866281017,333842.25498877687,313231.15415264416,308954.57858541165,327634.56702447037,329373.9036651584
"Arapuá (MG)",52188.927955047206,46293.70510389028,52683.38242664989,57464.445004183406,57902.872584056575,51453.417450583715,49053.12914595085,50670.565682497756
"Arapuã (PR)",22260.48601489113,47432.61943791433,64041.36901472504,62370.02778611207,56904.61511397078,65772.47700901127,72281.20009895993,61762.56033855567
"Araputanga (MT)",1597330.2864751695,853663.595448162,513864.0136887553,533626.5664705776,586710.6692236685,615534.5284228098,1426589.337004218,582685.3829197618
"Araquari (SC)",322212.1502026141,176727.1607420468,238373.2587100839,305055.76041346346,408702.16887801327,455849.9377749305,427228.4906418518,400227.59488564683
"Arara (PB)",64456.40796649961,10339.478446209838,22712.36569872632,26875.885105640402,27594.071523202714,25353.753120968093,24478.271153041467,24848.95161596029
"Araranguá (SC)",90619.07388519839,75176.41658464694,165763.2341012412,213694.49098411942,234283.84382598297,255043.11456054176,254053.62450430586,234253.34167983994
"Araraquara (SP)",405875.13768570556,233806.17883500436,956330.8642745095,501546.4100304722,645853.2978443177,578891.5846788064,617928.9376342549,511655.2173994219
"Araras (SP)",194912.42012593898,177076.50797175153,521874.99730696366,467677.39849996194,483482.197480224,491106.508917451,508909.36453069013,489606.68042747886
"Ararendá (CE)",3358.579059693254,40623.732504689,28694.501987336662,43075.415323194065,44065.43475250173,56180.272494167584,58528.48205582034,49661.33219200915
"Arari (MA)",192656.14184812683,475278.0335291079,276718.65307855007,348381.4070711232,366722.04198542895,1049230.4954477127,290720.8161828029,799388.9257247412
"Araricá (RS)",12132.002535360076,28804.68110154193,13563.421695574167,22276.448793280295,19630.10916425235,25658.10344231082,27479.582561729694,24437.0004654038
"Araripe (CE)",67272.97257390848,139670.0099996565,106296.68052301185,215115.77030258224,240156.0022573195,196056.90050328386,236097.9178103383,231160.4050675963
"Araripina (PE)",206318.2101246699,428410.1222881425,258057.0103986432,281328.93367927993,308165.80707226874,401077.35054650775,369457.2320770885,319359.02149351774
"Araruama (RJ)",235755.23413344278,215243.88157443507,254284.92707521346,290178.960140889,317690.39535390935,305230.2222327489,296509.51657069416,318288.138436155
"Araruna (PB)",128658.10722883616,28844.813667473874,39915.39696100051,49395.61553215194,51559.945317668666,43272.215107221346,43545.849503643025,54658.7243667391
"Araruna (PR)",121032.13069201692,104382.30276891525,88377.537289184,89266.69483682158,88375.35078364091,85189.16977684571,99899.16553331784,86893.9840223534
"Arataca (BA)",33889.4011684143,58397.84564999409,41168.22824562885,58849.93506259039,59536.15750317262,61937.528182354436,96261.14451300011,69288.87467626044
"Aratiba (RS)",189765.40892166065,123404.41507095739,169275.47254322204,169967.1284538457,184998.73298031357,184414.1916599324,155361.4088080625,163339.02225526312
"Aratuba (CE)",7160.64313463582,17142.176771720853,17522.816866379395,16409.090789958063,16915.30626363223,17799.286776434565,33248.46777308977,29556.364092812208
"Aratuípe (BA)",166382.25282074852,173271.65184682753,45016.53968726072,46159.8651063823,54110.409969354616,36764.42172075778,55767.14042326178,50480.684058353814
"Arauá (SE)",100978.43536479653,66029.1348012709,45438.13903500994,54081.27948791893,53499.42103757363,75622.03563470191,60294.759479144384,72300.66524125381
"Araucária (PR)",106868.10458198597,2105262.944392446,2727399.2672366146,3195746.1284687086,3555862.805088163,2484804.150361156,2902975.7595932726,2796086.036675664
"Araújos (MG)",109598.07517289987,94897.5063192623,76333.51363954264,113334.17603923014,106245.59831470644,101706.17908955505,100030.97922957997,96084.12283507401
"Araxá (MG)",231090.35582246663,257296.8248933748,457738.3653051117,435003.5753967971,456814.882429986,450521.34033444535,449370.57953381934,469001.60195202404
"Arceburgo (MG)",56517.5497298684,56158.68862381406,58830.5912543522,61248.135689589195,55957.10264135119,70470.17786653081,61889.220514135115,59074.723569814065
"Arco-Íris (SP)",36880.503660283124,70054.18601019059,74269.13481165681,83864.72471026581,76157.49956859797,64427.22232002433,74328.70270285042,51581.97433336232
"Arcos (MG)",209692.41105534142,162743.76225570668,182253.99571013177,1091283.1299473578,1523816.2852433412,761695.0729788844,835980.3343263072,1319412.7201996443
"Arcoverde (PE)",60015.82204176433,48064.06706797113,152922.7550571062,142589.24136076734,165259.4254875152,178529.87250568817,188350.66931981823,186770.21048395828
"Areado (MG)",55218.35140147554,92841.36078896427,87281.90003685982,69492.60765883171,86402.13847324313,82295.87241726367,82073.72046080513,74232.31570117628
"Areal (RJ)",7258.581908694534,24597.8205458737,34848.02981844923,56003.27604512574,41956.6002104553,42654.25748384303,40922.493398789535,32544.498405312366
"Arealva (SP)",144946.4930728244,115268.84621937272,162768.3333085394,142433.15947580783,131086.1932418767,135956.20372336384,125953.7635839818,118496.2159009116
"Areia (PB)",326563.56249885564,41026.74869599563,57464.13083243487,75944.04295516768,73347.02934969272,62785.55274714866,84063.79241007427,92481.73043155872
"Areia Branca (RN)",14122.275545516866,43189.161612422206,49162.34046019953,55542.50288137335,55628.982648877434,54374.06063004502,57607.133428036796,48945.241849076265
"Areia Branca (SE)",53140.33141227789,22541.277880171834,25415.217110146306,46868.70197105428,46629.95130280938,48664.29732956766,53630.461749959315,67670.85490350559
"Areia de Baraúnas (PB)",1607.3754077102124,10309.543142163571,8034.61504974098,9420.130406177177,5582.559642989488,5080.030612776782,6338.360692885545,7738.093711901372
"Areial (PB)",17466.298951402943,6005.197697461058,7707.179341854155,8125.062657310396,7230.32893160396,7327.2419185967765,7773.575695806658,8192.195325251681
"Areias (SP)",91722.51915014663,62032.983851026016,52517.59333737501,47968.28455227942,44027.99210037948,58359.94600284869,53063.11190607896,42605.93727796894
"Areiópolis (SP)",20409.112865424533,21807.368069165026,60351.98297873629,30239.232307323346,28685.093869079483,25352.92979064513,25108.75670698743,24871.19118338483
"Arenápolis (MT)",305602.5594518756,184820.1084655159,162135.3125220076,168110.56120165906,173908.17894917636,371005.75079341047,329818.2048718485,132342.884248576
"Arenópolis (GO)",430681.10526624497,311673.6515777469,262889.5683341562,296562.0705853381,310598.492977892,288983.31715782074,345377.2321254941,310831.16671521956
"Arês (RN)",31649.398988333596,43718.22637361138,31127.57373808723,31883.251977161337,32815.92158512098,34033.9724757936,35741.48683725346,37400.067877339716
"Argirita (MG)",29659.363136254437,30095.53874219405,24166.064984944638,32172.84329108876,39354.41319070884,36200.44966694442,29419.51810087827,32422.215950470945
"Aricanduva (MG)",149923.68605874546,204349.86860781963,59565.291683217074,96044.25798433759,106885.67175890616,119509.19975853806,158551.45423235063,132762.18300739338
"Arinos (MG)",1001016.1321046413,991695.9114072052,813980.9416992263,770995.851140366,894778.2908750718,988339.0628020079,1035562.2624055619,1238332.2514648824
"Aripuanã (MT)",2960084.9176543895,7915121.710450131,4264379.650520561,13496628.991238734,12937245.186288768,10922943.787142703,12074946.993067395,6014504.342486924
"Ariquemes (RO)",3399850.7001757743,5676173.16359826,1871633.9983652912,3549969.2941748505,3030142.9976864345,3470882.865232624,3881330.514879694,2227182.105899263
"Ariranha (SP)",36866.91686585563,29708.815227791023,56578.59549746344,30680.481697349824,29211.844573620318,23457.356174941127,24612.98025572859,23824.150496644266
"Ariranha do Ivaí (PR)",11414.010605004145,53738.67040536889,59183.465161737506,42392.437423075324,45741.644956489596,46575.07919719588,47022.06128382323,37541.66984906273
"Armação dos Búzios (RJ)",44126.76505091082,34834.402007804114,51868.99216196833,61276.19237755692,70818.52889417134,80857.2525055186,88299.62296411826,73885.53326055917
"Armazém (SC)",64441.45006032143,54386.8889646701,90216.76805841502,95153.7693291152,96935.14457786325,109681.41711342742,97884.11731177982,83408.91282702547
"Arneiroz (CE)",190825.33281155606,134104.73676692686,87316.58744764591,99460.38586689092,76511.7851143677,114246.03129731551,131527.0843284214,89641.52585249968
"Aroazes (PI)",141781.17495947145,59965.27619669204,53605.93805615926,56358.69198846848,61168.20025088632,94523.99050504189,112449.51974698203,155247.23356630135
"Aroeiras (PB)",273257.83634592546,40610.45993796573,55775.94304200359,55275.02881040594,59870.89931042031,66354.71536172648,80161.90536683246,92913.33842971384
"Aroeiras do Itaim (PI)",3107.5587080357263,10509.50913039867,32001.750485319586,31038.05137496236,27252.322091359958,32333.666089076894,33605.488172089536,73337.36647973118
"Arraial (PI)",20164.115129843147,30825.77080259658,18148.5128088363,37333.265937116186,34854.15566027142,29489.532098459313,44102.6489574343,43890.499334266344
"Arraial do Cabo (RJ)",10166.663234347123,55211.81280188095,25020.824563459195,32739.19170128871,41373.73874989419,40759.699940561215,50522.78771372108,40459.57297413237
"Arraias (TO)",1231399.4062071024,917034.9644579266,771537.2726977484,1157991.3326675568,995609.6196295428,938085.5532472397,1150796.4428610692,1266232.8877711587
"Arroio do Meio (RS)",105494.36317264037,74585.43521677691,130312.04862335225,109960.81470427211,141697.75221570052,116751.53368563029,119936.79707896369,206648.97394881913
"Arroio do Padre (RS)",20797.23410085932,33862.88111464585,56099.10372965386,46835.66986302206,65884.77043334137,58127.98463314178,50207.75120880089,23009.49244869532
"Arroio do Sal (RS)",19960.081354343394,10858.386206926487,26353.096012993163,35790.65110474849,31996.98981698336,25121.636558660437,29757.664187478676,37544.44680259499
"Arroio do Tigre (RS)",133503.03717573942,115744.21685222928,162639.09475494537,112916.8002962382,217308.51142829028,113814.34326085755,97511.51635007076,318558.4665026765
"Arroio dos Ratos (RS)",188068.35871935947,139331.9331481234,105265.28208048322,112596.49888352571,165194.97823904204,76031.75768155738,78935.66132373677,134643.21136759836
"Arroio Grande (RS)",880127.6750112933,841452.7026586281,986182.9753167072,795264.9040246505,917222.9036992094,1134131.9252042086,764441.7997642498,699266.5491925575
"Arroio Trinta (SC)",27626.890288847844,35629.75987111097,41304.343188451305,55112.998965204206,62469.05149305105,65021.77964625461,59248.17407048744,52543.425626201315
"Artur Nogueira (SP)",52669.8873182609,31816.00292002688,85954.9631107379,108958.25551670695,116019.80945867393,129979.50649332283,122599.21634326175,116288.1866943898
"Aruanã (GO)",1214279.4263152347,869691.3563044596,757752.1275762339,810023.0786306344,746502.4440225583,803851.1184842905,754230.7711816111,834754.8719234194
"Arujá (SP)",24137.491376460435,30657.20329379381,131115.88589431564,141910.13969083744,177726.4090083599,192956.53248834226,195358.6109747409,182460.12548906854
"Arvoredo (SC)",42934.68566022456,34690.398144969804,51270.19301697749,61241.84568898252,78022.82220417784,66044.89020325911,61397.49162871343,56570.7364773102
"Arvorezinha (RS)",166222.68751679832,150946.562232988,124343.80902219325,89597.46850664435,184459.1953158464,77600.61375522302,81597.12272036348,153917.44237035676
"Ascurra (SC)",32855.80988808947,30331.96592698352,55277.019225001204,41022.81296045076,33572.1632529325,45592.34229394765,38273.71424475818,42744.96929671392
"Aspásia (SP)",7289.233920973361,21870.792145093612,21026.401954184497,22099.777696251225,26225.30313146476,23460.227495397245,22354.42403787735,17627.64066059062
"Assaí (PR)",68744.96180494041,58622.60999448828,68094.93220819702,66080.95421786296,66553.90806975446,66984.24563866484,80094.91466227543,68959.24617545964
"Assaré (CE)",96966.07878390547,192874.22316785672,146454.77234292208,204431.26665201757,207286.4820341949,233297.93884150175,252831.03077906222,208394.84416442172
"Assis (SP)",201096.5923717983,138698.30326868937,235026.34858286942,243106.4319553106,238134.4300169082,258564.58709858393,261021.5438537988,242033.3554413988
"Assis Brasil (AC)",217207.12152866286,439596.80927303457,408991.1892208262,1642712.6573764614,1206235.8598029797,1277601.5150045871,834927.6269354973,607893.6695272581
"Assis Chateaubriand (PR)",111990.62183514271,98042.14045989524,194445.182109687,216894.97697222733,214009.1682262322,226738.6125396583,274547.6043713614,236485.15044899067
"Assunção (PB)",5496.950231305133,8459.832777107147,11257.736514922777,14931.627843076123,16264.940562731414,13604.955962760396,18739.85070780802,16382.51159892929
"Assunção do Piauí (PI)",238061.52450573386,99927.03027485075,113972.18536226245,114643.5441948228,150016.09597392418,103090.01340177128,135707.7297953579,155176.5910035462
"Astolfo Dutra (MG)",29217.433198900482,33121.24595680233,36811.77227973254,38678.11461164746,40215.061362794644,41622.176289102346,41043.499669081895,43445.84253632467
"Astorga (PR)",114281.72233155459,138188.29013489667,155464.46496267559,156182.2614866217,162447.61146658813,164344.49560539148,174984.66728526875,157426.57473854124
"Atalaia (AL)",104521.09363382452,49297.326760921234,103687.35285228501,162389.4998155725,192002.26005649712,200675.08524852127,232376.2119739292,197867.96709420026
"Atalaia (PR)",41565.632348888816,35136.20693758698,38804.62390251728,34550.10285623829,29871.208805174898,36514.75564025278,38708.18116659039,41828.48360671906
"Atalaia do Norte (AM)",14274.135269053342,17042.89273962643,30750.902511837336,198759.99783202572,121641.05936575621,96955.12496658012,268452.1248279509,90198.81164449107
"Atalanta (SC)",32067.529667814953,32689.587088729953,25991.80618050465,28758.260180805537,35502.98781063024,34444.216875100064,38548.25142409384,20040.966155691356
"Ataléia (MG)",505986.9632006047,332699.0323476842,358126.132956018,322889.0842024119,314149.96896407736,325278.3413637201,349853.51783977204,460466.80492253863
"Atibaia (SP)",117079.488852947,115420.16078561872,384808.6988505837,474430.2759774081,528402.7181587851,509798.65711517195,489165.75112228986,441092.26570339536
"Atílio Vivácqua (ES)",75799.37990604524,75518.04944309591,89379.92045661666,124821.05441373729,138372.6250859212,135851.36317675232,104682.6513548111,96969.17089532413
"Augustinópolis (TO)",311345.4826638165,549209.7816869467,325087.50810216035,221747.82007040398,221427.7880917185,247584.5515965018,259813.54628630434,191609.8646752824
"Augusto Corrêa (PA)",140737.74886480323,1039846.7820263075,357586.61365437595,95867.03033517537,144156.85703456853,454517.9909695505,540428.5254407901,194184.0832611623
"Augusto de Lima (MG)",247647.85151066602,125407.23679262036,127374.2060615623,132568.75946300433,149155.05865265656,143026.40372813173,139656.52200911284,173505.31219718262
"Augusto Pestana (RS)",101868.6579004787,75959.41393847259,89228.44990291155,97643.38637033153,107584.47325313295,82442.35582523691,77495.53806638038,84870.85011428209
"Augusto Severo (RN)",20094.02267571614,57359.64769119546,29962.59868042554,63111.4269693979,45001.730193269876,33455.53717360628,39772.61875997892,34794.14841814223
"Áurea (RS)",61606.13898892525,33729.26994751295,43574.974439798905,33653.90869738625,39855.72435793145,43233.99635572642,38129.40019501291,22870.39993721411
"Aurelino Leal (BA)",174001.68045563938,139116.82315760106,128871.55866325807,151591.48044107223,169965.0698279841,159203.15985711195,129065.32198237261,179040.50217659015
"Auriflama (SP)",133363.16932583626,123052.71918309353,137899.45433252535,184781.49621185742,168845.40299545083,167858.31503081688,161414.7677032153,154486.64900634167
"Aurilândia (GO)",183440.25184247858,139289.42614090274,168230.69223376914,175040.43680903374,204457.33784211782,181510.49902828143,175940.37990617906,223844.43957982547
"Aurora (CE)",58395.3992674078,97308.88372175915,119867.57781597125,173290.45053797544,186186.97459270377,189003.7114184083,212203.22373217496,174509.22313881954
"Aurora (SC)",101832.52890924034,57320.72929080026,74439.28516148885,56623.1401432102,69840.1359944805,79416.00755106633,67220.42153519556,47133.875906676774
"Aurora do Pará (PA)",1475161.51458666,1717044.3409354663,1066306.9687212808,635769.3568573649,893946.1576352745,697848.1919702352,1272662.7888811454,825586.9561803249
"Aurora do Tocantins (TO)",298816.8146584856,191609.86868199648,138131.054733632,158566.80118217462,166846.8262004429,176284.77124369057,186856.6587334664,179943.70309564078
"Autazes (AM)",735098.0260364091,1658534.1393250658,2783444.5783672445,2485806.1313428227,3741168.2750865915,3890972.3549215863,3280993.6373469857,2194812.501707769
"Avaí (SP)",138271.3246526749,145111.33085488714,121249.66703793082,142029.80693528586,130582.09887502369,118111.79376776086,132215.39369616797,97614.21006285485
"Avanhandava (SP)",131345.77723361104,78226.69354519463,104897.25583012032,101922.7362027352,85046.32086769867,75586.06792846258,85011.0242788227,84306.00648006407
"Avaré (SP)",474562.4294341836,321731.4957040802,668783.9300755167,693884.5153002767,617318.8691952202,653749.7958283192,650251.8819109796,615234.6167180848
"Aveiro (PA)",287051.74408641615,1261162.3050636316,1946446.3210950636,3618415.5873988336,5477149.689410682,3991508.3011776856,2328142.2808759627,3701237.1732534315
"Avelino Lopes (PI)",53398.33614030704,84666.56939488396,58700.90778459522,91795.33327153546,115752.40627030852,122307.41761469144,113490.74772371612,163379.5526248829
"Avelinópolis (GO)",72332.94759825343,73469.16176391712,69654.58899487882,78855.1997348766,79290.26217336046,79578.78485790275,78910.34318231614,75829.1632740549
"Axixá (MA)",26895.911274648424,318217.98304490314,18704.255244104123,19085.65172450141,34874.854907502275,16938.40130375995,13080.649161186957,23108.373046262437
"Axixá do Tocantins (TO)",132885.9709360077,86471.88954029663,97716.52352130083,112304.26352950565,106044.55641681646,134940.87107481575,123685.26727727705,111866.0811995983
"Babaçulândia (TO)",312554.028990758,281677.3780813765,301602.04359272297,393933.4774758463,304023.960661188,467954.10156744136,499912.3825215313,467331.8879106078
"Bacabal (MA)",964933.0709713704,967655.6534975712,759491.2950042946,780509.9097861566,728060.2199014524,1461586.2665138126,1082330.497298931,700255.0938558881
"Bacabeira (MA)",127641.46914222674,363322.5275346171,166602.8482435368,89740.8013284125,87267.93253873945,148947.13596316834,72180.90687409308,108998.60046227647
"Bacuri (MA)",34259.578339839,118726.11507673147,99939.79463125882,79716.87661960433,85580.43837901004,129828.63209828828,71640.94853273091,38342.55881967003
"Bacurituba (MA)",3315.947298582616,41167.13101128754,47734.36156244264,30386.002681644746,53825.737022244466,135002.9336589157,67862.05412801284,43311.45218633635
"Bady Bassitt (SP)",30089.889073584,34689.203643449815,83230.93036481408,127307.79629547651,140938.92126771767,127630.48477252382,124228.65349305705,122851.78363085649
"Baependi (MG)",178818.76896570894,132604.81149773268,148466.6166315736,153953.66654050755,132197.60284345955,143772.5548542615,130655.49482402815,155657.7332758404
"Bagé (RS)",1819851.3335130152,1731340.9274814732,1829171.518536128,1206515.9971233,1619605.5440871513,1271303.3129808907,1258206.8921057477,1391904.2212197897
"Bagre (PA)",348855.0456372033,98854.42484250401,172923.47895353855,333856.55635795067,416383.7361200964,264075.0441566143,495479.95650117204,1010511.2201014251
"Baía da Traição (PB)",46120.58702661561,18527.117354055295,17316.180935330936,28958.04399334355,28927.8606309241,54018.9813786678,45195.585078567245,29420.643463940483
"Baía Formosa (RN)",23164.71322869564,21118.97538378829,75671.9261894151,42219.21463444217,39888.04029908672,36762.44729491554,38605.69831939724,59893.91097303815
"Baianópolis (BA)",264515.5837750797,470097.1414033322,394392.8219434127,1070913.613114238,2064176.677856547,1175913.3508701553,1106404.4712704378,717911.5573545311
"Baião (PA)",7282184.139428909,1215644.8561549124,864163.8965456745,1301486.5396481564,1406054.5642283252,1281064.9950607084,2711990.752660308,1394915.1214431715
"Baixa Grande (BA)",241337.58740875832,122394.1628520836,118263.01362136561,123429.42368248657,122447.94746629684,129740.61370175821,153472.3767668588,286526.9752509163
"Baixa Grande do Ribeiro (PI)",209191.5326621084,682718.7155918098,4911358.113071886,3012360.5290786936,1814298.7078624486,2953926.1614606637,4775988.47379294,2154148.6267457334
"Baixio (CE)",17583.802371311616,27585.627825228104,31839.708629623234,33618.522200572195,36608.04166650438,46158.36786446741,47059.45576649896,37501.89327967662
"Baixo Guandu (ES)",263909.7575794046,158964.43240837843,241635.8841404527,178242.87154886028,190792.09974152214,213868.17109012214,216740.78776716502,189111.79352415953
"Balbinos (SP)",21445.566229146803,28197.216953358024,29725.555393928626,32629.72063677989,30149.380845320786,27088.34326217692,24014.5640745124,23576.296005513137
"Baldim (MG)",173282.97306925766,127072.18732544758,79637.43741792576,65100.35040911018,106246.49595086908,72300.51848135215,70190.71743505017,81718.15946203102
"Baliza (GO)",620917.6930032392,491377.51831785945,261596.50247387067,415255.10581579676,425969.3232897036,335209.47394558776,366422.4027165024,270665.6560980445
"Balneário Arroio do Silva (SC)",7279.9437341631965,22019.664018798994,21167.777094391073,35596.563813079076,32052.022939092043,58354.36637462183,53048.70722513889,32522.18754244473
"Balneário Barra do Sul (SC)",46256.49367145388,45944.53919795774,20176.209327776574,28156.413732545505,30156.482435270773,37078.832026377066,27542.86602151691,43738.943533794445
"Balneário Camboriú (SC)",9602.208892760447,18775.977311076127,147860.2659136135,184186.21390036674,205219.83253077246,219161.2913798134,225040.52592879406,228518.9633771486
"Balneário Gaivota (SC)",61420.57352882154,41924.371600901984,35029.23913528462,56271.370862001524,51396.66199368954,71778.75772593923,68300.81287296706,51609.75284133751
"Balneário Piçarras (SC)",43141.85315981635,127141.92715304463,67328.08703062659,114649.9748018259,140021.51104058436,172403.23800123457,151325.61177755045,179431.91282507064
"Balneário Pinhal (RS)",5072.389327282207,22759.698495095447,18969.17259845817,20420.688243188757,64701.585818291074,26598.357348643243,21589.324904313664,23139.345316605166
"Balneário Rincão (SC)",8628.58327702668,5867.840816500282,1366.140932358457,16362.57121153575,19263.81149337682,23277.99962469901,22866.713728646722,21048.247051402195
"Balsa Nova (PR)",77257.79087447024,78455.7768285501,97725.61198658904,1917101.9950948146,2977411.9356257743,2168336.7132622995,2075476.3662361533,2088116.9412071
"Bálsamo (SP)",42889.09232445176,35662.528146539946,52278.51057856813,44913.39645550307,44065.20106509135,45415.68632453044,57288.01813398395,65584.34877458023
"Balsas (MA)",830439.5342607264,2204156.207555743,2634227.6559538017,5575696.273681648,4190337.8758656923,5989402.952175593,7526375.017570033,4274712.216297242
"Bambuí (MG)",264048.9001104332,320256.1425664579,373921.2534858613,385911.7102147139,401291.8063179388,401724.5658381583,373999.3638021581,377256.631911649
"Banabuiú (CE)",136542.30912085922,93920.0181763893,131426.18325625692,116767.45055578886,146473.82881548192,139538.48535759049,167662.00284895115,172998.4946252035
"Bananal (SP)",165227.07082302068,67619.3732163637,74846.02079587341,84135.1111946459,89834.56477484402,101050.99046238561,106672.81930705707,78706.54114821629
"Bananeiras (PB)",189067.10281287236,53056.52635066087,56793.783690356286,65962.12308698386,71992.39544746137,64535.92917801524,69675.8480462941,85443.49862140947
"Bandeira (MG)",108977.0412323177,85874.54006547896,112878.17646261663,160729.62422137268,140354.11370822813,170089.2893247491,100828.57410165358,80025.3895405646
"Bandeira do Sul (MG)",12294.257017320766,18503.365815432673,17234.81966638405,13716.882281967286,17560.35597985085,14107.777924718726,16566.756418834182,14623.31821027345
"Bandeirante (SC)",169339.16761831808,53949.77089497424,86368.93072595634,67081.43983412464,66302.53473443523,70292.15675195341,70672.72424827924,61295.28536443082
"Bandeirantes (MS)",1477897.1478746976,1023327.4294898764,702373.2389644084,822719.9653695221,739793.5877862806,747467.9089375124,711296.8521088975,623245.272682774
"Bandeirantes (PR)",113523.31992057308,141302.70778404482,142147.41267716314,141873.48357357556,149230.0972503626,149385.07216722184,155524.60150254727,144362.7637412874
"Bandeirantes do Tocantins (TO)",2284233.624841594,1075826.3458975211,435511.74759125436,388953.8709773002,370935.51833690645,427144.5216363742,624610.1258090142,390698.6755728983
"Bannach (PA)",2259475.193184413,6356775.257340717,1570745.524297519,1144302.9690995757,1450028.0628016596,1178005.1402067854,1249670.2737401347,750344.6635078399
"Banzaê (BA)",83223.82614536151,36935.85886149321,46634.86429918648,49357.67618545863,59566.730002562465,84089.49899101746,83195.75001337193,68802.82129635836
"Barão (RS)",75050.89899509301,146924.90825347355,88255.83312820925,56000.773139042154,92292.96169100575,98044.14749352435,65995.41026798193,61758.63336701813
"Barão de Antonina (SP)",38656.87385769407,46838.10037640174,38929.323672886014,38256.9969804739,36060.050762658255,37525.89971133901,28739.674257470095,28001.488035958948
"Barão de Cocais (MG)",160792.14308490767,135951.19011312994,101965.45129220594,167467.74768733364,153944.4162442542,123810.1964433703,176864.58742148182,709842.2880515874
"Barão de Cotegipe (RS)",101411.33954933562,100907.00150626372,103385.50036060307,106998.97035505594,140903.29870232148,97303.75237214331,84517.62351775875,79877.13950331062
"Barão de Grajaú (MA)",123681.85513055293,126030.33230621346,76275.03790650492,241682.0827431249,171090.27489980136,233878.09101636373,1594932.9730229739,789456.78906443
"Barão de Melgaço (MT)",589437.629964083,760784.2255736347,752769.8638910663,761542.8378584882,697456.4077491766,799863.4424169804,779936.430367706,610383.2900164793
"Barão de Monte Alto (MG)",68949.81540141562,52065.37303008198,45695.20479077944,52435.91998069074,52800.27668766359,49421.811783115925,47269.56784550028,43506.22984959594
"Barão do Triunfo (RS)",71088.52249738366,113694.95371828233,81459.7839934586,78937.5440373063,102830.65635578622,104270.97134688312,107473.88425772755,85355.90793612506
"Baraúna (PB)",2014.407264069024,7863.030619990661,6392.5145635684885,9442.593894645768,9344.756034434176,9248.02980208059,8736.053296063816,10911.510389979994
"Baraúna (RN)",103374.79677288831,142868.4133364156,73800.02172617649,210888.78486537584,197167.6239536901,182750.57321631265,123567.46363373399,178729.63601074723
"Barbacena (MG)",228379.59604817838,176757.3992589046,313150.6591774614,414045.2097108632,532795.2498441624,640901.4726157843,339381.3251038522,616133.2827082409
"Barbalha (CE)",59108.30910080571,51689.73535899594,77432.32575018452,128182.16878228699,120900.58905933567,145044.69672736974,149965.72802667128,133933.48627392083
"Barbosa (SP)",53632.6854276371,41482.06638239258,53294.36311270975,74403.90554918785,52891.54702478619,45749.8639436272,57589.87103808967,48668.887418882136
"Barbosa Ferraz (PR)",150874.87382390065,116150.57621679814,153699.89369110993,158829.29506760894,161613.9235573979,128885.32780289657,149749.16743432375,138810.58211613528
"Barcarena (PA)",926488.4655374555,1213449.6680768302,3838370.525582246,2957041.8172023324,3458674.6366623007,3111682.580543066,3554419.535168224,2335392.0329246605
"Barcelona (RN)",29722.070883188662,24076.362898555333,16525.359700851033,13338.14278414902,15167.82149171032,14143.2429309778,21834.800656414383,32650.366507598224
"Barcelos (AM)",45876.77132180474,80411.89095275656,78533.40732191366,134834.40242236806,465845.05186286767,191478.39818548443,695831.2525376906,284350.47545010474
"Bariri (SP)",128043.48375723083,129093.24733477473,156701.54153466254,184764.48253293196,183968.80925781737,178473.00105416003,175867.61567481395,146580.58061912472
"Barra (BA)",684532.2734013817,354850.4546214372,395094.6910084406,380865.3250952118,595457.3944400839,954419.1467847308,1211734.943768299,931563.8054114884
"Barra Bonita (SC)",62141.1390629909,30447.1362289263,54472.6547521931,39124.72707664742,42530.51576552592,45373.49537334598,43410.69300558005,38877.7816149061
"Barra Bonita (SP)",37356.97800281972,43013.07240685244,159739.94824450844,116998.73560602417,115861.41135125526,132642.46739970197,120713.25992284044,111567.44521902096
"Barra da Estiva (BA)",127211.59138882504,187810.69273062726,126386.45768378026,182280.85681955714,165254.33318412042,241749.6000147497,240065.55786557513,222725.67819333918
"Barra D'Alcântara (PI)",429.3874749729809,13776.671284107979,13707.262187419748,18746.930435053222,25680.260001466097,18055.001827748663,39669.60766751766,44537.65500342582
"Barra de Guabiraba (PE)",43801.20826596023,29640.005511714808,31134.850966201902,34768.89878217402,36274.12145283166,33992.79570277496,36336.098521892316,30738.720103963988
"Barra de Santa Rosa (PB)",124573.21159169154,108328.89562565109,49158.48383574808,77911.1086752173,90235.50795180378,69862.59161571006,73549.58717065706,82601.13700560355
"Barra de Santana (PB)",84939.21102591809,44600.23581161577,52290.281620103284,59869.78539414125,53175.04394329342,49474.5533767627,55116.723985591,53444.08377656044
"Barra de Santo Antônio (AL)",25588.926600121627,14721.499049305385,15101.63621159715,18499.052669284334,22268.148447339783,24984.784192817544,23613.51558011633,19102.343591447298
"Barra de São Francisco (ES)",210927.0546387797,150932.32870433404,311990.58296042593,267237.9472044743,268476.7766264408,269717.54984931624,273208.07146827836,215868.52176002227
"Barra de São Miguel (AL)",7529.909620058903,6234.417744290012,9461.26081510362,15881.046711193469,16479.274311472363,17766.673677243445,17808.386071112232,18098.295465235937
"Barra de São Miguel (PB)",74499.26124126282,51986.70514201221,40736.737771101136,78320.63657446804,62997.3099614531,64138.57742224455,71803.77050189515,63737.99414059318
"Barra do Bugres (MT)",4083831.556962803,5306595.319839142,1803949.5651243834,1711463.8566984648,2105194.4392717234,4638471.281373674,3239918.964719357,1359878.5685229886
"Barra do Chapéu (SP)",230231.8465424842,60828.21608389819,107633.39448236598,64535.381173461574,50655.10761091938,63345.62362251942,36142.94045644848,18546.569967339776
"Barra do Choça (BA)",305876.4053785731,350778.1229286829,147336.56972798824,170371.30154817805,215833.9691624145,209958.390804706,193552.2308514449,218285.3903445291
"Barra do Corda (MA)",1329761.6802143527,910010.925083777,938878.5315096973,1556945.4593565552,1650412.090921507,1627911.354824474,2309732.739462131,2203258.670105335
"Barra do Garças (MT)",2910328.3653253308,2447388.412702869,1416794.199442902,1539682.981364103,1476058.0403557075,1537061.173208645,1540624.752480676,1542658.3256576948
"Barra do Guarita (RS)",7572.623394600932,11633.278689360208,19388.817743665903,22219.774408563713,21927.103204569146,17693.028934056794,21040.39959323074,15648.746541628343
"Barra do Jacaré (PR)",17092.98569031445,19728.382112629097,31566.556884221754,35367.3803444481,38957.60894228003,45719.46023526505,48972.54252910921,45366.53230224144
"Barra do Mendes (BA)",65099.57256114991,65294.38025084953,66954.06396047283,53781.94044235035,61713.08736552706,69504.99216314557,72996.95049405837,86000.63295104816
"Barra do Ouro (TO)",275143.5021470294,175925.71363482403,226379.77644928527,212686.9862156798,188121.11435112695,179103.89069063409,308037.51664931787,237088.5759486521
"Barra do Piraí (RJ)",268364.5049598077,172293.33357669107,316005.59397495684,573117.6182630684,594072.8955692427,605838.1291859017,612980.9479413974,640991.9400287857
"Barra do Quaraí (RS)",133797.1351701012,549797.935009804,491256.4060388783,490506.39428319066,542314.0560984786,558882.0770006987,520895.844942872,471356.1571220852
"Barra do Ribeiro (RS)",328569.95922481496,265055.82223148993,339944.3347767658,274776.54991424736,285110.1544940737,316318.3622284742,264733.72827780526,280726.9452905244
"Barra do Rio Azul (RS)",31591.125712486275,54378.86901281701,69417.22902463701,73853.15952716285,77063.68730231166,88424.98141640807,70931.46405844233,75130.22788704687
"Barra do Rocha (BA)",103360.98067464163,32158.117899656885,62878.2409806847,37486.107713289035,54622.89532067786,52546.10438702312,49220.58509991463,57780.68193190435
"Barra do Turvo (SP)",228221.2221569434,126368.6029985175,130445.15972870265,127464.83045340217,142352.30703504581,145153.31937181918,134565.35970794302,90525.05857379583
"Barra dos Coqueiros (SE)",6778.825459258507,8936.397831054115,18831.620813066434,35304.18650385761,2160783.2868954404,310439.78042302025,52176.985403042396,107314.58325047839
"Barra Funda (RS)",5183.789600274286,13639.83857227375,35130.99221782992,51725.867144425974,49566.31857207197,49793.00097927003,51688.06062512134,58454.687301002705
"Barra Longa (MG)",140395.64619072847,52836.568491642574,47572.12420305728,62816.33083956794,81237.50102693109,76140.92351034387,60574.18899825788,52730.647988859106
"Barra Mansa (RJ)",206278.20519552488,151005.6303879477,433870.0219301717,363147.141256084,376434.26346431626,398886.96836381155,411374.7020060911,420096.7980968864
"Barra Velha (SC)",71996.7477371464,79147.00287354786,84847.85727337406,100899.79413022904,122729.88598213445,136401.26596689722,113636.96665519057,121682.31450574973
"Barracão (PR)",100664.4764306304,45638.017968252556,69384.62220006027,63546.91555593898,64872.67495291185,60700.9712450758,57772.72045347403,56155.11251642763
"Barracão (RS)",153576.2708968023,89643.78113253512,158480.6840107667,120295.69607480196,127651.74897467744,99240.48040080322,129658.32173952517,138182.2285067949
"Barras (PI)",197984.30450269906,156783.9858496649,214577.27969369633,322634.4056221272,233482.41643745726,294300.0361154292,390251.3490273031,574108.5920880045
"Barreira (CE)",36554.474117644844,66488.21095719826,33984.34794426457,37918.850478631415,45830.81782052119,40312.65469473008,54483.12543257963,48319.43384979815
"Barreiras (BA)",2141053.2407824704,1792048.386883137,1338001.520253311,2762150.4108740026,2523646.593345821,3753552.961615056,4943646.055674965,2369792.996963488
"Barreiras do Piauí (PI)",96444.44106069578,76781.36645917082,264115.85149391775,136398.31208682904,183336.44820506085,52662.14571489703,135837.14870251808,205216.5575001553
"Barreirinha (AM)",115633.23002401434,1718615.9138327644,701486.2128843286,534061.473664058,477441.7043579388,533588.4711920348,882439.0672618641,714322.3388633432
"Barreirinhas (MA)",69844.15452807747,54282.85116456384,166902.34026543377,530814.9974030869,471895.4385931506,550961.9092704774,913511.7813558825,951898.4323796713
"Barreiros (PE)",68231.53415877775,38854.687741867485,79236.22711082999,93284.26375982701,87755.02496726673,94015.56119523697,95428.06557321748,88892.37940951371
"Barretos (SP)",430750.5382968901,417615.84089749504,502985.93275338295,586438.8727352488,581470.6721515519,598169.7459349434,634741.6463184097,608154.2390528083
"Barrinha (SP)",40381.08600362154,48297.68192907554,51568.994531973076,57817.766538258955,61082.02693005578,58887.87212933254,59354.24578674557,48351.60896161003
"Barro (CE)",57339.2364746529,79256.24054285556,99892.48396921287,177037.05072759226,230861.45393518748,241725.22179610268,212817.66134016204,173967.70453513644
"Barro Alto (BA)",41950.23799623573,27729.482601955748,31698.131072150132,46520.25063561532,48594.73839351173,49557.674340329664,51748.417113098934,50771.89998191913
"Barro Alto (GO)",425058.5583615704,313572.30961020215,216030.27425929773,381292.1565853592,346101.8734821395,364739.52403585165,390005.25382841576,393014.7817702352
"Barro Duro (PI)",12866.101013251793,14092.540055146172,11992.52210315199,35311.1423401511,19123.757785471025,14852.347247401853,20253.172771453428,14811.418504102467
"Barro Preto (BA)",30025.44752040095,91230.02488182488,41923.16456515383,104165.5767583655,138844.9336046615,77540.21572132337,119877.08197070083,137902.53258864154
"Barrocas (BA)",24495.73216296818,13935.181931976585,39000.93743102536,34008.16694384791,37980.889234586335,40034.176937889475,49623.908350914666,53535.52349019671
"Barrolândia (TO)",256895.82614571514,221356.3111439209,205523.69402190798,250406.64004435542,243391.8553426799,254774.35133638332,299822.0289016791,293595.4608069536
"Barroquinha (CE)",14977.577535281165,126886.99886819006,42462.503546589185,37408.80415244038,43493.455230261345,45991.40707157938,59955.560009711866,77286.82813544462
"Barros Cassal (RS)",327873.40493308374,218497.99163457076,228573.84877216618,143602.43041973608,267688.48856531153,169733.8404067824,124787.07372135084,279430.49066369503
"Barroso (MG)",40458.79053023083,21086.612325004262,9428692.921269547,167619.21896432783,50658.98708295052,1125195.796205667,40578.155060023375,36500.81355029493
"Barueri (SP)",43910.2547346031,88250.8003858448,500833.23411879106,381982.11546750646,422726.7013176298,467100.57695147605,464959.48109541205,453508.96923258976
"Bastos (SP)",61297.90720231448,77505.88231571962,134641.54386798688,149874.81095710394,156451.84056302838,144831.76765289303,143761.25182368213,131828.29785789782
"Bataguassu (MS)",1498064.1868643854,1091039.4797947048,596696.1689034913,625716.8147620454,514471.08140714397,471227.11334612936,576504.0883820448,492305.1208972802
"Batalha (AL)",58319.14828096924,61169.07475446955,82025.79136257425,100015.16843970207,103584.67961615114,93980.08992346445,113899.98088128988,100700.81547599733
"Batalha (PI)",581077.4705966556,221491.32280538083,197333.06797633722,283028.68189877557,255115.5904377858,207361.51903926226,249797.12536245753,289488.50801482337
"Batatais (SP)",261594.3053219304,210117.88498014506,280590.9351401755,267489.8356053484,282875.16335752845,341540.9861718992,318014.6820835004,246979.22128978744
"Batayporã (MS)",1214731.44910928,794839.1136278923,547002.2350178298,730127.59749409,731846.4695334925,566269.7912368259,621803.9252762593,452407.11809731624
"Baturité (CE)",27243.765519837856,39591.33850868003,57756.772839001846,50647.90490726253,62021.10782957554,62113.644078026264,94419.92862447815,98061.3457792302
"Bauru (SP)",288436.85607695323,305405.68043727445,747836.322134745,685319.4249839707,719549.9696242725,749777.1237497254,763761.3672673135,708752.8280026542
"Bayeux (PB)",11553.206962910552,13982.608494289801,152490.52473687928,144616.9538149397,139599.69165006472,143970.74143027488,152806.5329692936,161843.3696008724
"Bebedouro (SP)",306805.76364885824,216322.4610420907,281891.2502937785,349961.33399252157,346505.26342381694,335400.3061741251,345944.46534720034,316449.5288689207
"Beberibe (CE)",78081.66599502027,276867.9818129097,206706.56310069354,292643.4315039,338468.7108410533,269743.4905781856,336527.7207107606,309995.5750955717
"Bela Cruz (CE)",90784.93473563663,766289.6946074788,125564.83984589216,143722.4190390458,138803.5171763654,199219.84315245025,149230.66755219328,168488.19745551536
"Bela Vista (MS)",2827617.246732889,1901573.396281242,1491205.510667829,1579348.29405195,1585934.1443417624,1469104.0225679367,1436483.4452458315,1507516.0630013866
"Bela Vista da Caroba (PR)",51477.54387568618,55029.71724419689,48841.646655430945,53977.11028760022,59105.282370721325,46981.72841327679,46872.21627533137,39388.336854421774
"Bela Vista de Goiás (GO)",721210.5292696278,446653.12315105717,384472.2534536108,438572.29916893964,465690.07183818024,433475.7442095762,437877.5554130804,420323.164583604
"Bela Vista de Minas (MG)",91645.69583165196,49977.13136311284,33281.245534324225,51709.99319184046,53705.260282450356,54184.94587405039,47925.29219460875,116331.35515976793
"Bela Vista do Maranhão (MA)",41076.06270437309,48204.91390758088,68768.10713402917,68901.72168196084,169118.62086724082,170770.74689096666,145409.64897203786,56658.98296040041
"Bela Vista do Paraíso (PR)",59045.54765399299,51652.925662975285,54689.707251414235,66433.01995179411,65154.69494275383,72222.95102051453,72902.30331052378,80965.08559369737
"Bela Vista do Piauí (PI)",4829.434092540993,57396.37869963662,42014.87566362322,34380.85873120644,41400.21869790198,56445.16734961315,62843.78645491362,55125.59135928701
"Bela Vista do Toldo (SC)",182783.15892000106,179475.7093994219,134021.87033331953,113523.9083201624,194558.57357081832,172285.63383937586,148769.28803847625,58769.956814625635
"Belágua (MA)",635.7144677276353,26118.35160747031,151048.8662969017,82172.89459234226,63565.686870999874,33925.197230549646,84570.1079570658,52829.62696380224
"Belém (AL)",67885.04805425298,29996.82584136157,28607.212525385305,32455.416637478836,29817.46877415102,30783.811102916687,28578.33739080108,24206.20299584503
"Belém (PA)",329526.5381159356,622110.8088397383,1711278.1797565622,1663601.2781865858,1645005.3660985273,1628405.6106071142,1645794.4347485804,1678253.5171482218
"Belém (PB)",97424.51086800585,20258.49959041634,41090.41655823031,40600.81956568463,41745.752433836424,39359.52741323214,41128.81300068583,44970.88053299415
"Belém de Maria (PE)",54196.77958566011,20806.336629321828,24764.323841103484,25509.89361543472,27724.731479008115,27984.19006021566,32968.26897681833,32137.77206755731
"Belém do Brejo do Cruz (PB)",76622.4724075044,32905.6809835226,46298.71685172265,45046.60137945587,45801.69186581894,41936.025849677695,59614.49819711283,65356.83099460673
"Belém do Piauí (PI)",18988.754003141592,28549.03717918547,20297.96169062847,16964.63209399502,17619.89452753669,17820.78669330318,21328.47342245947,30374.553835400686
"Belém do São Francisco (PE)",212811.93712470075,91806.20660244975,114266.87695522326,193899.12705599144,169995.66289490773,141723.11522597267,166859.59470703243,293449.5053009856
"Belford Roxo (RJ)",4646.447603098778,167045.2459693427,391572.3525863978,419919.1201134763,425575.5597875799,329089.1998435958,222050.20246137827,221771.062040843
"Belmiro Braga (MG)",50671.68007409051,57012.841303543384,50174.58030036894,61882.426219343855,59885.3236317277,59889.57830891241,62708.55455190287,85912.15456813076
"Belmonte (BA)",1160488.4559135665,878953.6795036637,284980.32894954766,368706.7006818159,425519.2059634042,415331.24430165,557204.2025534968,901872.6937699281
"Belmonte (SC)",75086.42556463403,41595.49074540293,40569.26505511267,53426.59772419475,49637.30707399632,41399.642510067286,42014.08983997333,36349.931744241134
"Belo Campo (BA)",147316.35693373787,244011.400590677,113652.14400866033,132198.57246177515,133246.48125127715,144493.93043934062,148405.1312762846,141417.6465066127
"Belo Horizonte (MG)",520125.0530044884,815399.8088725398,4139094.436506249,3852166.7496003318,4375849.071295634,4661776.097693404,4529308.914293425,4393865.356611121
"Belo Jardim (PE)",89060.58794284433,52800.74162174995,151926.5532385922,122812.63695014165,135602.95288189786,159712.38407573843,182077.0908692271,179465.0111371023
"Belo Monte (AL)",72191.68153904038,43417.28749480492,53604.75590863233,50651.833671652974,53721.18436006628,58624.43775140062,73093.53749150161,67058.55554016175
"Belo Oriente (MG)",216265.45726962088,602451.5203605013,355075.11086503376,220053.12344008463,294898.7617697822,426864.6235521255,334501.05328237056,318601.9075441381
"Belo Vale (MG)",135418.28979215643,64250.46706926606,73951.75555126976,80068.21510033375,77343.98412233876,69789.2344212848,80788.43170604155,88042.08020147601
"Belterra (PA)",1625037.895131454,1363957.3877407657,453055.95202651963,1128332.5269425341,1839441.443559218,1704740.7383576722,923389.9940407965,695348.0098116011
"Beneditinos (PI)",88780.03168507556,133834.05012768914,230483.4959377404,187195.116046885,91648.5678986804,117742.90119505177,158822.99547351737,166626.49132967743
"Benedito Leite (MA)",78725.4378692805,62473.72635711951,172466.23682842887,568842.0231963021,259189.25179879734,287026.7870150625,458090.37991689326,970375.8595247616
"Benedito Novo (SC)",87424.25928417945,85944.49905375829,93960.12523664327,75725.10859326775,69274.9803590082,85764.83921440021,86509.40881509648,51875.29963316628
"Benevides (PA)",146033.61953194268,173824.7008414354,174996.3219512046,213410.38741256238,228157.05460113313,260371.54189572853,217877.36198210367,234767.57952208936
"Benjamin Constant (AM)",50759.9716170088,36057.511597309465,42619.79529716242,88109.85199785094,102488.8219985014,62345.28050211541,168545.91804396152,83955.26238400424
"Benjamin Constant do Sul (RS)",16847.696545720966,23628.63367075716,34537.367423672156,24892.6584387645,34132.84047878514,35307.465307301725,27760.961012739506,22156.19888236225
"Bento de Abreu (SP)",69008.70110647588,81789.78045092888,91993.42693001563,88603.21321048251,82129.02892583444,75960.74664244692,80587.03967611605,67866.80244369758
"Bento Fernandes (RN)",125839.97257092674,42676.379099703256,36096.58653785085,25628.10681447415,39824.68929680659,30570.006895740527,36481.06794858097,35859.23957485758
"Bento Gonçalves (RS)",165886.16075347058,222116.85327588482,261404.9146774345,213725.89161151086,253070.2265553386,243725.0224442094,242497.0432842286,735097.4665250437
"Bequimão (MA)",126643.88433772056,646184.3840967616,189147.3253793452,77495.0978654958,158594.56178299658,328348.8765614208,320738.2945054725,122503.7596238048
"Berilo (MG)",95793.06836285077,192578.21707644913,93455.58117043033,103770.97466478575,116294.05158332438,93272.9479634263,99870.72157944628,84721.5792423003
"Berizal (MG)",220981.73488362986,84338.34430196266,85028.86419090584,91394.53582839294,97426.67258039149,94566.24329516618,71546.92326646385,74775.09800146062
"Bernardino Batista (PB)",1922.833692997174,7633.292993924766,9499.391496343786,11512.50330921968,14709.83607109238,11734.515508313172,12099.583058897604,10560.945290374319
"Bernardino de Campos (SP)",60128.588708708565,56305.57436760689,64547.481939663856,59207.79826279932,58159.93694623124,58340.86234445038,51553.64915084103,48379.7256980911
"Bernardo do Mearim (MA)",78076.2026710704,114592.98201013998,90889.82976947752,121384.30815123986,98277.69450585502,126457.34245740745,114310.72485560208,184929.48442563307
"Bernardo Sayão (TO)",2795912.810588494,1139566.4710204874,282850.2560472178,264982.5251636902,270947.3555545494,351682.2176922832,623190.5603205811,243332.65686444865
"Bertioga (SP)",79297.0095344023,100686.3113458245,87870.22942409535,82877.00595751456,107086.11179802936,91887.12030277429,103355.34089247488,85657.74837113608
"Bertolínia (PI)",189495.8281242177,80027.59239140851,71317.07557594059,61976.35602969191,67205.90839187357,257740.146824118,81872.11607356595,94338.94435621936
"Bertópolis (MG)",276359.7951662458,160939.93554594833,252767.83936382172,128610.59236559458,143637.18023845053,107973.26416568636,100721.89735211202,88872.7865878416
"Beruri (AM)",55078.61440659047,74413.03511084606,145170.2194737059,435066.8859046999,623162.8710873906,568358.8115781851,586090.6343234007,410653.33523858
"Betânia (PE)",92536.37762509001,57186.134560616374,77183.57106136992,76451.31760122703,77083.80574839673,66362.01556789671,74971.62639402428,67557.4884174876
"Betânia do Piauí (PI)",74309.81929539467,108483.5824865662,75914.34854321396,36950.57455961084,51467.489941830136,52983.06080065543,52066.077319884025,48546.32077277161
"Betim (MG)",169106.64361570278,1579410.857572756,3001970.286989946,2838128.3822102156,3036846.437174918,3133755.576146669,3161383.3793849503,3222449.0464256206
"Bezerros (PE)",153033.5010372396,98575.24083396132,131965.2165252847,163340.87302979463,180775.69721789795,182637.1332255127,184990.63188120213,230674.72493079188
"Bias Fortes (MG)",67537.32183561026,60851.9119935116,44779.398560284295,62200.05072286407,50881.41781549191,59745.29746492736,45129.68464757771,46919.03069196973
"Bicas (MG)",22979.79785234693,27426.71476790053,39903.306079613096,47232.28343219735,51385.092427418895,53376.72639076928,53050.7423719408,51003.48557095778
"Biguaçu (SC)",151096.32316241055,104098.13582507991,84267.6469035565,29764.71227655962,-5933.405373004667,83418.22159617527,89702.1371581424,68815.30389744834
"Bilac (SP)",55068.892396236835,55607.74616927976,55738.72693537141,61961.09651148432,53965.090303832374,48670.731885651,48122.91621853715,51964.79480766669
"Biquinhas (MG)",132976.46363148955,101233.8416932084,68139.27959602867,68075.98738246849,72065.18433445242,70058.98367719972,81105.71264738058,84723.49587558622
"Birigui (SP)",187864.72715526726,197509.6530526231,277619.2311679045,304320.20532036613,298655.2474540566,289942.365284067,295968.1988898479,288638.2780776696
"Biritiba Mirim (SP)",29569.607784653614,91701.54048849382,82254.27909775432,58798.229424559235,75582.47792862418,55502.98680437926,75396.51867779624,40173.54008790524
"Biritinga (BA)",162523.49640783557,58037.46603207959,67808.06008891796,69162.87360882742,89687.04856830074,100653.43665151237,83136.41182060304,95740.10013766185
"Bituruna (PR)",526007.030188987,834864.4384226141,445978.5818625486,400143.60832940025,345976.720465136,392357.0248712805,342868.69411820907,137052.00844532205
"Blumenau (SC)",131503.84896919146,126690.3285665536,467888.5129384181,477927.6933233589,499683.1455371202,533800.128256211,511464.7441201061,499002.66108957306
"Boa Esperança (ES)",70333.562609647,60937.70396687094,103346.07847895914,92777.15583074484,74626.52162075455,70786.52263475722,67386.79945525446,66362.48771839598
"Boa Esperança (MG)",219500.60072956828,239434.53817496425,171457.43785741858,160154.62011547614,166707.35928494917,166707.78073078865,166924.08691018616,178604.92469990102
"Boa Esperança (PR)",32202.477552064982,29983.271969942234,31639.254686596818,37916.11249489317,38838.47240561521,42048.14374921422,52487.72277421953,46711.94726812895
"Boa Esperança do Iguaçu (PR)",43144.98235465238,53654.82088120095,50882.50351785735,60035.840187921516,59059.564085432714,46806.70491113169,45651.08705399858,42133.7230701027
"Boa Esperança do Sul (SP)",358343.25155016687,118794.63394226177,121691.37421529031,159249.01811200083,162857.7664579108,187458.874544887,190200.6295940694,150972.7917558687
"Boa Hora (PI)",29471.69913202356,14005.834065366866,23815.73936319638,48382.05512358803,30121.64868941598,35045.55994525122,40348.802775630735,52797.24715795515
"Boa Nova (BA)",201216.97657889078,208565.03775172707,108000.23578471664,115919.33835986564,116978.21906654719,142077.5743378785,126327.16368979991,152391.53740038574
"Boa Ventura (PB)",16234.165498998913,16995.96871867757,20471.59248654797,18725.30166427323,24365.198112616705,22169.645581839897,26830.72963725869,21188.70387697223
"Boa Ventura de São Roque (PR)",122745.11048023286,146729.40878744528,138970.51106302525,134057.4991048006,138088.86462619735,130053.27531946171,145396.1288404448,118649.87532472896
"Boa Viagem (CE)",196553.73239199969,275019.51255629066,445339.3043301141,237824.05590919833,262692.5921361685,357444.27751817007,368183.8425285857,320991.7297389632
"Boa Vista (PB)",26899.491373997353,38160.26026590937,36783.01587690806,83967.35114838216,72855.0190585835,53562.448656056215,51176.737086819405,46519.08575892425
"Boa Vista (RR)",106274.41283498071,640350.926573561,1185284.3053335147,3273446.2865114217,2357601.932606545,2050917.5576727313,1703247.3692863188,2561360.481654343
"Boa Vista da Aparecida (PR)",116606.96188977525,87678.84966247437,80820.59840455333,87045.27892773072,88091.61064418731,79846.91290227287,82672.73197944743,78987.86993697616
"Boa Vista das Missões (RS)",38548.45710598607,23390.150875445182,44430.28353332262,57013.54940886078,44759.907945520754,60349.15555458084,72492.21489861548,56912.52524093021
"Boa Vista do Buricá (RS)",56883.23375839078,34456.79166235657,56134.654143672386,70166.48070053055,72577.0437095503,86777.86053003735,69228.73045412377,65538.33721736648
"Boa Vista do Cadeado (RS)",120548.68714080701,63426.805318663246,95720.73396589866,77722.90344336383,106421.3784362585,90463.8170063548,101508.02107801306,79300.28285305234
"Boa Vista do Gurupi (MA)",102834.35060313068,1449742.5830685277,299072.060519569,145927.80362277167,91541.10184271749,150137.68792086042,273487.52401762415,80495.39487282392
"Boa Vista do Incra (RS)",186273.71077548855,73162.16953289494,65403.77427210188,55172.482299515774,72700.84473236866,57444.37635973434,55152.46429370918,48422.08237187633
"Boa Vista do Ramos (AM)",33266.59936548147,907125.4795994062,257734.36946925265,258992.75691278809,189189.53452536458,317778.25186438614,513422.59240246436,250151.39712150625
"Boa Vista do Sul (RS)",16779.879696523123,128001.20376901231,69280.89391744098,43815.862960826285,125727.39726082246,50353.74887723205,38462.455567299694,31892.611944554756
"Boa Vista do Tupim (BA)",469119.3518663129,367726.9260431371,534386.3008960473,244158.80516443643,315613.20197017334,276352.943562616,365183.99082027545,373475.53325566027
"Boca da Mata (AL)",66460.75416174711,36517.33096334675,72123.04948851583,71582.75212876924,69822.19541828452,69110.12845953405,70933.28120305677,59439.098478628235
"Boca do Acre (AM)",1266986.042466322,3736547.843252795,4673001.358676145,12673768.018943839,15912405.296083227,16284416.018429037,6632933.399679749,7548392.062742819
"Bocaina (PI)",16521.86076992889,21482.02914863955,20019.330302524024,18348.640217703945,19659.214293246547,21148.306469380288,19847.704043171492,30546.34274682211
"Bocaina (SP)",205632.0301968393,62871.59016323638,102005.47654432789,96203.23226301602,88578.267297631,104501.62677620979,91776.56688284136,88047.91923481898
"Bocaina de Minas (MG)",70325.49939141718,88148.59629172253,58335.378632428685,60467.07675629913,55745.06513044943,70883.4753020211,51364.03286913737,43663.669280604314
"Bocaina do Sul (SC)",200692.11441010077,162438.0167616974,160345.49301948052,163474.95848240994,131496.11358179734,161285.79458302908,119461.4874914509,115272.82758098781
"Bocaiúva (MG)",579239.6178617396,472953.28996916674,444486.0937319615,374118.30804182636,365661.3378831719,387136.1345425726,496259.0820633182,469395.87091973436
"Bocaiúva do Sul (PR)",785410.4009947851,255573.8304235106,205981.3802398312,172922.51701217453,188204.25550852146,284401.3303211241,267144.07703171397,106551.48218421609
"Bodó (RN)",10588.495510438552,11251.975679167035,13382.800721443926,21153.27119642931,20265.552150593503,15026.970733938886,35033.62228180888,29679.00654194586
"Bodocó (PE)",231162.57836148882,283554.15430927865,287947.4861437605,334028.6387919379,358492.5330400789,438823.15378457395,476746.29961384507,451980.6908768076
"Bodoquena (MS)",1340259.8107972993,689431.5983669428,920261.3799964525,1276261.5126269234,1679228.9763528751,780562.3348167512,1510261.5805894178,1111092.0962386844
"Bofete (SP)",287511.63732766366,227861.35561059695,170929.9764880748,178403.37496983216,171567.1557799156,184102.62749195183,143514.29372394417,125511.24312611038
"Boituva (SP)",75203.76252160885,71720.78159848737,144854.11040058703,297150.529219096,323675.74412304384,327510.50694028445,320853.20231765823,287494.29926709103
"Bom Conselho (PE)",252356.74333021996,160708.2861116569,303388.31768050767,328441.2458605127,298762.5391083134,421898.6849063389,377837.3628643907,338168.14911776164
"Bom Despacho (MG)",408186.14554247016,380610.8346063412,407772.11298230116,406596.4494466916,421990.2488865995,401896.1733659875,438331.5338296081,458781.72328789544
"Bom Jardim (MA)",7991960.715799823,1923677.6930648223,2287168.39710221,3238690.7440903448,2604021.327591579,4701478.420427939,3088309.1156435166,3770381.937616922
"Bom Jardim (PE)",134061.8394463371,38528.79524756172,61662.91193368307,68065.99337896972,76029.71091465506,75088.2935001637,83430.95024605123,105497.17578746844
"Bom Jardim (RJ)",123226.89103349387,151865.72802060578,118672.14027854214,121009.59003768858,102943.71862327353,118498.00476480805,112917.54954044368,94100.67208815532
"Bom Jardim da Serra (SC)",72266.93487039118,88729.71139628292,94375.85742298806,94096.04389336394,103767.71080155433,147617.6701436012,96774.59336923355,95540.08261958735
"Bom Jardim de Goiás (GO)",746089.3446926523,628578.0530658761,463827.00347230345,566814.6732617372,583792.1395277516,536132.1099423898,506563.9534699103,447391.12934709474
"Bom Jardim de Minas (MG)",87672.57500140798,71734.4469978832,68059.48829491364,60601.56852704049,37207.1406652498,49117.29621464022,44570.98333265987,41755.321629641556
"Bom Jesus (PB)",3231.786268433937,6264.548961898856,6631.218621725958,7713.389691120316,10326.321216916756,11136.118285589688,10867.685859477917,11905.863941763575
"Bom Jesus (PI)",171497.96075332764,268766.6640848905,2169239.4606124344,1740434.616431542,694641.0916748794,909285.6769445639,1145191.1124849808,891095.571604882
"Bom Jesus (RN)",40223.300119820065,20845.193642397448,24973.256765771468,23754.919990038885,24695.552835424027,27043.08389289869,33400.555316184356,35356.97683654298
"Bom Jesus (RS)",508674.0469800286,372904.0701311338,553299.7796716365,421227.7046273881,453014.8074892004,560797.0391359631,416743.0255385729,430811.0602085309
"Bom Jesus (SC)",4317.957570005384,14678.449342868762,22653.61440246538,25314.753742391946,23489.272781604428,23987.600228379877,21045.519654392905,22563.301678690492
"Bom Jesus da Lapa (BA)",414242.4777362171,512460.94093386474,468010.4697845229,605875.6557415045,560906.9015270132,601483.8190432051,499417.7424541208,473463.9352153521
"Bom Jesus da Penha (MG)",83384.84438935776,41436.54100626531,43083.94107667334,33940.727678385774,44586.81430018084,56981.501884181474,50953.179689265904,42082.05953419526
"Bom Jesus da Serra (BA)",28003.177888222614,47097.71856997192,50384.2229363921,34918.62283144872,37726.25646781628,50361.95622826762,41772.44499515488,38516.78398373881
"Bom Jesus das Selvas (MA)",2559211.4768552436,1435288.1819925418,2852365.0125419013,2661431.4770668307,1472559.7786809602,2139124.346331806,2144802.7468578634,1768121.242325003
"Bom Jesus de Goiás (GO)",479173.24242496357,341466.70842962206,303476.6564420763,361844.3874539518,387138.7842366728,426511.82548784954,428778.40075257677,349697.5238134499
"Bom Jesus do Amparo (MG)",67365.77357285611,61216.26509482521,67399.53124245712,95615.20416943972,99374.05865599579,94719.55450838794,89101.42172200793,95723.96115517271
"Bom Jesus do Araguaia (MT)",819110.1760577613,1814813.2292391506,1152222.9132665335,1239603.6028624794,1279328.54082065,1362133.4725121837,2616000.834627225,1206064.3658391663
"Bom Jesus do Galho (MG)",442166.3278764062,387701.0347419849,125150.73776141502,120635.12479140835,124266.02020738114,185841.59892728878,145095.44714403874,191688.43728504557
"Bom Jesus do Itabapoana (RJ)",178341.76758775546,175083.04356564506,220363.8303583119,215493.1542878946,216630.46052146796,256533.54795907898,244713.1706250053,243602.8159062091
"Bom Jesus do Norte (ES)",21719.808598434556,22175.74495689168,36492.07450354083,37081.74984564814,36445.754124078725,40637.74221869219,41087.1257010441,38342.01905239958
"Bom Jesus do Oeste (SC)",17776.766487414527,21623.830383112225,25341.015772322076,31880.68418938502,35915.28793967584,36903.9041439402,37523.0625767623,30062.61574394727
"Bom Jesus do Sul (PR)",61936.932874937804,50864.85105030805,56873.23610230034,62155.76085618304,74608.66553271496,59418.312623435544,60768.35018526294,52919.68873929594
"Bom Jesus do Tocantins (PA)",1768524.2280983028,4152360.4809915265,1354752.0588897818,2413914.1366492664,2489035.971277036,1647626.8616600973,2166405.4663283983,1064971.1146880074
"Bom Jesus do Tocantins (TO)",124296.21005420022,344275.80442376505,243665.83796997694,370433.2870314532,350590.35652209783,394563.5502305389,686811.6106679372,720551.6202256302
"Bom Jesus dos Perdões (SP)",12799.725202268075,24401.01621238277,49983.7866462576,73494.26146074434,89695.41145601925,89866.82412804017,90367.16867969844,89656.2559859999
"Bom Lugar (MA)",282479.3309520071,249877.81280669218,234460.2455258936,288323.8083284013,252304.40540584936,501201.2435823227,256356.34746472267,139269.05546690265
"Bom Princípio (RS)",55424.83307219388,196224.091135149,82617.26300006169,88655.70177406944,102845.88706721106,94330.56371234462,84459.32008730707,165213.18168825816
"Bom Princípio do Piauí (PI)",587.4474466165483,29427.65952884983,27054.011099862906,27177.60579966952,37899.22718818738,42419.51901127085,53942.20186312831,59075.357210293325
"Bom Progresso (RS)",26764.251180936597,9716.834611734559,15097.864792429556,21600.241572572642,21928.374430776243,14165.471777868543,22020.75822871331,16857.57566372607
"Bom Repouso (MG)",88872.80087199273,110889.01062507395,81661.01568139282,56640.92451040198,59914.34818657003,58652.95353667668,57642.843438946205,51058.04986703089
"Bom Retiro (SC)",210708.53761828842,220605.7760803841,246034.1293253873,228859.68564632416,220898.51707794043,309269.7894257823,231396.66633015656,120902.2764659964
"Bom Retiro do Sul (RS)",75270.25279754428,53364.17490039285,58934.33230976947,49669.77700286403,70186.30222357794,52880.07741161896,48706.1875014298,49417.771359552
"Bom Sucesso (MG)",128655.47014873913,130345.03188324692,131687.78123181168,138055.96579185748,140307.8801825514,141437.40383426732,134716.46544118086,126951.33191213096
"Bom Sucesso (PB)",10302.032645082734,12233.600139801838,19803.575341879303,34357.864015524596,34203.36484786792,39088.41636763713,32964.18746810516,30552.54248711247
"Bom Sucesso (PR)",128375.8921828681,84506.2180917013,106663.92515087355,112758.15610610845,115176.84545001156,128452.48506361667,114742.02791055516,114799.1991225446
"Bom Sucesso de Itararé (SP)",38691.29820108124,17586.038195988815,35468.1013332594,20920.13302723834,13862.34066019945,20998.615835257944,12873.500871483455,9450.249261582052
"Bom Sucesso do Sul (PR)",43292.55438568462,33946.37661404125,37490.71407427539,46312.26562893034,41058.763390411565,50264.903334433635,43447.381320620276,40177.99223103541
"Bombinhas (SC)",5984.486960582076,5811.6305404768855,25232.812976300855,25965.364187905747,30631.48038020556,33626.95858853619,34248.00972608049,35729.219775557074
"Bonfim (MG)",86088.54846370079,48350.801748641235,64423.39078785348,50576.90892323462,58153.95864039299,60461.80340002515,59239.39400717228,44969.17514986455
"Bonfim (RR)",254503.42565424513,1535059.8206759568,878550.6526232994,1205269.587552319,1271575.1615965443,904983.3090556812,1324557.7648585169,1607136.853376199
"Bonfim do Piauí (PI)",12320.063562317226,25852.726922814596,19668.412931767143,21238.313311940914,24056.413884252946,34985.59706526653,22835.989379649345,30340.28154404148
"Bonfinópolis (GO)",39227.430175990194,46770.94882086562,33438.74421594925,36876.79014321802,36778.32518487805,32606.01948336659,34170.90711491513,39797.49797808528
"Bonfinópolis de Minas (MG)",725388.6867094068,520630.4641720757,298447.09197506116,312909.23742386186,340704.8916247138,355583.6619986798,356548.1426447684,339866.5412062918
"Boninal (BA)",108350.99115036847,60685.0423337842,97520.77517425366,57516.78757202867,78190.39206012287,121754.2834446732,123683.01180105597,118383.97281087602
"Bonito (BA)",134694.68884548414,87412.68193540156,136718.3279780436,160323.99863892273,153857.67987803466,186422.48892101418,270256.4256916085,191513.81974029445
"Bonito (MS)",2921965.5956659983,1537901.3262593278,1257139.114665812,1461042.4603549552,1708250.8851085387,1358077.9352217175,1305771.3933359983,1132597.6461213457
"Bonito (PA)",735246.181161549,2209291.6228750474,658724.981850263,172680.76640842838,217226.94620299942,93934.8189709105,310895.54918920435,113300.54342924758
"Bonito (PE)",164623.30092545867,95616.06440732944,94805.44070566894,99974.85605099602,108703.6350635648,111537.88635760071,108468.25622513962,108424.26357299028
"Bonito de Minas (MG)",199997.82563272462,134750.62339999413,127776.9807415385,146553.64374470373,283070.6538186172,203228.28339528697,326936.7494013068,351944.59817535937
"Bonito de Santa Fé (PB)",18787.22120546043,38922.34426754153,41017.5035972448,45545.95997909196,53044.13994861893,64397.670056542614,67264.13544009431,44895.45711991764
"Bonópolis (GO)",519032.0474400054,566092.2992442403,390591.5638455744,378540.2572250116,386647.9313755706,434422.7166520941,463066.11036185053,416878.2554671578
"Boqueirão (PB)",148397.49027897994,66972.69503451165,60166.18009261086,68491.01246609849,66772.60606528551,56519.50428642755,62540.27086755021,60617.35446908549
"Boqueirão do Leão (RS)",277747.6941956852,177275.69471114222,123208.88561997573,88934.52688966665,129000.39806786487,63367.072787216006,52253.703760879136,57199.57019079183
"Boqueirão do Piauí (PI)",8003.566588547684,17635.09283743187,19444.1640689121,27148.01100901123,32618.287240357695,30381.885465530035,35113.53492479414,95759.44279177213
"Boquim (SE)",105216.4125276242,60320.80334568659,61457.3637646609,67260.9488513452,66895.15340587965,73957.59725852268,80247.12909118691,84312.56945487096
"Boquira (BA)",112512.18442215887,129550.84925430137,99884.09005327593,85096.03149047174,90997.5237865293,90938.13130461868,89537.85288641015,87077.43965401906
"Borá (SP)",29812.452210655567,24566.627565960767,44393.74282604877,31888.42117084201,37428.35881436943,36229.33185766023,38781.610799197966,36484.52631228306
"Boracéia (SP)",25987.834099488584,28298.417052478973,30273.65837015563,28963.367782019286,30902.11899683306,31967.16138547991,30896.089298910807,22653.56453486349
"Borba (AM)",174078.9388903234,197870.3003667723,994104.0231445218,939397.3293775811,1692960.613332595,2981049.522469958,2169671.380842794,3138852.0545393648
"Borborema (PB)",19941.544342755016,5927.392337243276,9351.401518044582,9906.109408151253,12347.675118101228,8685.321740710107,7955.58837437103,10628.829899397044
"Borborema (SP)",112045.31432335469,110351.69090708549,115882.16036693774,144618.60006698803,134498.65068237993,130000.70270211564,136909.09076959666,113816.63678077652
"Borda da Mata (MG)",162190.17877097966,118137.194330224,121797.98949210478,95307.14024991295,102940.84124845907,95381.91985916636,92862.63103194567,89741.82886469121
"Borebi (SP)",215079.70215309778,55999.91284235418,120815.75652707505,46241.407713366585,39331.04104261379,45146.274805076304,45071.427476699595,38603.89433954666
"Borrazópolis (PR)",114074.11566923653,73275.42214859798,102051.86404929245,113422.99580103853,99792.71576763081,101653.8658176354,100906.7567542402,90481.93859784257
"Bossoroca (RS)",342969.35345060605,326071.69418607844,639435.2674672408,430262.2948572128,425821.9127211705,464357.4961533888,342508.8697566342,387553.2554663468
"Botelhos (MG)",84095.85383842813,102383.11049415717,83739.22526784465,72792.60563293948,93916.83622147929,93189.76017447952,80563.88958107345,69447.95997049738
"Botucatu (SP)",375550.7329737072,416581.3553696732,491753.08844435436,434389.4542672324,429807.64600063575,461488.2452346757,461571.7471669215,442886.28281802475
"Botumirim (MG)",87866.97293928941,109055.79468711834,135973.50955451743,112806.68990148885,77239.68441691047,69819.10296722861,97250.60926902456,79925.90422504013
"Botuporã (BA)",79849.99420310126,80079.65592652398,67407.57490969171,59232.16161292351,67572.11966560099,69882.05528247505,70164.05199535169,69978.55864290218
"Botuverá (SC)",30204.605257564563,28190.392187880156,100740.17393151336,41594.833838883875,38403.180012975885,43735.41841899019,42946.77791356683,31950.6322336511
"Bozano (RS)",10749.057532232096,6284.038683235179,26976.003336712754,27865.41371007519,44133.27713356599,30453.795725220403,26088.824188963332,26634.754566290212
"BR (NA)",103774.6,431200.0,19909.0,23957.0,25628.9,26021.9,24427.9,32805.1
"Braço do Norte (SC)",107447.94020774265,105546.3515604446,182856.61099507916,269300.6946300492,270551.98047494434,276463.9898017233,274884.7270416231,260065.63599996408
"Braço do Trombudo (SC)",40781.626192455406,38432.05463855009,38745.52430240948,41201.1614327416,47842.746812722595,46470.57823802928,44285.98214422583,33455.77652632165
"Braga (RS)",30071.42145217435,19966.883142683397,22794.502443920996,24805.613273608844,23392.90442926807,22290.99072576211,21943.730157587077,20672.036723847472
"Bragança (PA)",337030.88037081907,3537069.2945748325,1333135.101590466,366348.0790888039,506355.4570370614,1579939.9798307624,1420769.5134154342,542053.1123714825
"Bragança Paulista (SP)",203551.46765283032,191748.54001253098,317718.19454810495,345459.12754702993,396932.5380949778,377597.1278442182,374110.5178150669,365275.19794225827
"Braganey (PR)",94096.79593545997,125192.34642149517,74201.37437434106,81345.1534449037,83537.2430901059,78724.68083527892,82256.12962687919,70449.66068263214
"Branquinha (AL)",43990.39637566277,23815.846002354214,30530.145462169523,39638.46326267155,35637.31563793707,33495.395315031165,37261.668829464485,30260.635751476264
"Brás Pires (MG)",45261.70015699861,38532.858077470075,17478.48063526343,24006.83123122186,35081.34694781403,32409.975554845718,28551.877137147647,34457.644111130154
"Brasil Novo (PA)",3751020.5776962712,4853827.130069581,2245052.9727042536,3687919.467474772,3894658.133840135,1965534.3672962706,2060790.9127417202,1626956.316730914
"Brasilândia (MS)",5118249.439528301,2452486.4063939843,1236737.6481409695,939106.2353935756,1064729.3494516192,883208.831840226,894072.980852691,923014.8524727081
"Brasilândia de Minas (MG)",612047.3782656135,338509.2761982421,466122.13010166807,354649.47275220574,369929.9965150121,431666.7619378407,455077.3018017151,507084.9318229123
"Brasilândia do Sul (PR)",9206.84646019285,73764.08212089953,43259.93765029444,47043.8769008619,49575.01664394797,49653.05367478277,58517.07671630926,43397.16989488623
"Brasilândia do Tocantins (TO)",83960.40519116152,197867.1907042491,251625.96793003203,128016.5191288482,142767.07227780472,168067.6678324325,155779.55299998404,150984.71757536678
"Brasiléia (AC)",1702339.5983456818,1866232.9486634915,1890847.4726673157,4985490.166448334,4030868.33882529,4745977.641343773,3306762.610725974,2077050.9169972637
"Brasileira (PI)",27798.250418150474,50427.306429560165,41496.63849747164,59817.09710089923,79774.95075572928,49833.174441235824,138369.87932449876,44786.88059773547
"Brasília (DF)",2094855.3437232391,1983339.8840667384,6177505.986044709,6595831.017733253,7309264.829347881,7268551.347497249,6720694.166432919,6549687.595107316
"Brasília de Minas (MG)",490615.61633465596,345338.897369151,272315.6409170261,300722.350090311,276162.11225062935,285847.4340718643,287563.428976789,315525.52825479786
"Brasnorte (MT)",5647826.419424794,16820456.68606276,2778300.056577472,3926318.5114355865,2721087.600872304,4650682.561829396,5939703.881498593,3748783.920010782
"Braúna (SP)",46070.39908240824,48981.24839686786,41923.67122505924,50709.84311313721,43993.80311193004,43266.100216431834,49969.797779006876,43336.63971457579
"Braúnas (MG)",297222.8322232963,176409.70753552247,60463.07451654727,81379.07534736545,94767.81637449138,126925.96574437934,83029.17668997998,123339.4112994
"Brazabrantes (GO)",61077.343418233955,51080.8262018978,45337.50610812918,43425.98759339966,48066.96886013316,49691.28774897237,46762.68889966528,50983.38680693262
"Brazópolis (MG)",113304.8751595018,96045.49685018953,127875.72597975463,95493.51380096027,89777.53375581342,94859.12651595658,83303.69761240573,82062.89371411839
"Brejão (PE)",70367.44940180326,76447.83952720444,78344.62867610813,98234.51918384242,90129.20386553979,128888.55555214867,103914.3272887301,98752.24578510692
"Brejetuba (ES)",88467.5892613835,130789.33676297129,67978.48983726754,62320.78072401638,54143.72562411782,102311.59247057157,94691.97932861155,51553.47300168651
"Brejinho (PE)",15173.76651266265,10800.485277053367,19076.71931868941,19672.789410544716,22206.353208048196,23128.6883722099,25037.742858111957,23073.961376710453
"Brejinho (RN)",17063.164315265367,16290.009147837824,36184.42981230734,28287.21692872413,31177.818019216935,29353.86941510378,29274.59399756524,32918.36193996593
"Brejinho de Nazaré (TO)",665789.6645924608,378503.3408077904,381240.15690620255,267425.9819671562,261037.00734574374,283782.5387285284,300129.3098579932,320778.27992865373
"Brejo (MA)",97847.7943673906,146988.31537074162,322946.37920766824,409271.2182562474,371928.1359150039,242451.85749302208,358222.4009949891,389643.0290688165
"Brejo Alegre (SP)",4517.362310205116,16932.723212348166,61923.15884151794,27806.389946689735,29491.087268514533,26438.9461297242,27010.64291959781,21647.170065262988
"Brejo da Madre de Deus (PE)",67329.72799518438,53307.22923765082,91846.1611317988,109239.54891590419,116152.63618904809,112390.21903586922,104296.34719441624,96810.07888990144
"Brejo de Areia (MA)",42523.216550312456,396813.79682611494,1524105.3746103959,918681.6267914213,1047548.6840488436,1080673.2917270076,818190.3217379536,442194.018856911
"Brejo do Cruz (PB)",47844.04614543463,32835.910032267806,49225.978900032365,53063.699212063366,59108.1510069472,56481.69549460372,71936.86671772611,64974.778033203555
"Brejo do Piauí (PI)",17021.233616394966,23056.88374628578,32289.73377560981,53768.70539174499,55829.649632522516,53451.02330235326,64639.59656771404,147264.55929222525
"Brejo dos Santos (PB)",6336.053012799655,6139.424337304338,11705.011495847632,16383.864291460583,20777.01485748351,20116.99033253066,17284.18386031551,19252.965994840488
"Brejo Grande (SE)",54937.91313472604,33870.54341101151,32362.365287712262,22692.145088685524,35040.724294398315,24691.775034344722,29153.436710926533,28986.519216728128
"Brejo Grande do Araguaia (PA)",1764614.35754734,2708938.981033794,936951.3463023845,810707.1869416777,701880.3852290513,696395.6313685909,886448.522609521,343163.06370234926
"Brejo Santo (CE)",124562.2462803755,103663.07023555048,136933.63205926312,175618.6868968427,187008.27689430723,232502.0505422205,228759.5816672403,200520.67969369452
"Brejões (BA)",163194.04099597535,91126.53682019869,121327.15976314529,126915.6827578912,134885.96127407617,118870.011360805,128568.98208494717,123025.95656943142
"Brejolândia (BA)",413038.59183215164,221676.62668902794,223472.5878698112,427675.7290897577,471604.32044487563,481148.69469956687,612715.5489133478,540764.4007465715
"Breu Branco (PA)",2984989.810788796,3670623.483555042,2394663.7174939127,2253759.9550507753,2653527.450134492,2548205.7429698585,4743059.1828621775,2129969.844762846
"Breves (PA)",23668.212729049515,103922.16469862734,113206.65256231744,204352.83221767948,138241.93853879118,136081.79664708136,213024.79297094417,171774.26250890995
"Britânia (GO)",334476.9745129204,429844.85496803356,408536.0842275653,418375.5326620246,401655.90904480487,400088.49368087406,397945.6927809736,383424.4490372969
"Brochier (RS)",61333.589099682504,92789.99042226888,92018.97069382084,81969.81422290852,370098.9681008752,72132.79684690115,49217.43106244066,63558.33806559623
"Brodowski (SP)",244508.1556473575,66619.58688554773,93026.20364134709,94366.98745412484,102641.41915886043,98994.0910593578,101099.99911495039,94418.24822452855
"Brotas (SP)",310815.98487724824,326843.5089081163,302068.56925508246,301511.6594418824,299508.7758404336,322853.3328988219,267976.68830629205,261444.90431013296
"Brotas de Macaúbas (BA)",80238.93773831446,123809.1906812226,84898.59422502268,73215.5951672726,77619.08523133816,81998.6834717135,92280.30427114226,92065.56011881887
"Brumadinho (MG)",248004.08203022266,125070.9509675718,200574.5419928941,253816.33796371464,199101.18686026012,240073.96035308554,209677.37509293947,224664.9329685708
"Brumado (BA)",309392.0926549772,197704.37010274074,440493.6301201937,426423.1271220125,450124.5575209982,484477.05129574245,454445.139072425,419980.4946521748
"Brunópolis (SC)",62963.79461245827,79343.56145395679,68805.02745033964,85308.54056205126,84843.99068699767,81391.043896593,81227.53625026527,69902.5146494765
"Brusque (SC)",55590.84135344281,55885.49540184212,223666.71578609123,263901.3141850962,282862.4571869996,279984.72256496793,272284.239470631,258832.1691269855
"Bueno Brandão (MG)",78794.93921952411,101662.60320835806,81231.06802222317,84614.94807060444,85777.54959578006,82097.33595500128,86547.63814549828,80036.86708860149
"Buenópolis (MG)",163167.91254735604,151301.72930486404,117758.14511644142,112668.06784469413,166810.8575967243,171417.49080959824,165248.18190568098,154297.33700599193
"Buenos Aires (PE)",38032.58763972882,14982.451291229116,22558.955848436883,23844.078374505258,27060.42257292518,22122.30568077214,22744.882950884585,21141.533951385558
"Buerarema (BA)",53020.84977281618,64539.39067696843,106138.95145070388,113772.83939121976,149402.19971927194,127921.31905160776,161588.1549728697,224413.86726632706
"Bugre (MG)",50716.518857766954,24571.353208671357,23478.03508397108,24566.592297318213,25864.474852854342,47746.85508860853,28510.107450425527,49654.444178403544
"Buíque (PE)",166511.83678223033,144198.64589376037,226293.1063932576,178623.27046449197,271230.323304277,248963.38653436958,291111.54937386414,283287.3567290834
"Bujari (AC)",2531131.765221293,3046586.2692494527,1840189.5881852752,2958221.419332509,3215089.1204553437,3729037.870284421,2161460.4858424184,2113664.3725035083
"Bujaru (PA)",204764.36323622154,634717.3203781641,804386.8537376799,168589.98698515375,262112.70191868255,203189.03545528746,274352.0401783921,211127.4508887214
"Buri (SP)",363713.9705195424,352627.3113100834,201262.45518322207,190810.11920068154,203293.53113184226,165510.34033189548,182152.69409896177,143119.28927583835
"Buritama (SP)",84582.43234436051,91154.53813263049,98548.86341165463,128197.3141737341,134101.33710305204,115973.38774869725,102495.3207931236,111136.84836437096
"Buriti (MA)",81148.67366946762,172525.97200067944,295077.2414359751,684668.7235646597,1061922.27259836,233827.54915758295,320118.8152884217,297667.1092968963
"Buriti Alegre (GO)",266322.134712096,350665.97112108755,256383.16305376537,270576.4326625482,289187.1502805828,308848.9284613801,300316.67817548703,269568.30025484634
"Buriti Bravo (MA)",166910.99046643268,129661.09491583078,284905.36819958145,740347.5133292748,938437.8372195801,764794.3317252799,1203508.8272841088,1051457.6757363675
"Buriti de Goiás (GO)",31290.38319232461,58934.855529949746,66909.41459610929,78110.25968409688,80068.35399087542,78334.105098672,77387.57499855038,91381.39925099195
"Buriti do Tocantins (TO)",183615.01392900583,714645.5692856588,310377.0190139971,233786.69810416276,205641.8350552104,281935.4649477579,422381.8785818632,100688.87536724133
"Buriti dos Lopes (PI)",122759.12681594175,72836.59054125076,82553.8122644528,76410.6208872757,85407.86635927584,229586.02293649397,104048.12444819332,97545.3905966734
"Buriti dos Montes (PI)",32977.30665071866,113031.4327054207,59432.937438113164,135285.20757611768,171498.4279233935,202324.9136694104,299940.94946734665,158439.7401954328
"Buriticupu (MA)",813762.6587012656,986615.3613188796,2116953.238588321,2712313.267503504,1995360.3979160194,2772656.8441533656,2326956.9388557402,1679368.1828429576
"Buritinópolis (GO)",85110.2869247027,37982.40010930376,44823.90093187337,47142.95936615073,55692.34908256299,58709.952782546134,81809.60572459843,68456.21256173309
"Buritirama (BA)",103711.33415141822,227858.3518231711,146401.8858717472,188438.7787979365,238544.1141230714,269022.34669190395,234657.92982672923,208732.38898727426
"Buritirana (MA)",332078.3331392943,541331.3344494543,429495.65490602393,501190.857065149,524105.9675059222,470450.2235184839,355991.240883777,323014.42998759786
"Buritis (MG)",1370612.9224490863,914283.1806193395,689333.2134143731,825594.0914520167,837464.6300462041,770869.5568036385,821413.005287335,754316.3725632838
"Buritis (RO)",40041.795832179785,8386577.044714685,3023644.7239778563,4589472.886531275,4505303.751531523,4108677.173690551,4374095.38790202,1617042.5141150954
"Buritizal (SP)",89679.11973576281,58793.16788040232,87996.78653663112,77137.84460583911,74197.86231054174,79430.57080102802,78327.49138522882,64908.47301141676
"Buritizeiro (MG)",3138798.7268025065,1535676.255714872,1287806.0008691424,1123242.9330349485,917305.9917899615,981942.6015331991,980248.4854091287,982574.7296786404
"Butiá (RS)",487950.5235743133,329127.7473903449,293804.69820725085,189979.07689846592,355973.9859157396,195582.61695008125,204040.41771362725,270414.06653281697
"Caapiranga (AM)",198220.57570063134,127550.78632559867,1005324.9280399557,216787.84882436573,213281.32483800803,169624.72867576155,432080.66926330916,128885.10503981684
"Caaporã (PB)",21338.90768856795,24935.789403538,39739.94282118795,50422.097476055285,41385.52691317775,51771.718076038764,69737.45863493817,310748.2679411727
"Caarapó (MS)",753602.1194064232,643920.0764641295,599849.3963153386,604112.5028724018,575166.1108536948,530636.6893311099,589092.5529893012,541373.442656834
"Caatiba (BA)",209359.17876184953,168107.84710817653,145030.76343657,191565.98392251966,184612.50030335615,186490.75671517255,152817.44328878235,173919.6241327206
"Cabaceiras (PB)",45624.91273431499,30860.72859999376,24674.81155794032,73007.51763781284,60424.28485115608,39310.07475837231,44636.02117072473,35806.96048678685
"Cabaceiras do Paraguaçu (BA)",105987.73242536267,57454.172336569776,33242.996069896966,33645.303486176286,48967.02388170255,43049.51711402265,44749.1227007087,44255.2220892874
"Cabeceira Grande (MG)",136275.42054536162,222381.47223503896,189690.45048931855,189361.61184552798,193003.68985500318,197026.21239905737,218402.9654334659,227431.91039107734
"Cabeceiras (GO)",402119.40432626946,241362.18376364428,200462.26278409577,265929.970126682,207332.6578797039,223421.9649184247,211728.05226603037,214363.48249680176
"Cabeceiras do Piauí (PI)",20342.061077208054,64061.387772261216,88987.43020446783,77728.45014442653,63299.46255159002,68819.39064185714,85737.64058351821,76235.98863784505
"Cabedelo (PB)",15873.640403888154,10146.575024930602,88765.32314811097,84189.57504593128,89346.45269292776,92054.63071171557,99070.88303851084,101270.94654072986
"Cabixi (RO)",1431222.5747451603,2101930.277121052,416627.89584005345,666671.690373292,769486.9521059869,806618.8126872153,1107972.8854586917,463814.4015317306
"Cabo de Santo Agostinho (PE)",87047.83097503253,104522.55270337546,262062.67938776122,457707.35509329423,1419769.271739719,383795.98326431116,413276.21394460753,451778.5321710936
"Cabo Frio (RJ)",231283.88100878644,162284.85224404797,321388.8088170749,367631.7297145202,400884.0012690995,414105.75376417773,422234.65903313644,414574.1942851672
"Cabo Verde (MG)",113145.7588227851,165808.9966805149,88678.27686377263,80533.34823260074,107168.76358717743,121871.92413275508,82695.10209642455,66952.20766788394
"Cabrália Paulista (SP)",90244.06499476242,64812.40532828788,54751.50148802673,48133.12697888436,40266.09346422149,42251.52186920424,42495.073441330445,43452.85796012587
"Cabreúva (SP)",32240.057770446587,51218.61344407624,130612.21217303154,108905.80185204763,130598.17719872789,119414.56958949483,120513.10425275184,93774.05851382624
"Cabrobó (PE)",154209.66584264467,189358.65029018203,235764.9639302366,214892.01786059223,211781.80947743033,209913.13518302992,255516.62341692846,326077.85363615584
"Caçador (SC)",548119.258528279,547489.184031125,342230.82612396707,305638.05030136177,304560.84043400444,357213.7311409074,322963.4434035312,260811.87504729963
"Caçapava (SP)",113162.61505122672,123324.4363825009,240159.59878349252,217692.02102587154,223390.04531182357,258370.13854954898,283674.90492464317,287306.2627283707
"Caçapava do Sul (RS)",745345.2355737082,728861.5865429695,898547.7841133003,867498.9599355557,1079806.430047084,871338.1045492144,777569.9590267738,757683.6858131964
"Cacaulândia (RO)",889193.9026374839,3357269.4294039314,802736.5367632245,1500736.8431397593,1882481.7251288502,1896733.2387638278,2008670.5912321785,1053146.620407359
"Cacequi (RS)",960538.337379361,940039.412530644,868129.1355460426,818484.9409970616,813084.6441033802,727731.0335985215,585438.0454540751,795926.5925784408
"Cáceres (MT)",6697375.23430199,8107664.557565258,3267130.5553726368,3910318.3549002223,4828926.944661133,5757817.192335936,4911615.972858863,4023669.766584182
"Cachoeira (BA)",171778.13602329354,159308.32285535766,126954.61510021718,101883.92800403618,100836.08810057274,101898.6051984436,104393.5946631389,104330.08562097626
"Cachoeira Alta (GO)",689747.98114861,452709.431066155,419853.5123581309,457566.50632841146,451008.17335188395,478943.2363744148,442261.1265641067,459959.5528534086
"Cachoeira da Prata (MG)",45079.49864273705,13844.62908112735,11570.658453811231,9689.786322654358,10630.103327043595,13013.77977833164,12882.05942568393,13991.09878468105
"Cachoeira de Goiás (GO)",180733.4182972485,66230.89108635543,79235.66597022132,89881.83136976637,85801.11582345815,79364.19051271159,82761.25134767163,95422.53214240988
"Cachoeira de Minas (MG)",86669.52472098015,97209.63061462838,84825.73355820849,74683.3790809572,76113.60776737964,81184.64317131006,74353.599352731,63363.85938326045
"Cachoeira de Pajeú (MG)",177840.7070328038,84862.9674313516,289401.579593882,148324.11587563058,131379.73533597594,213029.1177445519,209522.24359524637,162761.70302627695
"Cachoeira do Arari (PA)",427913.3197492881,216542.61878103428,192130.60407431884,206901.08990801277,251691.62186561528,369570.4567475414,328760.4006744815,479304.4556437637
"Cachoeira do Piriá (PA)",560705.4412872109,2486341.7746501216,1741273.125618883,3360971.3362097326,1193991.5641858205,2486749.3947493145,2547456.9392760876,1300666.3207135396
"Cachoeira do Sul (RS)",1714917.364486442,1460378.4227493366,1239876.8225588195,1119858.9601372113,1585149.9009639956,1219192.2391874788,1130952.5224316528,1043606.7689262553
"Cachoeira dos Índios (PB)",9319.61629535382,20527.128157118845,85307.18368467911,96131.00276108185,109691.39913484188,124368.55463479889,108867.09646534108,87171.80294271599
"Cachoeira Dourada (GO)",192223.0920149332,124995.0620714399,115780.94859903517,175342.2739121024,195524.08087984743,194588.6087086169,195246.76286012548,180444.48730826183
"Cachoeira Dourada (MG)",49142.01448323322,36729.487378953796,51763.776369495165,45897.778145889606,49304.98149391313,50554.20083616781,53815.764215838106,55799.557160267526
"Cachoeira Grande (MA)",26567.72414424533,420584.8083431763,42554.1905397864,117335.04483720189,68392.86910236765,74216.33876610528,54485.958572589254,110230.53141489711
"Cachoeira Paulista (SP)",81485.65051511378,55631.59921087727,89487.18582585594,89049.82510984187,107419.08689019617,127530.8717234698,97364.27292991985,93524.70138353617
"Cachoeiras de Macacu (RJ)",235395.53879094298,197608.1068974897,183130.4648350649,183968.187559666,180096.95200177582,200567.80977547614,192122.27437909425,173286.21105304468
"Cachoeirinha (PE)",36931.016200615384,23798.11071181247,92929.84408149896,95681.33906544761,120110.41950643226,129368.1425130678,125042.24196972368,123585.94771150948
"Cachoeirinha (RS)",12513.097925860724,19597.029386216913,141597.31185945662,162144.1580153391,167751.99186376994,168394.66021614426,165654.92634634706,173062.59006141545
"Cachoeirinha (TO)",27857.7445781028,55293.16913521808,46906.8592617341,98698.82561274337,54701.579830113595,62516.95387274724,83631.66990040154,61379.35051626213
"Cachoeiro de Itapemirim (ES)",283935.09540730354,280433.1239165127,473195.1518491893,894054.4360079924,1063332.12315981,877143.5435740743,806528.7011129648,784779.002954825
"Cacimba de Areia (PB)",12907.341580317574,27197.570553941754,23200.911988629687,15356.120450924634,15299.57378685129,19253.969571312075,18155.26353434196,17036.290144714865
"Cacimba de Dentro (PB)",62092.398244824646,18328.788603934183,25603.956593967734,31221.603824932397,32269.918523613764,31430.2527550727,31986.221052226752,35191.71070998455
"Cacimbas (PB)",6835.444593989164,9014.499128373134,11522.0930291692,10250.615110615916,11379.552747950333,13433.44557364563,13324.423201644246,12815.097311286527
"Cacimbinhas (AL)",54922.64444393219,45423.05418207404,63465.84763943734,71429.62668625735,75633.51169286948,75442.89131864233,80433.46034937155,69086.00323660288
"Cacique Doble (RS)",73343.66493313762,46569.19748704905,72448.53015214708,64658.75900939588,64212.76333926996,59846.043641008095,59832.72350655679,36278.67813994783
"Cacoal (RO)",2567702.1556660202,2684698.52103341,1156857.5714590738,2110713.607906518,1947298.3976664923,2514681.4350382984,3783888.075922067,1884121.8079785146
"Caconde (SP)",103107.94616014788,153331.20867247655,98148.68548019372,107540.17414832405,118706.77058025832,177453.1447551269,140213.01824812818,102956.39155003068
"Caçu (GO)",1097457.9686881758,557542.4725818025,608572.7792379042,603285.394280128,568278.852754145,607870.4991934638,588986.4066809481,557010.2444974695
"Caculé (BA)",69859.67340686648,99784.91221209665,159093.05221696588,85630.62632960532,113567.61496201894,147559.82063898613,154308.3102442312,145024.54861205345
"Caém (BA)",59499.945215547814,103628.97728357629,63500.246032243034,50173.406687985946,53897.14840988468,101138.7992362303,100210.41637478677,96469.20737643928
"Caetanópolis (MG)",49619.63685682567,29308.187222594323,70771.6890748605,49202.41401223091,51491.55302805843,51679.68392957457,57885.52978353044,50897.6189413734
"Caetanos (BA)",94172.17997352673,140127.94725933572,50755.56309419698,72257.96554852353,69153.11334813424,90571.72727043608,75867.8745177086,60259.0236820249
"Caeté (MG)",282776.23453722877,168038.3731242383,157914.473560139,128024.81094502304,115039.36602535608,128141.26347533372,121514.02690709135,105081.22191512791
"Caetés (PE)",43362.99187515795,23168.16487636564,58358.77258435818,66698.16754217035,78733.31522361847,81521.27369733123,94971.68593642257,93966.35333601933
"Caetité (BA)",468901.09808902943,402602.6781247496,299032.8375082793,280899.6038059183,301177.2297504751,333744.3260032081,322118.23032857914,293488.83276066196
"Cafarnaum (BA)",113937.60073193567,41529.68764436281,56332.52059021419,56420.124539475684,53485.16130038193,60550.57409280727,70269.9153735954,62439.52613426243
"Cafeara (PR)",62152.90255686718,55636.58522339852,65125.59527766861,56411.2418522517,55942.97971118194,52453.76878095392,64435.552044224874,67863.88208266326
"Cafelândia (PR)",55309.11829159022,49785.22281161776,73927.03629588359,108569.25441962741,111204.73249666567,111873.3390769818,118000.91809067279,129833.31362195982
"Cafelândia (SP)",245853.52895016488,226552.8007153676,236138.86757468214,214877.05928081032,204129.01123363833,251000.15507254412,236106.12138515562,209597.08995453216
"Cafezal do Sul (PR)",19229.854652973,113519.14747407429,106986.17815208319,102359.64295515211,106595.41976267169,95637.1379591295,111789.06694877225,93330.55287907789
"Caiabu (SP)",67342.450778074,97147.72172221927,72762.57678474323,59104.31187894106,59357.973304246356,58314.75834686774,60147.33427618889,59827.281864635
"Caiana (MG)",33910.114495277216,22370.566624682826,27909.580070936343,41325.64996109143,28872.733039064533,35432.42843394746,34219.21079288227,37980.60291958514
"Caiapônia (GO)",2997155.749399988,1930339.4283261064,1574015.2180051485,1676967.1068734701,1553151.2758111467,1578377.680464472,1604166.6050697546,1669642.078393726
"Caibaté (RS)",82852.7415534312,75053.25608103999,58379.410535842675,71995.76100462362,85704.29470774053,73310.35124723453,56951.269719999946,58769.64095307896
"Caibi (SC)",147000.14124642557,52241.432662578525,101149.61762450554,103045.27519923059,120908.93856235151,129065.72815680911,131053.81748963725,105065.2260096394
"Caiçara (PB)",58537.13348761687,22417.39068979338,27839.310148551016,28893.87702480504,25592.109144220638,22104.774955471832,21544.97380120729,25380.835399846732
"Caiçara (RS)",61723.767858510364,77703.09222756831,64397.29070076746,92905.23817217858,117623.27249955344,105147.51820935417,86875.2880451424,64227.77309872791
"Caiçara do Norte (RN)",17796.153617072876,17556.98109896688,22492.198560921162,24695.693196966255,15939.221948074308,25136.16048898886,73351.97876874307,40046.21051249966
"Caiçara do Rio do Vento (RN)",22086.682709655488,29157.5642463674,13406.786773012927,27665.11556337701,43619.549662104706,55583.400496266724,53308.93883493142,59360.10608908966
"Caicó (RN)",176093.65249968783,123931.08562227176,204968.53114424009,279762.1853906604,261011.30335260287,254135.3997564338,266808.16172183823,270241.6861045917
"Caieiras (SP)",42972.20595922339,82773.84222254902,-490109.9319455389,-1012898.414554997,-1409700.1009435635,-1447987.7645955938,-1497549.3684066683,-1608610.7421122396
"Cairu (BA)",31684.85816341541,86248.52634667965,31281.014700920867,42349.38284695144,32048.79390143328,45022.22881456712,32514.302164943394,29133.366517736606
"Caiuá (SP)",147426.00879819275,140259.00483798055,149460.33303772623,167827.5072638922,181433.2344123117,166262.91208190043,162398.04562214104,146050.03237209286
"Cajamar (SP)",20133.11334098935,64828.43889477626,212251.39872476787,220822.41369683674,242439.6230541171,258946.94991115844,278916.5260277177,218088.33016291042
"Cajapió (MA)",107010.5509558346,238079.08343703,82042.46092222384,54297.28812345723,95392.82837288473,365250.3793336351,234554.46094719856,73451.43163059013
"Cajari (MA)",82751.35294299798,171575.19403852575,174652.8910637189,274322.21621256624,169252.75982343094,298449.9963572721,168465.7199283047,552037.0540439277
"Cajati (SP)",110554.42642037675,83813.12018223296,146020.5395951567,973993.4041207645,684274.8379499931,442139.1999145194,459682.3619853925,412873.08307903894
"Cajazeiras (PB)",38579.275374504046,70786.8612140391,140845.22667245675,166055.85925815202,170812.46547887663,193337.67847889176,192229.408982645,164907.6431396684
"Cajazeiras do Piauí (PI)",11635.317180632921,38207.93968910504,29103.6087095042,39289.30553691466,37482.26222074111,36515.8145038945,39700.31439230484,41354.84573609316
"Cajazeirinhas (PB)",12659.685210435942,13771.15830004236,26977.25327460142,36756.78570122256,50705.61032255284,57609.57771819377,48342.96830745515,40467.91182276352
"Cajobi (SP)",45329.1427317187,33463.8774559191,43938.79692201054,58739.41645573018,48272.07227417657,52232.66027345764,55302.778771091085,44553.048478012686
"Cajueiro (AL)",24422.630870257573,26372.36178904441,34843.17538608058,35554.65144950556,35777.46461350084,34695.29781647822,33665.53462913905,34978.4880745746
"Cajueiro da Praia (PI)",192.0033499162632,34101.00783495824,14709.354401092629,17240.339380991492,19124.15700149038,20762.325979754576,27938.32877551804,28611.467505953042
"Cajuri (MG)",22201.59187189695,15305.636929651135,12055.224573219517,15409.027176000174,17991.92672814539,18275.29898969952,18285.535501489296,21220.449826622644
"Cajuru (SP)",234725.218814172,146095.1582916452,149710.83093552862,192452.6886822493,203125.8509489794,320739.383252128,179723.22772780104,150280.16377324407
"Calçado (PE)",20336.991861259758,9944.29652605158,28078.402477283093,22490.019914521254,24265.922469288522,24639.990255597048,25941.12373238742,22551.96269668635
"Calçoene (AP)",28616.09365715659,39328.42853045146,183148.23877065995,275120.2626210835,112336.57749692957,688592.4720195357,484670.3404803091,255735.49466636544
"Caldas (MG)",201158.95751833,165966.16095706233,203332.5540181712,144937.63398988414,154774.2144890033,161099.48902167237,159628.32820887867,142159.8497470557
"Caldas Brandão (PB)",20038.319577994786,12464.640077207558,23848.97815203107,20351.158541947116,24315.11930199878,22240.624822932932,23101.000139335403,25552.518736527218
"Caldas Novas (GO)",626004.2584214811,458098.2821209759,434103.91958656063,485360.5982092427,465224.43168157927,460776.99247582414,488577.80069784913,417635.91932235536
"Caldazinha (GO)",69484.51249800221,90857.0891672218,64890.984833736984,73410.56735840089,75359.56122022322,72674.91843695065,78482.83540275053,79521.09401797135
"Caldeirão Grande (BA)",51479.36910739236,90920.69015041756,73903.24056910741,46315.52897740235,47071.80563407004,71184.19317839877,88283.05053546131,85677.20340541644
"Caldeirão Grande do Piauí (PI)",66174.35750348175,85197.13334894065,46240.57161136331,42866.83678163201,49873.31913774509,66781.28517622118,47957.508686138724,42326.05465534974
"Califórnia (PR)",50730.91328704207,38668.808707328375,47966.996805996074,46183.10895481638,47939.89031289269,45504.29429301915,48174.396041156826,41297.68132592213
"Calmon (SC)",268937.5091623522,282645.77889710426,117250.17561457632,96357.4775778437,108201.21854245372,123199.21968229613,78929.78828402724,56695.995386850045
"Calumbi (PE)",13001.375745446168,8210.477100260916,16057.474331862886,19914.164901391676,24730.88104121078,23323.3551433877,23029.91062189152,20335.956553363056
"Camacan (BA)",122287.84153393799,198783.29346305423,176564.41112186085,190005.75300351056,290975.97082313936,177002.2696801436,201841.7512502396,349165.70914361207
"Camaçari (BA)",396401.01365813374,286927.4138925509,1076341.51130925,595279.636430169,687646.7562011122,593959.2429931517,645179.7981353409,654402.5767540534
"Camacho (MG)",59277.84113933743,45782.39157326429,34200.1963776629,38009.89261488875,51102.2246167339,43344.12629442087,35515.18343462034,38228.61421905733
"Camalaú (PB)",68581.18258477964,58533.519625965164,35535.041651477426,67250.64800641048,56625.08127017546,43709.89606106128,62723.90880560823,63892.03529127977
"Camamu (BA)",466039.9975409939,252509.9734579398,179768.84149350238,368841.822604325,317559.1417522593,242085.6409896815,250160.5275908037,211130.22188837852
"Camanducaia (MG)",127013.62160233574,187652.3354211791,184096.7440179346,141245.29074309306,107468.85813568652,127185.49136924357,117096.24684544018,197182.70214655306
"Camapuã (MS)",3974193.765624178,2566921.053342288,1498941.6558095696,1585695.439782738,1355691.3742469049,1364793.9512977076,1651794.9423261862,1416547.7500502663
"Camaquã (RS)",748573.3607620266,637053.7577566882,719340.7679423947,679072.0221134786,809994.2768774725,818609.0918564541,730559.8176361701,726911.7737632635
"Camaragibe (PE)",39119.55498501542,43504.52974122997,131692.4063275958,177728.94953293723,168673.04554987868,153419.20137371874,150768.73260394615,154589.95581729215
"Camargo (RS)",47837.9852967494,43982.68480795431,64294.58244569746,50432.3863926843,78280.83977317314,44408.03147265522,44576.79684289365,39169.00363703367
"Cambará (PR)",71304.31520949873,99413.653199463,139484.01363979056,138695.5156229416,148526.51628606158,145572.73971223933,154476.82870003377,142375.4358008041
"Cambará do Sul (RS)",295974.16403590865,135181.3018634226,170925.7322859575,139786.90117668736,197396.02423403875,166546.66290341082,110167.13538234733,198491.68967649486
"Cambé (PR)",90092.48156575483,98403.0475978354,241865.60873414652,386156.5403083657,397230.1164054497,391054.8622586505,395654.8542056381,374907.90729550173
"Cambira (PR)",60171.31878352795,41790.469881261386,50207.67181756963,46454.06916304392,50750.49066253886,50664.81693164567,50594.189731345854,47539.919898901084
"Camboriú (SC)",81473.74578414674,50775.23293408774,95434.93977658126,126535.13669277413,131094.52248043002,135183.52170644625,136887.24650044893,130623.83458086307
"Cambuci (RJ)",351489.6087879822,134695.53200734447,156842.48707893112,161500.77624787972,169846.97653014254,217843.02698836935,179478.12856160695,191586.8792729079
"Cambuí (MG)",74371.7270091475,108429.86012560141,111916.30365808605,85704.76307953561,92581.04252692181,94604.39418620798,100305.79131545602,97778.11877663164
"Cambuquira (MG)",58844.50719863242,53256.16987544616,73179.75654112945,76525.00237267757,59162.21187452443,58952.4708312338,49475.016918266105,46669.28153081864
"Cametá (PA)",2101285.877344758,295918.6831806885,336956.4363233259,331462.1926024316,565215.6892543434,337249.5596719663,1246410.1268190118,413917.73411054333
"Camocim (CE)",67411.79083672642,482539.78443903767,130888.63911020792,176256.54734154922,157042.35542756773,204752.05845538707,264258.45380462526,364279.36150784406
"Camocim de São Félix (PE)",22834.632499176452,21190.21372022546,35692.76438878864,42043.14606888167,43870.03473985654,43781.0316714174,45809.00606313292,46404.42057181818
"Campanário (MG)",229222.43808065756,75429.26142040701,83001.33210578353,61010.225304700434,68588.53859133362,97180.81337119242,114009.2510203715,215668.23020573021
"Campanha (MG)",86434.45057789593,136154.37926954022,108369.64032833348,103098.03946296856,109478.64095723897,106935.22490073815,89845.97162186193,92760.78591823332
"Campestre (AL)",3457.015547282847,8108.160325420605,10525.600356705525,12020.961384816064,13356.723360973803,12135.179736312568,13043.711728048036,12854.717572099416
"Campestre (MG)",175505.96743181054,168550.83769798296,141660.39395471656,111071.53790831233,137505.52048792384,131351.11728166204,116562.86190315058,105121.8116515139
"Campestre da Serra (RS)",33713.64613093142,91364.56685703923,122154.87230040666,67710.74847313951,78137.91831639015,94135.72501018867,97207.84480080644,103955.7574115062
"Campestre de Goiás (GO)",118993.4440402571,84459.58708169783,68198.26655595428,86277.4570961698,82662.30358443315,83504.83239622078,83011.8318670745,87837.40938177175
"Campestre do Maranhão (MA)",286244.38946952927,206184.79118763175,177821.12304075397,237124.81589271492,303240.5552327385,260832.6430047638,270171.1293398025,403524.4575295521
"Campina da Lagoa (PR)",290780.7717909515,274908.42732680734,209402.83836285523,202842.6728245737,208736.8711728255,205968.73998433366,225045.49762598533,211445.88420602
"Campina das Missões (RS)",66203.51864322936,58785.31850665859,71681.86375521547,87997.0863910112,85302.23409544647,95924.86624926284,79387.70271875805,76298.43893893914
"Campina do Monte Alegre (SP)",43817.4679034049,52744.78546170772,41291.10073269709,65314.95355194136,56800.30964194369,48043.574435983086,52266.20090538092,41775.66998356336
"Campina do Simão (PR)",155928.40526612016,202135.04920121585,104537.18192405484,130652.9841157874,105673.86702003528,110433.37193576065,79812.76096184531,50307.706636593764
"Campina Grande (PB)",239384.3856682459,134595.0314672487,480594.98702344525,607115.950591798,919192.8865764054,606294.8505134021,643495.2048587971,638539.1507001965
"Campina Grande do Sul (PR)",289130.46722037654,129301.41084443983,384238.7843168923,449276.0020454687,497196.1749243056,505873.98270281585,466692.308151648,448469.5651737617
"Campina Verde (MG)",1429207.243071973,1019425.681963504,964626.0130883043,849168.7744640586,896941.562897581,875437.1521520282,918848.7752651405,975471.0267360407
"Campinaçu (GO)",282267.1450477827,324887.2686415906,250756.91874611672,485735.42913622205,386525.4906335575,415679.05964035983,670729.9503336343,493503.79751043953
"Campinápolis (MT)",1604562.8760178408,1366502.6637460752,950439.8474401354,999631.2982485616,872102.576696315,954766.3406618298,860968.4545822788,853404.9676628212
"Campinas (SP)",369223.48811065214,577945.7397124956,2105120.675309518,2038302.1052116486,2517412.073809444,2831396.511179778,2949929.4599015294,2744537.6440354157
"Campinas do Piauí (PI)",46097.84031574253,55981.80996200037,74566.45977323053,50413.472432010545,53524.17382263014,60457.70440098833,53404.96904293626,58307.86040080078
"Campinas do Sul (RS)",69254.09890774086,66281.15590064152,44198.740627856685,64660.83147616269,81644.59889706,64970.74671390418,61540.41653350778,64220.00596213653
"Campinorte (GO)",253387.56947287463,237637.29762649818,240737.90637496498,315531.858698536,314989.2015548246,282625.26063664426,323611.9332916816,295345.94713182095
"Campo Alegre (AL)",62355.25668874134,41353.866425980814,60358.47473625229,77717.13862575832,94227.88798091521,84650.13092051852,88276.78435505419,77449.51302072496
"Campo Alegre (SC)",286016.0897806977,244671.35887045128,247457.74739781453,141283.6700362759,123326.13388680138,203124.72949420373,112880.00803976247,83803.44100856117
"Campo Alegre de Goiás (GO)",987947.55572799,608793.5928190199,449797.59357626137,488961.2302081975,500879.1196228883,476017.07537127106,471697.4770387664,408920.74772175454
"Campo Alegre de Lourdes (BA)",259047.35828180469,342626.10695939185,150679.4425993109,250583.90401928086,231535.57878298187,271704.8707477807,348202.16293559753,508834.74908252456
"Campo Alegre do Fidalgo (PI)",6939.59995727587,42843.1115857706,27086.37159243972,26186.369589689213,43417.99420035527,48852.405109595726,35993.53418739062,35868.38765605782
"Campo Azul (MG)",79845.86260402473,75998.54716685387,102629.3507148011,63274.19543891342,72055.58561359913,91114.29004165922,71111.23915557013,109892.21178367088
"Campo Belo (MG)",136460.41624559602,118960.28442987862,178794.05234038274,182216.94115258916,183279.16074011222,189517.6616868051,184456.44853401414,181550.04214617278
"Campo Belo do Sul (SC)",356844.152571031,227270.17851325712,270943.4576983068,259406.43726434268,166443.82719388304,185299.72728778163,180954.6859464169,132320.7759709306
"Campo Bom (RS)",38998.89735059627,38487.61547390653,151239.9046978776,151503.80533242738,143316.21016845497,106242.21782467453,186199.7526877989,155435.8656670841
"Campo Bonito (PR)",259531.77914295968,208370.3296311956,102941.53793332784,101339.34057197218,102939.99402950298,90690.76290299324,76512.26594080699,71476.54749831658
"Campo do Brito (SE)",49483.63793306889,40491.164067063204,46221.6374342699,64728.86949286454,58330.658853292145,62121.355927035955,66356.31603654602,90074.70341278882
"Campo do Meio (MG)",77393.08985530472,74189.83309712654,60909.55334641358,34608.961712484845,50245.07393598454,41010.11831058755,33712.81018071447,56601.50672894826
"Campo do Tenente (PR)",120895.04690025903,93865.28586925166,84035.72232763356,75639.65070748651,74183.15024876238,98679.88120702225,71518.20158931406,52272.60572960048
"Campo Erê (SC)",330497.0996920119,207163.1364084076,149671.80145267874,131111.08566214042,146864.5425419394,128646.65032908448,129222.07910352162,117032.0647419869
"Campo Florido (MG)",423034.7729258979,346029.81904875964,401146.51109122427,534606.2001081557,517187.82845125796,479377.41923147143,468733.5888603961,451316.1934862969
"Campo Formoso (BA)",528083.476921636,596652.8934279163,467836.140199367,1065854.5903454411,2074834.9876939487,2033472.6406100825,1022791.0281868918,912905.4200890856
"Campo Grande (AL)",59965.943760279435,40743.65157763429,47482.19673791718,52545.72493001488,52894.865906756,50104.4952957819,55264.10971036797,45205.94822651388
"Campo Grande (MS)",3538598.0159471165,2447099.3271731855,3603380.52455183,3669868.3654257897,4200316.726755724,3834274.299120211,3883453.802474743,3715814.252301672
"Campo Grande (RN)",48451.91655692486,18523.283246799274,37128.91300237292,56143.63863547513,55789.07386600916,58879.295434526604,61094.009886839194,76296.85920831925
"Campo Grande do Piauí (PI)",20539.71592854329,31950.935585181807,19703.329341212844,18630.898548925223,21662.852378589105,23326.28690763284,21910.931897193528,26004.779258670373
"Campo Largo (PR)",281460.414261095,342397.52342023054,502474.1922952376,514783.48850873305,509711.61258058157,520455.1731261022,485426.54563475976,412269.12204222777
"Campo Largo do Piauí (PI)",6809.010853564029,29042.135583633797,32185.551703894478,70558.64368090549,43872.59319757938,28356.12470572106,68850.4686080463,167814.59234708842
"Campo Limpo de Goiás (GO)",45661.4846075228,24615.06757876112,48814.78367976806,52580.06645700664,59113.938796830626,55905.16583331065,54205.34162822408,50208.63586635433
"Campo Limpo Paulista (SP)",22875.853800468398,46713.85985303082,111763.26050072517,93357.49844029907,95803.55478646973,106873.78771487257,107992.36962597136,98119.97889531402
"Campo Magro (PR)",81348.16819783801,64068.99800233586,98264.12883271952,81775.79917298627,84976.25590384586,93980.27129316071,88943.59282407466,46169.2283565497
"Campo Maior (PI)",469799.4451283561,173114.1881589655,235580.28361457196,300758.0592634506,294300.584581819,450632.2705517785,345653.38039103197,310612.60331469605
"Campo Mourão (PR)",191556.39717629526,147685.89646000075,243258.80814121847,325851.99915531906,341431.7766412866,354962.00764714787,380120.2051695747,357685.6824963266
"Campo Novo (RS)",73693.81896122138,31012.43297495109,34726.16767888375,47859.12883041214,51786.229200250644,47642.79088240502,55412.76028755335,86487.84790842081
"Campo Novo de Rondônia (RO)",789209.0847101823,5890408.582129897,2592958.0948973238,2427032.7113531306,3591608.1312888823,2623344.6039170106,3315506.3844431243,1534980.4345006614
"Campo Novo do Parecis (MT)",1760640.909768678,2573888.106858988,874742.2169688375,1720047.6930437589,2109117.8989928626,2224276.6966703953,1897767.8906961612,1844262.2143490447
"Campo Redondo (RN)",54833.80807782337,27749.535096901218,27515.940318929646,22792.01353950182,24382.214714096663,29363.25531424382,28198.241611666686,39838.933556868345
"Campo Verde (MT)",2131426.2592649753,2026995.4037536043,876461.262196038,1051203.284378656,1065545.9531318576,1231784.1824912492,1086666.6995616544,1161400.527016972
"Campos Altos (MG)",154460.45459364745,148636.90876917538,108388.62757685472,101116.47711833219,102661.52831218787,101764.42392084956,129233.59802412188,119531.8509052196
"Campos Belos (GO)",238365.44631698585,229352.69775874208,218322.94457813975,251939.74141596165,237941.34581119064,292039.527925607,305052.5162270704,260360.3614227179
"Campos Borges (RS)",61817.85437125328,41217.04372535751,43444.503765209665,38923.552811803,49806.562044894956,39402.421774431925,37804.108263498136,28586.057145817747
"Campos de Júlio (MT)",1515845.632324844,2175729.4207113436,482137.39018346934,1233863.2764680234,1505591.889044152,1300375.9607740678,1286662.8265896817,872301.0771651089
"Campos do Jordão (SP)",57260.7559848969,54961.19616607492,97484.22726735505,99929.01517250726,91522.89470646193,102833.50390406325,103893.68320811942,85387.0236410503
"Campos dos Goytacazes (RJ)",1166251.7689703263,1024966.4944807289,1754553.328075634,1469381.1277003647,1512967.0377158872,1611240.9036098665,1708875.4172186602,1545589.317532444
"Campos Gerais (MG)",284989.90196914086,203044.91836394477,164639.3101301856,114087.82707818146,127318.70429909606,125478.77496870348,110248.63442845682,118240.65354077969
"Campos Lindos (TO)",88362.13681378451,446252.59895386297,600727.2044377439,807090.9378256496,670530.1330505275,733017.5167281779,887953.9669939833,868509.2909601586
"Campos Novos (SC)",805281.2048029674,496944.33571458067,482824.93772709736,476858.99898269604,515985.7090358861,548448.2652649382,515645.3966443163,440773.9045559177
"Campos Novos Paulista (SP)",141712.34927039122,105888.99245182073,94447.57412293038,84532.09887951011,71999.09834221804,71516.43904321684,73340.15008942064,69903.741263655
"Campos Sales (CE)",111340.70176212887,151058.1179031969,108748.92645444878,140500.54423750777,150980.3339350414,161147.151645881,185716.4113778931,146661.3659555956
"Campos Verdes (GO)",117393.67721382774,108102.32992714936,144051.7195499996,147466.0930805073,148874.75309707332,172847.99321363418,149740.00583963288,147830.20208483512
"Camutanga (PE)",15795.173164178757,12054.524821970794,28808.915505562134,25101.929708906326,24241.52274657795,24182.006348143128,25027.85877933087,26429.675595334702
"Cana Verde (MG)",42337.3823951874,45378.2373291859,59786.67123599088,59901.68075480831,56824.688990634764,55615.19872599523,52148.8995304135,50332.704646825565
"Canaã (MG)",66620.60245297724,26061.33378240524,25292.944836636707,24569.46386128863,28766.992127561127,25222.606806001862,32658.607141988832,28596.7581909022
"Canaã dos Carajás (PA)",3275466.6814804724,1623685.5360016979,1057850.0838949704,1240464.5540894766,2248546.4990548734,1789295.5392406126,2831020.5323067475,1081613.2657050216
"Canabrava do Norte (MT)",3620049.3074378846,2864706.74673188,800669.0960019073,1254606.5499916668,1090240.1393547764,1627009.7251031706,2580051.735992256,677815.9443763236
"Cananéia (SP)",56542.059838006404,21803.873502747276,32001.731986533323,34899.53366503813,32744.751850131317,53996.99675381918,33747.747153510114,24339.74495407701
"Canapi (AL)",66837.5980464939,53021.19761971815,74585.27930324782,72537.06205218106,75986.34467566603,84075.28133611611,89018.34905736677,89416.71544772582
"Canápolis (BA)",117137.80681711007,50698.84067465108,67641.10683863131,83558.3492543856,91377.55874134733,98044.26008654077,186948.60801521793,93803.88234912703
"Canápolis (MG)",271082.6396431662,382607.3803754809,289805.1140176594,255518.87867796514,293823.06548519054,286768.2364015244,290852.8207365092,334848.71194060147
"Canarana (BA)",82927.61401975914,53430.23331631202,73084.37491466886,58634.02472481617,63274.65652036271,62278.47436706763,75769.42091949732,68336.33774637025
"Canarana (MT)",3944791.8712969874,4156234.079945611,1820361.7595882344,1811079.4223918892,1611492.6827489936,2263335.1468034144,2525614.467872622,1887178.6516444064
"Canas (SP)",6343.707496245795,7517.814525660484,11527.641242891761,33169.53308735863,40863.45255553321,49711.971619834076,50660.24613601994,53179.103986570735
"Canavieira (PI)",234380.85536298875,104662.10909214924,58240.70187433313,85973.97941737618,89164.09703523027,242733.548923983,152555.96402433276,168280.7779297475
"Canavieiras (BA)",890292.7050962853,928073.9877195928,517679.6956805499,407546.7057826333,442997.25100079033,375874.5411256223,618084.453301108,832587.417284365
"Candeal (BA)",136361.8118663613,50731.68144297191,50072.84494816823,48320.467921636446,67937.3333799322,70260.25118560305,65252.247789618814,70999.28989704672
"Candeias (BA)",416611.5792288007,358750.5877000241,334302.8912805493,246339.61779813175,867296.0260386772,199974.59914176931,206881.51409252372,233818.74420419527
"Candeias (MG)",167303.3610329984,175946.0432232993,144875.26118343204,155855.91886823348,153659.25251926138,160191.43782889523,161443.43370618657,152034.19845669912
"Candeias do Jamari (RO)",1120809.7288113267,3316507.0271100956,1795802.9051877947,9264792.641839651,13982709.386782236,14772835.377094954,4634995.6673100805,3139707.6661080094
"Candelária (RS)",385169.052002648,381279.8881020987,429200.7770886435,202841.80186298795,312260.49565610616,316657.2773711047,248237.65589619312,414255.5281244703
"Candiba (BA)",41876.183916052294,44481.88056909033,67377.047118042,71585.07885563423,81975.10583359927,85095.00661426889,91625.29312322261,94320.16426211188
"Cândido de Abreu (PR)",906395.7811444973,290511.82865424035,458044.27823934663,386021.4227870839,389877.48246724077,338247.783200869,328069.0557780733,245134.07404041552
"Cândido Godói (RS)",64803.891047784266,65966.03250774286,94171.91530130553,145930.7391596968,136586.6950492807,124492.16300294551,116568.40995796245,120733.89372337812
"Cândido Mendes (MA)",660023.9423902262,2515699.430623972,593147.562747595,302576.30524498026,289873.9984344715,486156.55463011947,769019.5031896915,359773.20657016785
"Cândido Mota (SP)",93187.93978183484,101284.60618587524,164366.00617648917,183133.98779479013,162279.08078540728,202355.60244421652,193121.4296683361,166578.2709232817
"Cândido Rodrigues (SP)",17428.923630669116,12869.509143057063,13464.679492276813,10622.506609870767,11003.894618526501,11345.731757278707,10614.20874549013,9164.768063990545
"Cândido Sales (BA)",202680.55845066515,282973.8904086555,224918.9250682965,268050.63604583044,268240.699288458,364906.6870387894,256900.05629940054,608338.0233124129
"Candiota (RS)",206138.85765896912,328519.38881869393,2176859.6215281216,4175171.798120966,6908076.7626089435,4224504.269207231,5168998.425607773,5004688.675258971
"Candói (PR)",658398.771773229,512077.49858513376,296481.2381702494,382735.4160647762,377187.86641099816,368320.1741065939,344074.4533077338,304381.29337965377
"Canela (RS)",61819.86105445412,86625.69676217066,135283.84556184552,81834.76140812389,83431.85423973201,104240.17137655019,92367.66393885989,195714.29328688397
"Canelinha (SC)",35014.48798306765,60899.2157134438,72498.97504780904,50936.02902856696,56998.49731047121,65118.58021371863,58294.20285651215,46192.64282432197
"Canguaretama (RN)",85571.97090750125,44170.33056873335,51141.96841067801,64582.402191695466,68003.59581893845,68022.91438383979,59497.53165920532,83476.88196322465
"Canguçu (RS)",1017908.9951721618,1051408.01953918,1298837.2998405085,1054730.6184213704,1564455.3748158417,1467433.7586688746,1171409.659622145,847010.8022917783
"Canhoba (SE)",63475.01258461767,42067.02232760055,39799.36550003,27342.1037930149,34558.81289620781,34718.600803689325,42164.88256015449,41459.597745578496
"Canhotinho (PE)",155244.87072064492,87401.56568608558,100519.34787578916,115268.3053502479,122726.921886952,136334.4735294154,150632.65782027418,125786.33604195577
"Canindé (CE)",195094.63573570029,228228.4573374747,265187.33738102723,320087.7819410288,307089.81859474437,235427.8280918493,355021.87044382904,370865.8572682989
"Canindé de São Francisco (SE)",93134.93451247326,149713.05061757105,125286.07032856875,113367.58764854097,118658.55238797635,128742.72048986875,145481.31358966438,201741.14552209602
"Canitar (SP)",714.022374814326,19466.712635610136,10103.787397806569,13498.266127478064,10847.185908072934,10229.52272050709,12589.005736266095,11502.976125120142
"Canoas (RS)",121020.92722366913,1433055.0866002007,2633687.093446733,2722941.3288653004,2669307.060569634,2774395.4602275947,2626673.845053784,2825868.5944677494
"Canoinhas (SC)",491666.4361343705,627445.3226659787,362301.94648779265,389888.61070153577,594801.2644948218,428075.3212718695,379276.40239615354,309077.8994446611
"Cansanção (BA)",195756.06932662605,157739.9897145621,144106.450234922,144145.37276661547,152440.39422604503,151389.24258433242,179993.51591287166,189178.60900599274
"Cantá (RR)",1028766.0247236412,4349874.803303736,1387893.3001826312,1776404.611647755,3582801.2105469014,1624379.394045433,3263091.5603022035,2997958.5369937997
"Cantagalo (MG)",64984.41449242593,56034.96639966886,31513.28295540282,29784.874661694157,34327.89482650853,46675.81329656445,33288.87069113697,48693.93367464644
"Cantagalo (PR)",358471.45015680726,238289.71907660403,182147.66768424574,180527.3249841674,200062.0977748559,204494.85928699444,158617.90887295114,114681.4361665388
"Cantagalo (RJ)",271360.435773056,202134.698058233,175856.0077081153,2147218.231339907,1912093.3717879937,1241462.3996477302,2409779.9449812206,1815004.433104226
"Cantanhede (MA)",87821.73709685226,67546.96368891944,53821.22824102,325164.6474337279,142511.73644284203,410449.01020695275,367020.59686443943,135347.99385089325
"Canto do Buriti (PI)",145294.01185484233,86882.39979253842,135033.42947999458,85793.5390381021,137205.37380591023,139834.6184024913,206622.06927107903,1311707.0543870945
"Canudos (BA)",167668.209282828,208798.26533989143,156688.86707536862,233829.59842719618,246094.92311376758,296592.45544319233,254693.39010805066,392533.18929228367
"Canudos do Vale (RS)",27293.602534375168,25980.731933735377,49802.17320275884,39462.06012680679,45604.130871119305,28992.10567882813,28747.63315386407,69288.61650797905
"Canutama (AM)",420001.9744136029,811730.9722037762,1432614.41429582,4402825.128835087,9294954.541289069,14200901.673161207,7030444.934701067,3741426.356345563
"Capanema (PA)",571338.433837246,2122263.406596283,467176.28843054106,308455.2057286677,358866.81940081227,378423.13189350755,514451.776421838,226325.30652075016
"Capanema (PR)",122324.31807612101,106415.42373526517,140835.46886125344,168869.09956641565,198296.93845695903,172392.5087913342,137661.7815172697,125742.52229864312
"Capão Alto (SC)",122820.46072829369,210294.12918461245,261497.4043745229,579632.8241664406,150460.51729303907,150023.9935451442,143600.191353698,118217.38002314458
"Capão Bonito (SP)",382991.0836401806,366536.0934549795,315400.0984107158,301062.56985285704,324479.4427799637,330437.19290870964,312007.4469327964,296619.7827483409
"Capão Bonito do Sul (RS)",100752.0136539089,166625.1476665589,128494.45130061764,89635.68565156132,130741.80445371322,102026.75944143486,93917.2885420974,89990.42425995879
"Capão da Canoa (RS)",49197.1209129278,22559.175677803643,71538.9134762651,94411.47155163121,95176.85803584407,100293.61521858339,103886.61074907091,102871.62280692071
"Capão do Cipó (RS)",107528.00546370186,97907.38108465228,253160.17889997925,205396.9023683255,252405.59686552608,212446.72669610655,162137.18814580786,159331.45227148774
"Capão do Leão (RS)",303656.55286484316,266505.63892336166,283560.561910896,267765.99388205016,339461.35918322694,326384.40853750013,278452.654762571,256730.2214465307
"Caparaó (MG)",49476.9074895032,21590.664768520957,26701.167520487706,37027.90347636182,24325.91652114233,32396.110034425878,30569.7268036654,21289.17305754212
"Capela (AL)",72525.48678156373,40128.652416907105,48032.65820061559,59386.662121307556,65781.96419979629,68894.87827300973,67140.46604523828,61746.524863174775
"Capela (SE)",175101.06644087384,95325.59754637149,127288.35940708908,155194.2764789919,146341.32549753666,172368.59292546054,174728.60131409424,173358.21839042194
"Capela de Santana (RS)",111222.07523431307,128363.74437873252,99897.17706489036,73758.33698072948,87492.55939426488,83060.70248731184,81444.83076690229,106235.67198149189
"Capela do Alto (SP)",62006.14350091548,52982.37912283684,69042.93343986206,76690.1754523877,81746.5741101983,79324.7732725886,76300.32186197773,70927.40114884959
"Capela do Alto Alegre (BA)",178497.5218839131,89831.1215584206,82991.8266967182,73442.16882046309,78913.82570224375,84487.00977683536,87541.17503821071,96724.46036915592
"Capela Nova (MG)",29748.397951290826,36115.578455578434,18141.40779651313,23454.21990020685,24180.59421539926,20214.092620842253,18709.305303556663,18287.1453430213
"Capelinha (MG)",620310.138944875,336694.9650302281,248982.42560224104,256733.27140440405,237937.5569027732,275123.75770973,279716.8254854285,289783.7516039889
"Capetinga (MG)",234563.52493124755,74620.6237903924,78714.19717690826,68145.94887635575,62049.14077619937,56102.760748097775,49479.229154510664,50475.73280267851
"Capim (PB)",25831.922097829014,23733.492355057126,10086.907070258956,14074.60345520428,13292.735830941607,14637.411267958414,16185.033707451266,34637.01550440053
"Capim Branco (MG)",55203.07423929282,37792.45326681331,25622.449808974565,23717.47187102443,21836.848121945048,23321.50269082616,22444.671636797564,25094.16902780182
"Capim Grosso (BA)",53963.38372020994,52905.73899894236,142310.47542284106,162202.6351554846,173268.05548502292,186235.40329188856,210649.0738830765,218223.5354871745
"Capinópolis (MG)",135820.207450923,186911.06345019996,188798.30958756298,230400.18364119655,269931.904463298,228838.93510076456,256937.82284346147,241628.14926837393
"Capinzal (SC)",90224.37274692001,77372.70078372485,116759.34956514314,117544.70357246614,135943.64107939383,133605.1086196555,135774.3414519511,115326.58302331742
"Capinzal do Norte (MA)",51541.930452742956,167398.06640822024,150152.64119581942,201975.32967955698,254967.69647220732,210025.49840502182,137300.16554889493,161684.4334910751
"Capistrano (CE)",18936.755659471033,30794.414370319562,34923.61545021957,26057.21218300428,31572.141785997064,29718.1787018863,55453.975156753004,58034.79618757583
"Capitão (RS)",29091.025797278606,73548.80793107186,70501.45035323875,52130.745554137706,81818.70651742631,54693.02463458124,50095.365920017604,72755.36875325616
"Capitão Andrade (MG)",14358.317859021916,32173.692898546873,58800.96077846556,53613.839884773384,58427.300953678394,60932.01961807749,56439.89859616983,65653.11363797514
"Capitão de Campos (PI)",32449.57085183224,26176.213157755756,31243.000407003205,87236.22403052576,91867.78030883349,113053.65057804996,78566.71817489236,58534.15883064936
"Capitão Enéas (MG)",183449.00749952297,181735.516535178,269142.3877956467,123285.9416915825,178936.38377410846,193941.11719860527,168018.19394233296,214729.84091956067
"Capitão Gervásio Oliveira (PI)",4033.6119305479465,64957.90072578859,37595.72140678789,45258.030616492215,64171.096591111265,77666.89414171605,55302.96714078665,75258.67611129579
"Capitão Leônidas Marques (PR)",137982.96709173787,113344.71559995016,128539.89949518089,124055.77565466294,128931.40180783863,108809.92315965287,110232.81812888209,107361.72520397873
"Capitão Poço (PA)",3340254.553585587,5944709.934511965,2033571.2678056154,949192.1066858337,960101.3822147665,2051826.2797398258,2850366.3551270566,1066149.407821179
"Capitólio (MG)",106410.77178735749,99582.36569663475,84502.79207035518,75084.96442235581,79644.18378042165,79855.34726000874,87341.18917385502,94654.96282513802
"Capivari (SP)",60176.71275003291,84887.25774188004,171356.9173980686,142648.87784443903,145399.74495649853,156634.5584398402,159944.2125747431,147870.75625990948
"Capivari de Baixo (SC)",4691.322503751617,17352.111652066003,4606194.47306619,4253306.540709036,5229163.9563117605,3727059.2471063584,3656448.4126586015,3851896.697796474
"Capivari do Sul (RS)",50322.70876522933,170681.04785817445,229816.9858621284,409701.41070826544,465532.4942603982,182712.68395069396,140035.2577923818,133506.2715329908
"Capixaba (AC)",1087602.4513501562,2380210.1252571614,912483.8705086609,2763815.731820663,2247165.8527149553,2759518.917292497,1888476.378785552,1041136.7061508741
"Capoeiras (PE)",65272.87813844515,41460.950737188774,90423.8235135238,74476.11616748813,85056.72330897607,88296.30868429471,111328.57502289311,97265.44828324612
"Caputira (MG)",84887.82839611007,31519.268839034437,29783.60445862036,47489.13927527125,44435.9339043748,41555.839417349984,58693.16966427569,33069.04657105816
"Caraá (RS)",136130.73460938057,268267.09280628583,134415.0792116565,94574.65888683131,148026.73307131595,83129.1392307071,97232.63210564229,112280.57544695715
"Caracaraí (RR)",455235.14385011967,2103433.190787401,825036.7127496876,2632904.783462228,3436497.9995409036,3772601.5133400764,5984037.869165902,5714007.841115675
"Caracol (MS)",1941084.7042081018,1234599.7332105637,877585.7233075423,885749.0078485311,751835.5493799963,830064.4541108768,732333.9933657601,822082.3727717929
"Caracol (PI)",73682.43136290263,93980.55093432026,37442.775816982205,50417.44819264543,64498.487746423845,102363.68973784958,106893.85478831385,209458.93382076465
"Caraguatatuba (SP)",80512.98699222665,96314.67484780666,182119.48000240137,205356.28505153113,224978.61979945248,219249.72364021346,235018.00363729126,193223.71299288
"Caraí (MG)",567760.5398410052,361097.72699014243,215430.7298553576,375419.9889488829,264510.37150874,404220.4387063618,453112.79290561436,408800.7025618591
"Caraíbas (BA)",62160.5584722005,107348.46069619726,82657.8800488279,68914.12511710389,65626.03939451458,69733.66333392165,79184.13363289928,76630.95677884399
"Carambeí (PR)",91922.36148372361,177537.4512893373,236037.37676625524,339161.7797541594,345769.4847504863,341759.26628420886,370286.8064216411,349799.97616945585
"Caranaíba (MG)",46925.30482735139,57991.9885983192,21691.71010086638,39801.07149127805,29410.500799096302,31742.518641908424,24448.542523409826,35541.098068238905
"Carandaí (MG)",102424.61550486549,83554.68579108703,85164.28716160831,1162716.799220774,146651.6565531003,151607.70161860195,147766.79834512767,137500.94295764185
"Carangola (MG)",136689.97672072882,69395.37755649885,109959.25353519659,110184.99522405237,106046.69998172483,100996.45008061932,95587.89642526257,111952.10269187498
"Carapebus (RJ)",22174.335833042693,60823.74142152462,76293.2550314115,82045.37730536298,85518.91445083484,83158.90621832517,89707.35766643554,86399.39114232612
"Carapicuíba (SP)",80704.94216383406,153063.82782650864,553906.893362317,494787.68743495655,496686.0021208567,492553.06508569507,494692.47522297205,472358.4881226454
"Caratinga (MG)",675141.7910140901,278147.33386436355,361340.34150824277,279221.9404047222,334895.159466008,403905.5219679896,353111.8654036118,330566.16193374596
"Carauari (AM)",217436.95469287183,174450.70608323225,215562.66444904273,271345.73757755273,166029.5363335611,195883.08289845256,508477.45327270194,84199.03196124984
"Caraúbas (PB)",13272.423836311005,64007.639422640095,31324.064788195217,66848.60467027541,61686.6125321815,75325.58677139218,60072.148155420036,40159.59507048291
"Caraúbas (RN)",110770.2496070191,89626.625240899,93510.53830855442,153976.45428614682,139000.49678363232,140444.4044149382,143324.9187126234,124425.67788268629
"Caraúbas do Piauí (PI)",144408.41418948938,75783.29567482181,90484.3377712714,64476.46572926168,68488.56604009752,67625.7164390856,87861.9034234808,75314.44499702843
"Caravelas (BA)",833204.3684925475,609757.2847102097,355343.4601339108,472062.1473089348,421596.5824646315,443941.01269829826,463648.2349647496,471983.43156426516
"Carazinho (RS)",263333.6706911927,141016.52316584872,204633.33393559663,229816.18186129315,290710.61060336046,292268.3511506091,279518.4447648607,268634.1137984264
"Carbonita (MG)",246915.31527368413,123487.88991025017,192520.26597289142,140671.1438620505,184475.58305029053,78373.80463403095,184994.4215184917,155153.4110376902
"Cardeal da Silva (BA)",206299.21219564014,341285.0243420251,88431.03490615309,80872.73530702118,204318.50906062694,45079.30777426691,40978.02250007805,85830.56918628409
"Cardoso (SP)",159526.8771443922,146377.39983769058,146918.0528824935,156579.6834361367,147863.45457171075,159197.68583031092,153959.22750289625,154956.95289306054
"Cardoso Moreira (RJ)",126075.7448509392,101381.80072349793,161352.1227535196,140801.7100386012,141754.21064948908,146916.55164370453,148244.52148972952,139784.76045827533
"Careaçu (MG)",66367.72050782946,44200.65270760986,102872.91971170245,77301.16271361265,89591.12524584513,81511.47985925802,78932.27126957019,71716.60678356777
"Careiro (AM)",836412.4350176796,923092.9354042102,3815554.5195837906,769799.6014084804,929275.1523150476,878858.0823387206,1609587.9040268708,1439163.3392931914
"Careiro da Várzea (AM)",210575.75144589422,708104.749083335,1250220.649618144,955631.6496369658,1504485.9854971957,1492599.582741386,1560194.5876051101,1182350.0229684226
"Cariacica (ES)",93574.92528130951,175327.2117258089,965148.9922407331,1106637.4524052925,906446.8876597832,1063540.2467440767,924701.8326134279,989779.9968208718
"Caridade (CE)",60648.0527907728,54362.72471432852,72336.79200645615,82923.1245674593,102405.95597768865,74095.70336824603,152962.97789412548,168395.10940845383
"Caridade do Piauí (PI)",55395.5185076989,103320.37502623041,85571.79358501539,49063.18237822521,51272.85677641102,55765.54413900998,64418.89937149194,48825.084532491135
"Carinhanha (BA)",308944.2335002017,262766.11366778746,226767.3241222644,348261.68513677345,365238.68063138315,345448.12866568204,397816.12672361935,392868.5889217831
"Carira (SE)",113901.20634839287,151490.42832966815,193854.60846902026,162445.69480545877,146770.2211961964,143536.18059512402,173057.2866620174,165375.63481982684
"Cariré (CE)",55257.64486283607,93571.52239766218,96040.36906889145,78059.13747942902,102811.9624237709,147927.04367092747,174011.58699578827,143781.26386356069
"Cariri do Tocantins (TO)",258505.50164791135,252884.6872058937,324506.0291295129,380498.53356291336,434547.2738388709,507054.999267644,478475.4520246503,409884.6821366019
"Caririaçu (CE)",43346.07370963449,60922.81270416134,67555.93912028222,101994.1617851677,97196.5795970833,116413.48129307074,119914.8425004863,121903.20486869989
"Cariús (CE)",47141.760685838155,71652.1349211431,80173.14412951903,160674.38682956406,155095.59406730832,234171.84882630836,331160.71959692665,210595.3479354999
"Carlinda (MT)",2864230.0536213135,2222901.7488366514,639598.5485903177,787308.294753542,774288.8872016324,997951.6363987538,1167222.6929160978,743605.7135035883
"Carlópolis (PR)",86606.24198353407,143823.6085652246,97269.28503157028,113273.0772213364,101905.57059450998,101115.11032677056,113780.58919875165,102107.6855266094
"Carlos Barbosa (RS)",107974.60831805252,102665.58041607695,150897.85202285636,150713.170950058,162144.1655319398,185958.51583762164,142366.19701512923,159666.2395854117
"Carlos Chagas (MG)",745051.5444397634,610980.6801356467,778920.2574745929,616742.1872553349,655347.2628333172,695508.3784476348,657688.8371052338,706112.1876495272
"Carlos Gomes (RS)",15608.990606945863,26414.23936241677,30387.815910376547,29638.200955438177,31684.141650619058,26798.2893818033,23618.191603920397,20571.53295196586
"Carmésia (MG)",140280.5902805238,75249.64669469028,38241.42059244416,56419.02696437752,45765.089432389046,58711.126458196166,59821.494357397016,78501.70753896561
"Carmo (RJ)",122851.623704533,89314.5804542935,84374.95486562297,113035.6585585615,104250.3091487396,106106.93603883886,103871.14640353603,99946.83756926615
"Carmo da Cachoeira (MG)",107703.31337306504,77637.77967187688,115732.71577571888,80716.24413397854,83402.47717486996,77541.31420463174,74903.08832799742,83749.5574270882
"Carmo da Mata (MG)",139369.78467453495,76465.53704100948,79380.5772850224,97875.03678292625,78343.46592131868,93152.74173677443,82999.99445258078,144368.77516534284
"Carmo de Minas (MG)",110121.99518592618,88371.22465171423,89652.58756601029,79479.40586489718,92302.14490449072,90594.87033771847,81780.44561522978,82355.73974750082
"Carmo do Cajuru (MG)",152790.27759661982,145504.44176396797,120151.43451537784,124045.17574132452,122944.5682399369,124522.4794216311,126813.329432534,130060.41074111628
"Carmo do Paranaíba (MG)",311895.565211903,305593.1724906668,366367.83317079785,377802.0614698816,375348.45619099855,364505.8287084845,370583.023991297,391181.48899137066
"Carmo do Rio Claro (MG)",183550.45115425444,224231.1024502826,225707.69384755488,181816.25724404026,193509.03492765588,213412.9418068014,200545.83898052355,255568.0370252025
"Carmo do Rio Verde (GO)",192318.83188694977,132807.60990669712,129377.96589724679,182475.45092294988,191882.09864373156,189631.0192123496,192527.31225171586,186657.04611027034
"Carmolândia (TO)",178100.36306724857,243008.46627145036,149008.01547623423,101851.49574617117,138364.38713975946,204267.25698578203,285704.72346666805,113019.63287805508
"Carmópolis (SE)",24404.48926705146,18495.623143434877,43828.547131207204,28887.117458691002,26388.450419621633,29141.49037850706,44510.95675398017,40362.63340361115
"Carmópolis de Minas (MG)",129257.34554342832,84921.65154573352,109526.43334533775,143787.2679927398,140207.51549624524,151956.27204423587,141802.62874478183,183740.83159876155
"Carnaíba (PE)",81795.86934091894,35749.889924265415,64045.92201945643,56397.307604027,68537.53558663718,79816.43762980215,71370.88290110859,69671.42315475168
"Carnaúba dos Dantas (RN)",14495.742380720212,15128.716783675309,26475.05149754263,29666.100751131882,28942.90676555155,29894.722254539734,29391.151670690117,29929.834645186234
"Carnaubais (RN)",36249.5631133123,66196.65272092036,30301.34072934027,47683.07296727248,49760.23678527035,43825.87891564039,56502.790000111214,37756.89277460898
"Carnaubal (CE)",37750.06683507601,21426.59325252806,29164.31518261295,29036.107369451245,37264.224706306704,35925.629834621344,35171.269736390146,39423.23585532731
"Carnaubeira da Penha (PE)",24723.928269900072,86694.19354874663,59901.1697106898,80738.57560370094,96168.97655819273,81830.60046622013,103184.6475572175,122506.35485583222
"Carneirinho (MG)",260142.50033027824,628264.4687054871,596638.6421723409,609247.7298232707,601955.5860190804,585183.1248834984,571537.8950608829,572141.4292061628
"Carneiros (AL)",23029.634369007825,9154.928574198699,17773.77522830668,16126.668374739094,19890.891567934337,19323.923103708737,21214.52044715394,20968.519747299542
"Caroebe (RR)",612732.3510897045,2180081.9608724187,850178.6265182148,2876891.0956807532,3731077.8532268675,2561994.982354787,2900701.379508544,1885630.9596474837
"Carolina (MA)",805767.5540488634,647665.7642016485,723461.4317838504,1136452.0068653063,1102219.888084352,1812080.9725959094,1855516.142018235,1531767.361789634
"Carpina (PE)",75966.71126484386,46065.964718112475,114429.90067313315,118822.01530667329,118905.72387165905,122160.78273557237,121648.16084628935,124392.13105440556
"Carrancas (MG)",118646.41875966782,76703.65760948448,89769.32434009276,119031.36164629045,131939.97162795454,148332.87426778887,90820.81000573028,100446.06788860964
"Carrapateira (PB)",2864.040342936929,6410.915382707031,8666.593260563772,12644.22752069343,10843.792014130882,9797.522775390931,12208.455056140314,10732.464263876116
"Carrasco Bonito (TO)",45454.861451047596,409688.45280336664,243668.68775366154,221837.03802219112,166971.4241735099,395267.9185789239,211453.87003564712,57106.84135010132
"Caruaru (PE)",188926.49158189195,165026.85171476597,514557.25991346943,613454.1015674475,625361.7018493845,648303.4544114287,709367.3424710379,739371.9302386993
"Carutapera (MA)",193046.90024441972,1268231.1974002742,355954.7134758986,258293.87033702576,252920.1764288663,513833.50815616566,948048.810552193,455452.0067388942
"Carvalhópolis (MG)",24156.969981853912,23154.1816151654,24318.57608452991,16388.58319124541,18091.286334215863,23719.662895115383,23236.35508776978,14548.407440054676
"Carvalhos (MG)",58823.86271563084,61883.71991144143,56928.66913775802,54208.0269002786,48498.32624041563,60422.19269730476,49429.66718020957,51960.20124883127
"Casa Branca (SP)",398398.5812605334,180177.68336191183,237405.76326715483,212659.09424534184,238599.80379196082,225673.89202180764,198544.2843081967,190214.50349881957
"Casa Grande (MG)",34777.91753577859,40296.45650666415,21169.19066880542,37184.41123594203,29421.412528869663,35605.354379773176,37504.12151047227,40398.72690380399
"Casa Nova (BA)",469238.63342491066,548827.4476261638,527243.8987938823,735517.3241772503,676380.8025078482,616590.4919538066,576609.8114403524,749495.8588596436
"Casca (RS)",102873.66390347657,121610.36546513843,144699.21440973005,125701.42420383885,162710.74713936073,108906.15791789035,119144.94462728561,107850.12902220503
"Cascalho Rico (MG)",103371.18058121295,86527.76769570608,73519.34462904996,71290.3397738402,73760.3439724089,74351.02736086659,76196.83286382077,76024.5334583869
"Cascavel (CE)",65503.833532480836,238499.15665692344,166818.7226679905,196727.94114092787,245340.82307018584,217491.448540398,291584.7261313108,193065.42213905233
"Cascavel (PR)",1199857.2228891682,549946.1457230564,951388.6805884992,1099518.326812677,1220973.4568380776,1196610.9069062728,1239026.1801025502,1170981.7891614677
"Caseara (TO)",430551.6327546606,299681.27713278774,245393.21483071792,531273.7576838334,376345.5298954559,399157.597268467,319669.23203704366,296053.33288725367
"Caseiros (RS)",138545.77695691094,80674.08239029444,67023.85057920024,57232.76196944422,77408.69459262124,54420.523220975825,59034.29988841444,55389.01167975681
"Casimiro de Abreu (RJ)",258800.95262192207,144031.42835209903,192002.764898438,135264.48762340733,142007.48513159517,146113.7517555288,165862.65809994336,171020.92908230337
"Casinhas (PE)",12053.345428532202,18177.917080476796,26631.528512462784,27608.497285155765,29758.934029726777,31145.3882040803,30979.339189026203,33196.59583224584
"Casserengue (PB)",47474.67637154742,26593.773711560527,21860.012382423647,29712.113752862508,33183.47180727273,28175.148831702456,29772.43155161097,28399.347717396908
"Cássia (MG)",332879.743517805,205912.72436497154,202219.31387480377,159093.38201243503,150652.26260388142,161131.79207628005,148018.31182236937,144483.28609126253
"Cássia dos Coqueiros (SP)",69731.86079898945,45396.7003415202,39419.02929103685,51143.84326345421,45380.06484147115,42676.39644319558,47550.50485204987,42700.80221645289
"Cassilândia (MS)",2337772.819464625,1055934.9488078821,702541.8886979305,613138.2040613806,654624.176962651,626828.6144050636,619933.3849220293,617228.8942600787
"Castanhal (PA)",1460155.63103637,1974408.6786846663,776240.0565665568,567707.5361535508,740257.9552420204,583978.9467934646,729673.8552937754,622886.0078101718
"Castanheira (MT)",3628333.456399519,8376976.420112998,1589138.2609797015,1767819.6988939003,1576856.0320951904,1992960.593446216,3139479.7576680803,1055268.9406904967
"Castanheiras (RO)",830177.289500537,1306231.4233667844,362259.4198433796,537623.8904900213,565811.7909899643,520046.0260707532,783587.4465186762,306916.0750516476
"Castelândia (GO)",38316.79643727983,74629.59719512491,76660.83590728077,58309.23068206585,56240.860446889834,57935.545504286136,56726.650612534155,64349.18887684215
"Castelo (ES)",221194.4233398671,348897.7029446249,208711.2267052769,195417.017590472,197856.186717773,285829.3921588833,181934.1615000827,177996.7661258856
"Castelo do Piauí (PI)",195378.73289856513,98839.27999631473,120522.03072561297,105630.81572583226,131482.0313523602,135574.13884069235,148823.26803733755,167122.86038688093
"Castilho (SP)",279266.13487857603,294681.05669954635,480906.29409675003,516697.3871616024,534983.399956375,454461.86896284716,382682.8470597613,319078.6659075515
"Castro (PR)",1004182.3623800364,1160228.5503517806,814017.8760532218,943194.3969370906,1037787.1206842825,1084413.5921859015,990275.3422818856,777704.3618291016
"Castro Alves (BA)",328092.8681191733,191519.83364011685,174223.348153368,183319.8333472398,275317.10120016517,290983.1637765337,306228.71718818985,202046.8236359784
"Cataguases (MG)",149593.78414615616,146270.73823852197,185102.82896324835,134777.51640796906,138367.83703675368,145255.50957958616,136057.44142449964,135136.68108728787
"Catalão (GO)",1305697.6338795584,883042.8647993342,940106.5056699599,954997.9387390473,945488.675892748,971264.5586601367,1028989.2348149114,914523.8108198757
"Catanduva (SP)",127593.69632795776,108290.97284704856,370107.0468285206,251099.2280849999,233687.56051739585,248787.7292967101,228592.11957986272,244079.25722043923
"Catanduvas (PR)",436309.1823155722,157320.2755421938,222099.1766716372,167297.272375851,162541.93225177185,156163.4905082286,149712.0557349781,145492.7453937083
"Catanduvas (SC)",83700.32345759778,70604.74256195259,82559.3812563412,71839.75846822959,73787.954995303,70794.94045397738,72452.7256604852,67247.04313360162
"Catarina (CE)",99949.7713229526,78432.88862461521,74582.98909006946,83251.28235401673,75080.51917166791,115053.4948318759,131108.15125101779,95232.74550838207
"Catas Altas (MG)",119933.34716434615,36698.6751297992,54565.31391485508,71716.82568056716,83566.38854145759,84180.27517475303,84868.64411790352,183054.13467923057
"Catas Altas da Noruega (MG)",57084.68134697523,85463.2417431531,25869.301589710165,31370.41390768904,46610.50791725364,59576.31691184841,39656.58128572121,54711.581205341136
"Catende (PE)",85049.91917975794,36441.3085687435,52070.81881252871,61537.080219848765,58626.81108902223,66829.23127441762,59223.84759663476,54977.67545483221
"Catiguá (SP)",41064.607273455935,23668.891871249212,98481.99941911601,48693.8369252779,46094.97481015173,51180.52559954377,57082.6839336402,51929.7432365942
"Catingueira (PB)",47369.999641310664,22676.694527219657,44074.93275084089,30457.94628775951,44459.41199433795,42185.31200974611,40244.13613671597,30136.272356526173
"Catolândia (BA)",78428.1365333692,75990.6757175753,122016.14148403204,150427.74574803092,253119.8354568851,290969.0931787367,238349.9670749577,245188.51161778855
"Catolé do Rocha (PB)",49085.79346936208,33788.423290967075,63753.5305049989,86912.42470423857,100667.42083394114,103905.64254500986,101152.700109794,112550.67287615608
"Catu (BA)",328087.851201375,155686.47634935353,102400.35464349712,83892.45476195832,107888.66880560073,107456.24592421138,123646.05755903196,140365.85835048565
"Catuípe (RS)",115880.87405494625,101265.10345318285,136046.54223883818,186180.51127546714,209604.29881103736,179350.51414351063,164565.03279775512,165879.07721413617
"Catuji (MG)",163852.67589799443,84565.14544557173,54478.49322481323,161933.08257283998,148028.53978755523,158935.65651670584,154555.8591911675,238221.5005752038
"Catunda (CE)",12042.236036995977,65474.22801370957,91674.21232076592,53713.47488953335,80233.05181703971,108913.9370589548,86690.49708223643,99431.75594334934
"Caturaí (GO)",93161.19734140212,76039.5967770079,72133.81519279358,88757.05402758214,92982.26890111234,89813.64973141592,81531.62170471184,81572.61821971172
"Caturama (BA)",43850.13567757609,53980.09049252921,68028.62842611862,58768.342953272666,92014.44496843334,89319.06186869793,79104.98812032855,70630.54942547383
"Caturité (PB)",37204.038566025985,17239.42773354643,25656.04591483477,26479.896851145993,25639.17003487965,22538.591483241322,24650.70558695529,24372.08794752573
"Catuti (MG)",20493.75758968383,33874.067159325496,37599.59814778623,31718.37908922724,50583.56045982423,40656.95424092687,36471.357788011344,37673.542363283865
"Caucaia (CE)",197973.13804520026,227794.80106222743,1456689.9447920606,300073.45017373556,433898.88400256814,134146.5401520967,335326.8524579382,391289.3652727127
"Cavalcante (GO)",383312.88305225223,563216.4814959592,321297.1814670427,771255.6140026178,430885.4411268431,609144.1589418217,413681.38817852637,321265.40850338584
"Caxambu (MG)",35349.57949948284,23584.08239506932,41872.08649830452,41819.232504042484,43990.71488821701,45340.23194406532,50682.40230566007,47594.665291104124
"Caxambu do Sul (SC)",72073.15388578,37705.2031764466,52765.82015524817,61270.88613837823,51103.70416319463,57912.53892932499,57876.55123358506,46208.17877894993
"Caxias (MA)",423344.3744794744,612758.9276079799,492247.97455735144,2527545.224619178,2995148.1966614034,2250989.946758572,3655688.5134360264,2811466.455659293
"Caxias do Sul (RS)",493446.9810793976,570857.6191933253,1292609.933849427,1047873.1901727152,1081682.169759175,1160568.3405215275,1117537.9900480136,1502064.00333496
"Caxingó (PI)",89213.95391758982,50878.20929196392,65282.58892881245,45338.70167200808,71860.91911124047,95805.40399962601,112478.95139084243,75459.86597630847
"Ceará-Mirim (RN)",186256.01346948883,107725.83091225903,119474.13247453352,-155046.5360427184,-149685.7647019925,-140577.17959669005,-108391.26685846971,-89049.70311067655
"Cedral (MA)",17103.349985177687,19805.471007475997,9053.943788216013,13483.008335592425,14301.223506091634,14457.39130767819,21191.785948329845,12655.267532782755
"Cedral (SP)",62082.909156125446,50047.421834049506,57381.117051075285,54442.82507396979,64120.71292400625,75723.16701159504,79458.72592694493,72164.30222674788
"Cedro (CE)",60747.7687135066,136230.16422487295,129881.99306061678,199708.77947804803,203993.2872470444,246991.04583614532,240564.9543026012,180269.89061924527
"Cedro (PE)",53551.79184659097,27515.132800384403,32580.03858195355,32157.827042805213,38571.54989446004,37541.28760926089,38016.09706636114,40772.00373608596
"Cedro de São João (SE)",30072.637523985155,23220.94438075757,28491.541299153134,23651.303784813175,23461.78794106798,22639.560837490902,22613.98236598239,20684.01398910638
"Cedro do Abaeté (MG)",43977.40533676863,38145.37776003445,26395.542885239694,35197.331580063445,35998.164175341764,34019.851155772645,35668.70870189631,36026.014276783026
"Celso Ramos (SC)",102082.62496566551,66196.47188548846,78888.42721556086,54704.13679386844,61821.356166809805,68944.8316640226,69026.54844437394,45714.429691803896
"Centenário (RS)",18988.643843808084,30796.15678659244,40766.983545445444,41983.10480808994,52698.12594344379,55459.45062445514,43411.407959208875,38636.13831172794
"Centenário (TO)",63062.41417650529,147433.65865795113,333094.5577300568,551335.306272086,175919.06913614998,374649.185576366,941711.5988617112,566745.3330691736
"Centenário do Sul (PR)",102885.65625539298,123603.79088051317,100926.25330403198,98326.03313495003,102087.59483639995,96095.16285555098,108942.77995441192,107395.80484868179
"Central (BA)",65564.3660582046,49169.85458842365,59925.10803612393,70774.43986153438,54919.311020134825,54835.9760763023,61661.35023748164,66320.82201655125
"Central de Minas (MG)",52502.99720278653,38617.106866079266,46194.49890535567,36918.38626515766,41016.351126115616,40321.318625428314,44342.58738607556,61199.42902862724
"Central do Maranhão (MA)",9370.334032737273,102729.79799833069,51984.37469101618,21168.246728942708,57748.175531708126,94584.60779269775,41885.2178891789,62469.44269305768
"Centralina (MG)",118730.48393861196,81590.85850314426,112796.5857016323,188575.3189524274,207753.99768397553,228861.36473941477,243567.77702268094,221581.90995760262
"Centro do Guilherme (MA)",3722235.900418056,2253729.6893876926,376256.0195425237,823202.5395594854,333838.0505956528,527099.3643342316,568797.7055998042,145398.94769652458
"Centro Novo do Maranhão (MA)",13679264.078893637,4831481.282072582,1791286.6555180652,2146018.888246135,914784.1721208004,1598142.6135327118,2155981.2946480275,585872.4794053368
"Cerejeiras (RO)",1024494.7804822745,1397799.732952675,467065.8631852803,456640.23630616994,512997.1284692915,842450.9024947113,1700663.2742278625,864982.3527498561
"Ceres (GO)",129650.99787189864,126023.32202069182,78277.96296801262,96185.29802646057,96587.04121405644,100251.75526042658,103125.1184572018,92719.30896858245
"Cerqueira César (SP)",142611.49069650949,171294.59068301463,172314.38214491666,168693.21853556632,168561.42134537888,180545.8502926975,156607.2863526956,155742.954181653
"Cerquilho (SP)",33336.45017759781,54659.08294454357,158690.8410118304,261684.52451095707,188911.09392756893,249412.06453782303,266946.97798708006,208792.21476297564
"Cerrito (RS)",57623.485166726576,153852.75821766164,180141.07176167858,135431.28950272396,182054.68622710742,241247.59206373958,180289.61381463578,135982.7217609946
"Cerro Azul (PR)",769423.968325729,494574.7978662669,496656.5467703193,338338.31166196754,318429.3635579757,391306.0611503369,333200.87277450867,190375.98452369403
"Cerro Branco (RS)",44196.595108307396,75100.3198175718,77330.23865659579,39024.62654093307,56931.041013112605,36015.14415374586,33754.61084664014,56804.30968983815
"Cerro Corá (RN)",39755.71912627122,37302.974746512176,33001.68110397438,38394.08265009156,36571.175560473755,42008.263145264005,47249.04073815244,72027.43896683793
"Cerro Grande (RS)",19044.524730299203,18510.268216953184,25805.49673402863,29979.027206601226,24399.389381454454,27932.553909048136,23571.385840340965,25733.67860153181
"Cerro Grande do Sul (RS)",103873.23208292451,129927.43753384042,92309.56911391461,70993.52856655148,75669.9529961287,103172.42264228538,86180.37412112998,87607.5179056177
"Cerro Largo (RS)",83433.39701864003,47702.655683367186,83419.25457807846,84381.31426949636,82196.20790059975,83502.31661204745,75321.88366369797,73244.87967266435
"Cerro Negro (SC)",67918.13260319192,122317.2411325928,165376.9383264343,94684.98278288783,103111.89658789687,101648.91812254569,93539.60079848692,69731.9324687081
"Cesário Lange (SP)",63390.79563248105,57730.332626455674,76709.95690494125,79909.66816007395,85956.71899417668,80387.82708559812,79704.75961148209,79496.8676325136
"Céu Azul (PR)",98767.02825029656,92695.24684399003,95022.74369623438,128188.06051529186,129046.20280326609,123759.77388540725,125387.71105889011,118539.00382595879
"Cezarina (GO)",156995.989399798,129935.24515394974,161861.7246960706,1921210.6385735658,1812828.0158313953,695918.2062541081,2176711.6933999024,742273.2355086032
"Chã de Alegria (PE)",17769.811220109394,12173.194339670204,14306.531810469683,16555.919069235188,16901.997767790348,17481.098968525643,17805.22885479496,17144.929254478742
"Chã Grande (PE)",20325.077929380634,14150.60640675289,23710.031538605144,26979.428415520048,28074.91517499778,27616.297602445164,29439.448250677862,28166.26194151813
"Chã Preta (AL)",53281.35056648656,42890.70664654281,59777.09648854223,76851.02974416455,74350.42134465919,75744.069972365,74596.51794627591,72638.9657950416
"Chácara (MG)",22036.61204091098,22253.504615249807,23219.643397118478,25697.149945892816,25124.30577136337,24440.706465598738,23849.09878074289,23704.246982964425
"Chalé (MG)",78020.15838345602,45204.45297597948,42622.58352201126,53850.18126740324,42288.91484875744,64443.21408137338,67432.15262136077,59175.21893936627
"Chapada (RS)",213862.93124079745,115000.6355782935,118409.34287289143,128784.26513661779,125606.38913971395,106181.68415200165,98556.83010804163,109738.74865577341
"Chapada da Natividade (TO)",229511.67929422072,364028.71471912327,282488.6296347116,298050.2205841509,266763.12111931836,317654.6122872029,568632.760157322,459703.3376750602
"Chapada de Areia (TO)",205079.59848931292,190160.44558002386,168755.37592474502,265772.60771927645,157368.63297864338,217838.31070760015,181482.09436860398,224332.89535183873
"Chapada do Norte (MG)",95919.2730622459,275888.2895967486,191136.5121883399,285209.9648184661,217231.75029468662,162085.15896803388,164456.61660531312,114218.87019367701
"Chapada dos Guimarães (MT)",1585833.0667410733,1697459.163691313,764027.2800035195,901623.1858170477,737673.7399325374,770714.0324328586,796177.7302358466,767062.4143019657
"Chapada Gaúcha (MG)",479931.12260487524,380245.50844656455,354635.7428226823,383045.1428031807,391519.8421574684,498398.03043228196,551474.1065333354,600821.2407892687
"Chapadão do Céu (GO)",692509.2870026294,332707.91340671,352906.470697007,420136.8627516362,420357.70021560905,461690.71900948946,455066.8020386157,421191.7642714357
"Chapadão do Lageado (SC)",22385.889111016902,33536.10925062978,41427.07778880392,38128.01549398089,38227.91470280165,42227.80127921189,41681.079159561734,22816.11361567246
"Chapadão do Sul (MS)",1305684.5332801712,905759.8000874398,689351.7619925936,820978.4419420054,717621.0852108469,907955.368194417,788883.0362465915,675572.2679371603
"Chapadinha (MA)",151939.43739966548,136880.80178151952,223410.12485388486,793022.8094593607,728330.9096632103,876137.9603887212,1550046.6879253944,1045574.5164248759
"Chapecó (SC)",346050.7426801139,212035.0101827691,667257.230017964,792789.9167406852,821179.2298403803,835638.3926179052,820603.042685107,722212.8160781697
"Charqueada (SP)",28551.905100248387,39263.57883932792,78476.41396416123,65884.09067651376,61858.96950018652,78487.4075646128,82105.2557144979,74038.02575130269
"Charqueadas (RS)",78586.35974463321,107832.05226166984,567850.2097061166,131192.67226610164,112519.59551726269,117189.80226083733,118502.19448918462,129540.01695042914
"Charrua (RS)",29711.00230272123,42360.36650053317,57514.07895584033,32826.13458579955,51407.34521867399,35341.92860010189,35239.587767508056,29081.531748269314
"Chaval (CE)",16964.778589714264,69489.9465579886,30856.511660902772,28038.648806364865,32235.117092199987,38085.60546778881,26545.971273536077,46570.43725758621
"Chavantes (SP)",43786.02107057829,61144.421468322056,39762.12410473835,42907.20754178435,41972.95740051765,37555.841643802836,40300.80688229786,32686.131350194257
"Chaves (PA)",492380.8994613824,501417.97386671323,406964.2105802404,571063.3187423841,580471.3311844957,616684.5569205575,726032.2931551698,920838.6533267162
"Chiador (MG)",48826.927140783904,34807.659470032806,35716.37180487016,45671.61106591644,37582.02977253527,54466.361221972664,40204.308590117565,48759.999987363626
"Chiapetta (RS)",108015.16998456503,63086.835512297206,51354.78505802313,78615.88847025913,78263.23852457876,80073.25981088713,73451.51874774933,73533.75038214568
"Chopinzinho (PR)",725065.4955703808,213634.23599388768,239818.4596125745,297481.22728019644,273017.901237364,265013.53452346096,254775.19907888037,221357.67475626362
"Choró (CE)",10455.23678351436,49972.59597909254,63743.69386637675,66521.95810505367,71898.21673666927,56301.760512862056,100056.95299559848,90135.09053320841
"Chorozinho (CE)",29188.157625234024,139723.33720282032,73942.28044005418,54169.40300365844,60471.82082978286,49931.97236288861,60922.63336804993,58070.29148162816
"Chorrochó (BA)",169408.11939005437,138577.00861649282,49530.50003377888,194994.6476117287,187696.25002737346,166654.46396826822,143202.87291247508,114855.46273500385
"Chuí (RS)",32546.052621688745,118391.67173140388,114122.36782768992,137852.68358404285,140374.65727234317,140303.6719998303,165525.0667974459,126950.35223109
"Chupinguaia (RO)",4372047.185574862,3449929.945896839,1058633.4770827128,2546742.7176112286,2334111.444784411,1753958.3386463304,3123306.8503143396,1325750.7659918857
"Chuvisca (RS)",44927.472601214045,76122.9405318103,51513.98531442907,46262.06646680067,69076.916714472,79550.89759385765,76934.16464640843,64350.26115606321
"Cianorte (PR)",208276.29106089284,270283.382048171,298381.53943898604,366330.5219874324,395516.1673352339,393845.1163065791,402976.6251930097,394703.09526012605
"Cícero Dantas (BA)",124942.14134111903,126265.00122272936,155041.0172088442,191990.034781485,202805.64219693994,218198.66608267618,247971.0842741531,215995.83646561278
"Cidade Gaúcha (PR)",124414.69134270151,139962.9052792266,153814.57611316658,162914.54987157538,163366.8580902883,156000.3977535423,182337.87271345494,165736.5420173439
"Cidade Ocidental (GO)",94585.89052793135,100677.46713772461,111689.55302192194,137504.62737987353,144378.70943827968,155305.14296639376,159466.70623702623,148204.66330828556
"Cidelândia (MA)",991848.5387088583,1103493.3170826552,1009685.0580737932,972596.541887209,1133418.3879989618,1111695.9662127371,1053758.4274613124,630096.6963533199
"Cidreira (RS)",61264.072750607826,36906.790473517656,63221.15613329604,68744.45427623931,100705.86580086894,82660.48965423048,61454.51088190034,47568.41429471195
"Cipó (BA)",45451.520016035334,20872.14082319623,40877.47952747237,35905.90372831809,69391.43828180776,61263.02955543891,52457.25247542131,46331.46455237069
"Cipotânea (MG)",31363.063422441577,29970.691271045,15288.698730504611,25442.278377604518,33074.8819225165,34346.282735476285,28369.191415466135,28618.65119901124
"Ciríaco (RS)",127746.00453580878,95389.69531086073,99838.33742781819,68927.13210700414,123167.59628093499,82967.1231632658,75999.08782533227,76171.0445400448
"Claraval (MG)",83548.3950527893,47637.29105537579,49815.28202508749,39971.871685755614,32576.456821107873,35241.739041743785,37196.89767832143,34304.22269137122
"Claro dos Poções (MG)",156011.43493991517,148128.4873827485,158038.95960488325,123302.41757440247,117116.8462608205,126868.4000170377,166097.28907151605,105773.01063420103
"Cláudia (MT)",1289215.5413740799,2732075.925975582,1670837.5710006058,4355481.301587587,2539782.8223910136,2168638.9875932373,2150515.918566709,1418203.9889307232
"Cláudio (MG)",247716.80440411263,227397.13968994288,170169.55299973092,201314.42053660282,204895.59742653658,211788.15408654106,210905.93423642917,365938.0816051036
"Clementina (SP)",47341.69356549631,52731.635735833894,81547.61217058073,72541.26598209566,60597.609474599114,58233.3556458606,77097.6609686367,71003.1570938707
"Clevelândia (PR)",335426.40667574963,307428.1939393861,142365.20685865055,164107.72728288468,163429.14602903722,173088.3617740264,144053.27548913693,101636.82161093106
"Coaraci (BA)",106690.07393356033,98523.43913723661,106239.4836426822,84907.44846008185,93854.90214478392,82255.1924381622,71148.92036249868,142491.93390097536
"Coari (AM)",63186.221399993046,193822.4382577296,228878.96800653994,467400.484838289,659909.5786661435,387271.32147616264,924517.1414079592,432394.8008164297
"Cocal (PI)",87089.9734732992,100340.39081661585,98237.82301519487,264295.32274487236,389341.13783050067,184388.50856543033,363879.7938521873,244376.5757432747
"Cocal de Telha (PI)",6073.07426332711,13547.546648021902,15916.995105824522,47404.29929639538,35536.29707413868,140393.39878752633,25566.46840645478,26818.78043428164
"Cocal do Sul (SC)",44723.17024914933,20075.071011732518,45312.515476273955,49407.44997342278,55307.03845839726,57774.5923194089,50144.15425432721,42393.237803553704
"Cocal dos Alves (PI)",3245.562907700788,26662.4182545262,41521.70832211617,39133.763152358755,48886.85597499013,48802.93378722561,34214.007971593084,50401.58351834896
"Cocalinho (MT)",2206084.980983166,1907798.1530703655,1583373.783212509,2029380.391567732,1848050.0213032975,1838507.0568832827,1703337.838055784,2143561.5444712155
"Cocalzinho de Goiás (GO)",373348.4264980132,472634.0424717804,407482.70885397337,425555.368928357,368912.8407942532,379752.67224604305,455099.5287723876,424719.384085827
"Cocos (BA)",565051.9730634483,481522.04237368115,764363.8224623518,1537610.8848619948,1592184.0703852396,1248070.1105168553,3443779.498752559,1104076.412245382
"Codajás (AM)",9556.324247907805,21441.788210661714,38969.82146998323,219904.27953958092,201026.9048891927,178535.4558674851,289982.89447742124,190538.35726455084
"Codó (MA)",559860.5573199426,923371.9456154652,780677.5696597223,1975171.40400067,2485305.5012128428,1766524.2920922772,2692055.8252950385,1746458.3583932193
"Coelho Neto (MA)",109982.29267898634,71388.00744095199,103050.48090437503,260817.43589291512,143212.5793610087,110372.84716117033,276729.7909783102,490480.85346123675
"Coimbra (MG)",25044.041046614122,25241.771419659057,30175.49120580403,32569.254747540468,33587.23043211539,34357.05877843126,34033.602989936546,36004.11322716736
"Coité do Nóia (AL)",42551.007808827286,25430.094546209035,24721.04439859302,27781.547748117842,29276.033980115004,36760.68504499026,47675.52167949742,46603.52416590626
"Coivaras (PI)",48066.517148602994,33475.49837283916,40222.32392311393,61307.91600889683,65871.21384260408,107195.17403263588,81301.3970326466,85572.95674231013
"Colares (PA)",48562.915124656945,253092.5777925242,106979.16914107196,30346.989613488127,32106.71421736559,56957.78493676206,31408.2747588108,16048.049763950661
"Colatina (ES)",299772.36802813236,240045.04333231566,432950.91420738754,582495.4144637467,650013.9038852637,651169.6796505621,631092.0615256678,592425.3160207126
"Colíder (MT)",2225402.2371940706,2672511.898275885,971367.4005948553,1420160.781698784,1304357.8815695683,1387428.2295864378,1559557.1732808603,984233.8818050146
"Colina (SP)",151663.9931753919,101606.52496855515,160568.76447666157,194515.83679098243,171551.17086028465,190700.66425987342,214591.3508133887,160468.15676521263
"Colinas (MA)",105632.99817650479,242554.26872926383,330438.8773391542,1012073.1167106458,691469.0792926073,774900.9361865986,1291476.0611257795,1296011.9231704313
"Colinas (RS)",20794.032970029482,37020.970587511016,33069.56950320406,37805.44937908917,40401.638344799045,29317.253818525543,42422.80201926423,56128.60687545604
"Colinas do Sul (GO)",298099.9880561206,308820.2552307677,141531.59856810182,216748.38113527824,190750.70726398556,174692.4454361934,250133.1124974176,185793.01259756632
"Colinas do Tocantins (TO)",430135.6417062549,452727.4644044188,362752.34491544927,434882.5991792133,460220.02517578175,471097.7123943411,523529.556165656,524190.082916181
"Colméia (TO)",859194.8809942527,1347884.174299932,324609.7543812841,387499.55873130244,488248.2418425558,425349.32406770514,622307.0023511514,339799.0532071196
"Colniza (MT)",197094.88509966547,4744700.816386854,5697360.547823737,19087271.52644653,19646669.71477555,27280239.454670195,14482091.389752695,10156182.78625721
"Colômbia (SP)",156819.45476756548,130829.82035951002,170852.98296171043,193103.68710179432,196666.59803033125,199821.90279243668,214175.68862083997,173591.90875841543
"Colombo (PR)",139572.82156647134,84725.73501233186,484111.3210266363,452217.2667061741,511537.1870713053,555614.2036739894,565015.153421325,554166.6217922746
"Colônia do Gurguéia (PI)",13888.95232581609,48701.632927545375,31775.047686354636,40126.01603260344,35053.90270898388,50769.31827914728,54224.70268376202,68867.06506275047
"Colônia do Piauí (PI)",17433.492346754272,39098.7936821951,58226.23678132397,40304.65259208774,38207.89290090962,38956.39245402135,38505.45827967377,68356.56730586152
"Colônia Leopoldina (AL)",77695.00552578377,35236.16827792738,49539.30509551928,38867.406266570935,57840.90704691694,48178.1384280596,51417.58836032445,46603.83405351297
"Colorado (PR)",153610.3264408022,146065.78209604186,197047.8106693037,193465.89691654764,195731.07552439222,201347.31103109306,208787.05532181865,247185.2981821883
"Colorado (RS)",41441.00112211351,47232.26269140624,57104.257891104004,43770.89467148566,68600.20999047987,51326.63675878675,52839.90781711125,53948.837943413964
"Colorado do Oeste (RO)",1835174.4258358919,1973133.8502281397,571076.3835911639,809118.386413098,1074149.7684316305,986181.5547832632,1693672.5931478615,764516.2823555614
"Coluna (MG)",195863.55003529208,184950.64388657993,93865.9934222176,136600.08582037242,121904.86693520672,171755.53569773736,139498.56293184386,195653.53931976194
"Combinado (TO)",134729.75709056546,56951.29383889948,70959.37038146354,73739.95568875482,69599.43445827933,98397.28010620989,94684.1456285082,89190.8536786126
"Comendador Gomes (MG)",335528.64220506797,285436.54514391505,232762.59985125763,293915.2392018332,318581.48989738623,275533.4058030266,268581.63703190046,283652.79911390756
"Comendador Levy Gasparian (RJ)",2106.726645563798,27479.090618079572,14469.088587659935,42934.17159373089,46352.34102174059,61685.42882640907,40855.25517374367,35397.73324076871
"Comercinho (MG)",147071.34496448838,90266.2482136894,90236.37152908031,90707.82812597042,103771.73538427714,150521.25551467776,184834.1261895731,88931.36984630718
"Comodoro (MT)",5629891.150437026,5302055.584478211,2413737.483671415,4523603.244424273,3244788.7766856425,5897402.890660473,3837213.4682192705,3425199.502001469
"Conceição (PB)",45659.30182551447,63222.92143779331,78410.56312588215,83410.49919680457,107565.65076505115,132283.2820205498,135554.42706208606,83284.55535694637
"Conceição da Aparecida (MG)",81927.03639809256,120004.97133698328,83090.00189352351,61411.373606742665,61934.315163826854,66785.15655059926,72175.6088195362,64050.95225139539
"Conceição da Barra (ES)",535971.716489834,214647.94992458881,447675.2483903109,268517.7333786912,360870.7766888503,419850.753810947,423408.3613015606,365213.75212019525
"Conceição da Barra de Minas (MG)",82422.05457003348,53246.76216932678,40008.604222797956,52549.17371699134,49834.64047480991,55293.00790110813,47089.77127638413,43854.50662948879
"Conceição da Feira (BA)",67052.7658736953,47331.92046684999,69289.61764925247,68102.89412337504,82190.88662852118,87936.51796797918,83651.41024786358,176124.64616300617
"Conceição das Alagoas (MG)",349172.0888369202,335934.70090976346,459826.1937090033,537044.2444021266,556138.0124118474,535550.3795972503,555508.1382671687,569571.699472519
"Conceição das Pedras (MG)",53463.05801525276,36646.51578681,49427.82003053297,23842.022253502033,30384.298080579167,26559.50915424892,30093.75121783406,18813.116677034242
"Conceição de Ipanema (MG)",89399.12753675401,31861.552913827323,47066.06992729271,49000.57153927301,52579.03734221854,64646.689321541955,64029.686122847845,54178.50073136923
"Conceição de Macabu (RJ)",91678.61952433412,99470.16641570548,96167.25280192216,130391.28873849245,119088.96286904353,123454.05833453708,139403.98312184674,119552.175784401
"Conceição do Almeida (BA)",158372.98631340012,83742.68700582867,81205.45868357673,80597.13981584355,89379.93153810647,88674.09294222036,97770.92058292433,91928.38724605131
"Conceição do Araguaia (PA)",7886722.1967709195,9087940.602612296,2249249.2884121137,1630801.5582140472,2712639.0508972015,2948500.1868673004,3928433.733995395,1870210.5477103745
"Conceição do Canindé (PI)",42854.71528440501,55387.85878629589,35542.54250687224,30754.126786476452,30637.269336761598,28784.943152839314,31339.700741253157,33219.73423786752
"Conceição do Castelo (ES)",71128.46136759971,143220.21797655328,90236.018063992,73693.94880824685,73502.05342384864,120718.58777777701,105460.91573495198,67228.34292776832
"Conceição do Coité (BA)",308010.35484696605,152320.91824157233,155891.65821276602,151875.23180806718,165826.54243830775,175480.1528221555,195461.03674447993,216228.95734653025
"Conceição do Jacuípe (BA)",56429.60931326703,38610.86633364085,159425.65324463107,121299.315990871,149708.35877245443,136977.45893032683,134068.3061802487,149281.76731299836
"Conceição do Lago-Açu (MA)",218661.22732642406,367989.39722779475,266144.5097648989,158310.22463433808,127299.14647328756,241017.43811643805,276123.7129542595,728586.5234260943
"Conceição do Mato Dentro (MG)",579569.274972532,406634.18332873273,235378.3788319816,439510.6460388407,331066.66936104273,417457.1173810516,429044.75111152907,420134.50382861675
"Conceição do Pará (MG)",95378.58320308942,98259.82033909876,56109.33905805056,56967.680005832786,58338.625538417145,65579.7587127732,61763.810057934876,67909.75861690863
"Conceição do Rio Verde (MG)",97976.42712280274,82710.05290517655,104966.53694891246,93697.18782937026,95864.78670908647,87667.09267644012,89073.15926180311,83561.9510806529
"Conceição do Tocantins (TO)",817683.6738330517,446741.26048818656,244919.24941702804,497559.1526628133,436123.7392567995,397941.9343881011,668052.8601693417,631811.814826306
"Conceição dos Ouros (MG)",67666.40566650139,57358.74612783019,56550.18225048576,44567.523265147924,42653.074381908846,47511.01446133202,44016.37824861486,41243.646446460814
"Conchal (SP)",54792.86300985278,55025.18070845029,91481.57726336506,93239.35756198737,88993.56252640797,108365.56073255042,98929.57759973402,89420.00125723504
"Conchas (SP)",96027.02858112748,136195.4927778344,174587.41463844487,191841.3881637694,197452.30492002206,209420.37061423383,184386.9488859551,170769.37141561537
"Concórdia (SC)",395065.34482719144,331371.82743637636,482840.6592277531,625639.3879799977,676589.7322472918,645074.9326614339,601368.3214186783,541617.0993268229
"Concórdia do Pará (PA)",599412.5448438368,479589.9160339457,795021.8241253865,186193.80564842184,309829.26615857345,260844.20024819547,387430.75539412315,281458.59120530856
"Condado (PB)",31899.807002966958,22990.77219042594,30023.806065917426,29524.368092942274,40984.28532898249,49221.65662674806,44661.23247549701,37398.779168444446
"Condado (PE)",35554.12353031614,10969.189645929575,28539.927356464632,26495.03043644499,27345.338263953734,26354.77026959306,28143.180486588684,30291.1432272081
"Conde (BA)",413304.17820959963,877509.7776279313,235577.94559710685,175365.85864942716,441816.1233810944,196254.3813831434,137535.89308924507,233746.17090107253
"Conde (PB)",29276.92226309045,20792.427647947425,41387.97763775449,170889.67442001874,87531.98915386591,50080.343164101825,54040.05614284515,101319.80980150108
"Condeúba (BA)",62106.864148598695,128973.12577479018,197125.86369773783,113648.61859685606,154641.51505461472,169824.04714259662,224814.65286032035,181087.62796836832
"Condor (RS)",144741.87600908193,73001.04319028695,73596.93132826095,76436.08612556424,97321.98492942104,81716.4834445258,75144.97910181619,80697.43841800166
"Cônego Marinho (MG)",53256.51908139637,86480.31972135612,49317.99435176383,60567.577689305006,151023.33774343604,85235.69927936557,81493.31585369818,56435.07054767545
"Confins (MG)",9031.573393746456,9191.222970905417,438336.16415560065,238887.38623137865,247935.4228700602,324652.7232356899,199258.0130420819,379107.31816034915
"Confresa (MT)",1315942.430310329,8978807.768425733,2583204.525835235,4326873.098794147,5414486.739193807,4726328.122008528,5987150.557608508,1599136.9789952438
"Congo (PB)",21836.72042448453,51068.46074313351,19380.300874580884,50982.124155784106,43938.81882424291,38344.17752411489,32671.456759780962,28897.66713632499
"Congonhal (MG)",75727.75930517928,88595.10132380364,67431.63978328263,57028.09907268042,62514.972674558965,58004.503986927375,59322.290559200796,53327.54462261964
"Congonhas (MG)",91655.26298287208,54927.317410538315,373432.4512851973,486241.1572030835,579541.6069397005,690380.7679413995,360105.46368789737,966737.03106385
"Congonhas do Norte (MG)",100113.41854171622,71728.19091977118,38539.23390769904,60185.55512345235,33886.09171513602,43678.95381849433,51459.86080872048,30307.411434196485
"Congonhinhas (PR)",243201.02797320136,165963.0405450923,137922.4205231782,104564.72475330836,103221.98452489995,101140.82698106646,110340.25860046367,97554.85753091807
"Conquista (MG)",223820.02654957934,228167.72900923603,175305.21011266718,195892.11628192224,208064.30640465405,286594.9894260388,188556.025847914,169987.11859020844
"Conquista D'Oeste (MT)",500004.4162145585,236236.64159843183,278081.3954060417,668660.3949754563,336074.4796094993,888048.3895507304,894787.191159079,1810501.1559467358
"Conselheiro Lafaiete (MG)",137192.9042285253,93533.29936810333,193304.42703528597,208812.01138890116,204203.34612001607,217659.645398619,222242.77454931752,247350.44838956493
"Conselheiro Mairinck (PR)",64832.462231673475,63218.14483078208,63169.794719038226,68830.95100880649,68029.35368355029,70455.60538163646,76397.68861811794,68282.8919680443
"Conselheiro Pena (MG)",350980.93235492666,199319.25806857133,365398.4605856597,193673.68562623142,219570.66274101904,261908.75284265494,235211.7842519432,560882.4499645263
"Consolação (MG)",30249.890075551506,37970.43810636187,40125.12923295435,28611.69671274636,27673.936009215773,29338.284819039538,28422.74754429335,25146.16674162549
"Constantina (RS)",78885.17885945449,62504.41392421407,67894.79614904575,96914.43120377616,95973.95003335185,107236.19088116362,95039.98090916126,86272.77554829788
"Contagem (MG)",128320.20410019008,154684.76614060995,1448108.423262867,1021380.3664024699,1125020.738292541,1214480.0664932728,1269219.972524536,1211586.3058764283
"Contenda (PR)",38774.349078845706,37635.77765996299,82226.8104029804,105867.47187923806,101342.8564977808,105368.78939876151,98018.13303700768,82670.72556068245
"Contendas do Sincorá (BA)",67656.90065788923,82898.11929277069,40556.209302718664,84732.90618293839,55652.70445958175,75323.44240381572,75019.41409239559,69258.36407173827
"Coqueiral (MG)",83741.65157501245,72243.72848117718,56974.66438458169,54453.77191039546,54916.70625780977,50341.88194747795,51095.78036184411,42818.51416210023
"Coqueiro Baixo (RS)",14079.457091435514,40007.60621957069,62705.13572574228,38130.88927495627,58791.5692785558,30346.443961727135,31261.264885940185,76497.0847123804
"Coqueiro Seco (AL)",3791.7503464881265,5978.461303636494,5018.378300332171,5230.20784646536,3628.987315620012,3581.185128256838,3968.7225965947355,3364.549799771057
"Coqueiros do Sul (RS)",47098.147070029125,63932.32702408179,43326.33158454236,39626.67663909578,46550.724927367315,38640.25722239736,36273.06942642168,29279.450936128796
"Coração de Jesus (MG)",778235.6457186096,606978.5444712911,440028.5375337893,396679.59550623514,442223.70784235833,391741.4648478979,432741.14602844464,474252.1518470988
"Coração de Maria (BA)",169676.07184634238,64551.57264248363,104765.73695259033,113964.60704646738,123101.98900833237,136466.02172042071,107752.40283318252,115557.60707241407
"Corbélia (PR)",143385.96747460874,135703.0780750913,124079.01224316977,126328.60387480297,137328.0656267717,135697.6079984987,135827.43345713368,119649.70095568529
"Cordeiro (RJ)",61163.46444884174,37874.57359471211,53685.46820470068,57992.06797495477,54267.378548207205,53500.08546495332,54436.64029927297,56555.387683928515
"Cordeirópolis (SP)",40632.15970039551,35391.86995388312,149031.69955321128,239974.57319205606,196855.73794789793,225560.34017061355,312401.3905294972,215615.37577484365
"Cordeiros (BA)",35845.79424379235,62730.48743910499,64980.595927876755,40820.91950325117,48060.510470071684,52150.26938951931,77274.02472334175,81690.8197180658
"Cordilheira Alta (SC)",27327.514074831546,26848.18983141451,50114.36454160072,56562.22684047052,58684.87022739835,50767.08306996438,50870.71425356294,38191.88309134298
"Cordisburgo (MG)",220145.59331839136,173256.6230336884,102037.44115295631,114370.80066310409,121089.88611948381,117756.7589542419,118640.98704135136,152335.09355467962
"Cordislândia (MG)",57421.96239703584,61496.50999917432,49132.28197378697,36651.42981293647,34920.09226769436,41142.098297554105,33789.76247820357,30220.57915349291
"Coreaú (CE)",44672.3712370967,97357.85344257441,63870.98569586453,119121.21177494156,110268.98294576253,110998.02117892874,141861.6841024053,166752.013513606
"Coremas (PB)",35545.26542790669,36381.5939726465,61696.73037407915,65345.000507985256,77563.84962461301,85363.34437235518,90797.47938855251,64159.19074785174
"Corguinho (MS)",2209377.435323371,753873.0363342761,623694.9361839807,663528.9495007412,508624.8494324653,475864.7050657809,780016.6065120862,648705.9914088054
"Coribe (BA)",265339.0178332852,439775.16587762826,341972.4085951855,396564.5456525475,422703.4349736495,487910.0335284521,557597.1758557971,521690.17804028606
"Corinto (MG)",498267.17380348174,343424.83705619705,388126.2973318498,266227.9684354234,294715.52920566796,332786.3068194405,350642.36184757395,427724.8943694831
"Cornélio Procópio (PR)",196551.60921992597,193149.68592463742,184675.72517789734,171045.5823829189,180138.25135750422,169507.3793565197,185815.4951093912,161603.26061901424
"Coroaci (MG)",739037.5356229668,328963.69989407074,119545.68889352813,120031.59394222953,150349.18660901554,155808.36310553327,116689.04776259755,192502.3154135194
"Coroados (SP)",76065.76932998793,80698.77202239701,68993.72557705878,79998.63917268802,77115.16948215241,75705.4745949023,75599.15403782245,94358.82426644994
"Coroatá (MA)",1044013.2275839667,390983.8341179068,299645.30547082395,905507.6301450859,544263.265369255,742223.9917218924,1054612.0671561765,1110433.85478912
"Coromandel (MG)",671540.0003407353,587177.6173003571,552255.9984400971,601176.7791192181,606440.6607418652,564458.3094258229,663438.9728334446,597369.501856286
"Coronel Barros (RS)",4005.035562301229,26744.06979169865,37107.07824277708,29986.247273023328,52631.2460985081,61350.803052054114,62046.39500949448,43083.65697623019
"Coronel Bicaco (RS)",139592.22469294773,73681.28644499375,62552.30537238768,97525.76464836724,103414.06916391989,97617.18519645855,105372.61157147808,81568.08580226295
"Coronel Domingos Soares (PR)",1002022.4171165657,1030190.6966180597,443658.012606363,438717.23311956314,411100.71098097996,391807.2767368803,339005.12405328354,181000.3858862754
"Coronel Ezequiel (RN)",36675.84661355938,19717.167029058288,16798.573300375596,17655.515020693194,21858.414923238495,19639.319196944958,22658.593258132816,29640.485296794322
"Coronel Fabriciano (MG)",242634.44933577217,122829.54481633184,139071.28363680324,132093.38040474363,139515.3125454522,158757.36217733656,161327.68203057512,276910.696004652
"Coronel Freitas (SC)",173637.66750594368,107154.86079938727,198931.6194103074,160873.7126550435,164182.35284083962,152372.1356557377,155151.3363992997,138929.3455415216
"Coronel João Pessoa (RN)",8474.62092346479,8201.982736699365,13194.893723403964,13731.692169863407,16227.249232108248,12785.793997006946,18005.55406668991,12201.28031985801
"Coronel João Sá (BA)",106243.09471118398,149677.24187212228,132233.718965959,131132.31371465296,160987.61865586854,165434.09802677925,183465.78729820545,164399.74727770837
"Coronel José Dias (PI)",10533.656592122865,51938.27187502349,28707.22627406967,63729.49157772537,104803.56894518776,119457.86412961228,66598.42460851348,347007.1069141199
"Coronel Macedo (SP)",91932.76249957595,110172.18570001947,66587.90658676365,63739.34560448893,57555.77406507286,67927.44346598536,61965.033471194736,58557.94301716994
"Coronel Martins (SC)",46558.75009854855,42664.90089904876,44032.14048673953,42875.580167974615,41409.90710709915,41373.3784397302,35124.81983640522,27606.717688082634
"Coronel Murta (MG)",239593.34271056447,127176.16697724936,76088.6827154586,101737.14101306628,154650.47879415148,146682.58674459497,147153.21535582517,177633.5837040388
"Coronel Pacheco (MG)",22576.998047135876,37439.70965675368,27313.351251451142,31267.19091554425,35903.73294027023,37564.51824641825,31811.68878598963,30261.809785311987
"Coronel Pilar (RS)",20422.884519205592,107331.96563996184,49280.138451986575,26210.99652705058,85168.18174598177,23895.178776332003,23523.00412152331,40545.488254296215
"Coronel Sapucaia (MS)",602454.1353723248,534367.798837064,213176.00479898957,206455.1977646112,184761.39231337793,176221.6308276177,173515.9248187211,197435.2819107562
"Coronel Vivida (PR)",321382.21989710425,156102.05842015985,179600.06389306465,198991.06886702916,243284.3103945003,224559.27968228597,246665.6734243113,214189.9135452556
"Coronel Xavier Chaves (MG)",28083.15734092289,20296.601512371224,18111.486485001955,26480.755285535903,23484.336748788213,24422.589679369943,24834.611340156167,23240.447391019476
"Córrego Danta (MG)",119851.28983039317,130895.51196831436,127477.66904348409,184906.8516947328,193315.16415105393,192477.43167585734,194095.38931846054,187709.04928226626
"Córrego do Bom Jesus (MG)",25328.115485401322,52314.329518875216,47272.79149785544,23336.163146926734,24590.750601342676,25340.967208757764,22358.924200308233,19375.46879644152
"Córrego do Ouro (GO)",145914.82943487904,164164.0725028892,174041.05065088288,177981.99420631665,182236.2667174188,183626.98295107725,179952.6830686139,235685.50677342914
"Córrego Fundo (MG)",15568.883899293474,38165.85577344244,151584.06129080086,105277.18191091905,133165.75313829584,41174.57430245225,35502.57745049086,229097.72326569332
"Córrego Novo (MG)",174843.91496779822,181799.02964375986,51597.05935545634,44849.275593569946,48469.25471505157,73874.23355190922,75276.35646126677,233536.71666524868
"Correia Pinto (SC)",217724.31161273245,259268.3797515552,337169.8416816969,232239.16531678764,230320.60029463936,207636.75135380242,154395.1040962604,131640.97431338052
"Corrente (PI)",362024.95421435393,470357.8952105713,474960.9095261635,746841.1612927268,516042.756280226,549644.2858693091,822487.3506552667,968648.3079805359
"Correntes (PE)",197517.62880612686,114072.55186126141,109951.25829667084,121703.48171555098,135857.28424215855,133640.78425303154,124115.48123306721,107815.58612375028
"Correntina (BA)",1481025.8393826752,1226946.2733096238,2111038.3296905016,2832609.5986052505,2821817.8677622387,4740410.930424639,4000514.7259478713,2256567.9028118127
"Cortês (PE)",51455.90318814751,19437.409745984187,24367.780115333448,20233.716701134526,18782.799748580677,19443.19915823319,18106.79017242219,13248.396380800346
"Corumbá (MS)",5097320.019879216,5987841.038629072,6040646.345831464,8252359.822888652,7401591.580185069,7932160.740768952,11862110.687766738,7761974.6184863215
"Corumbá de Goiás (GO)",521993.79793581815,343081.60021726077,229368.57384801217,291975.45682789985,306168.0131140015,283943.65756198054,275420.6840626054,266392.4753666626
"Corumbaíba (GO)",717128.2077388184,552840.7466169727,463432.98771036445,477619.18302983674,447280.6652995776,414346.0028453024,497925.82230707747,387871.3888726965
"Corumbataí (SP)",94903.38565571295,59600.04770413662,71502.81972492528,73061.87582112319,70304.5653278386,82966.5251878389,68536.81510552355,66844.95274424239
"Corumbataí do Sul (PR)",41054.838170943345,52155.94879393657,54812.67341660157,52532.965628342594,51199.83741569976,42884.035962633876,54895.58583217327,47081.64785395877
"Corumbiara (RO)",3714538.851623667,2891431.9654184883,752808.0449007269,1496892.9452660074,1637077.7602243267,1435452.3789550974,2995492.67639954,1221451.7289905194
"Corupá (SC)",71277.79412407796,117101.71098726615,121183.06280659839,93302.68822066415,60058.463467076064,103412.40462357175,72257.87611669884,53062.102509841345
"Coruripe (AL)",242428.9236210737,108387.29259740954,164924.86721440317,178110.43981282623,176859.55077362276,180218.65466657287,183162.86965484967,190489.59931288156
"Cosmópolis (SP)",28729.042034780505,39163.03437367566,86191.68867317418,95685.60692973094,95633.03665623482,101614.48050332857,133631.43483566024,88652.16712179195
"Cosmorama (SP)",164735.9064827173,116876.30334058017,143577.60931266696,127290.55118806855,138922.4311631943,118254.01957034787,120485.49097358981,120483.60082970171
"Costa Marques (RO)",454311.5064529416,1915162.6348940951,3087794.2937808563,3026028.6212666132,3163576.548138847,3943601.815836662,2728928.069504264,2289882.3971499032
"Costa Rica (MS)",2069745.508520698,1477658.1456358626,876281.184873185,1001574.4882385703,933270.3128689332,928355.7287825586,1003138.0641758608,851210.7348690641
"Cotegipe (BA)",427740.0601906771,449938.5956172511,403807.4620098581,996256.7725227088,671963.8289092313,768700.5708791877,1615739.625862325,930106.5182556867
"Cotia (SP)",62199.82768621061,115578.83243055902,288297.91859105445,325490.1088021327,361140.778235425,376075.8676531029,403338.21388619335,352904.87071186275
"Cotiporã (RS)",73873.01270431966,106700.60611552511,80049.89073515424,50422.3377430945,102747.9795149191,41078.21487341331,50860.21639398065,620793.5308154393
"Cotriguaçu (MT)",421903.5690706834,2676850.1609402704,2282629.6611169665,4808185.6650973,4016113.852714739,5011975.004177236,5925577.324704959,1490693.655271235
"Couto de Magalhães de Minas (MG)",24803.681393618157,25815.91630182941,51249.57585668149,25805.601133391545,20085.692763602405,25088.263616097676,23907.686636713643,27308.420684572848
"Couto Magalhães (TO)",805393.5865257144,674071.8957137943,360432.2082870939,438154.79604478483,479926.2112264802,504755.80107485945,568036.6789160453,411906.2295979877
"Coxilha (RS)",58320.67989857917,56268.77165906111,74017.96323629544,59119.437988532874,88550.46468544971,57057.874135669044,63139.09429990516,73887.81815121556
"Coxim (MS)",3708674.5041321935,2597217.0332927946,1772785.6053504527,1522318.390590583,1486687.0712907035,1709696.4951391232,2222338.067264156,1709181.2067648151
"Coxixola (PB)",6856.36015274508,24732.30300788246,14106.92556018535,31130.782919573023,33500.67419060943,22617.861589977172,31364.182308510346,23853.654973965877
"Craíbas (AL)",44874.56985909143,36540.92250464926,60338.94965398078,74092.04851799812,82642.9458898193,92710.9453443104,94044.68038755434,95538.09519582304
"Crateús (CE)",329426.09682357457,292097.20657609653,286116.54943988327,362209.78937433905,401463.21228876745,468453.26960079925,605254.2399382647,338517.76995237515
"Crato (CE)",61107.651313597264,118971.1589661276,196710.33799849093,295040.3987682519,329140.7456556588,317687.0985375689,331945.2113779419,303992.924309509
"Cravinhos (SP)",153196.94221910398,88460.41169742576,113622.71647908291,133268.00974201705,126289.34054418863,141691.4255252921,121031.62415192387,104782.93995924896
"Cravolândia (BA)",130895.29812185686,55184.82942904185,57722.71392828603,43726.39958916328,33048.12060906758,39845.151106333135,29077.236596853,24750.08080219546
"Criciúma (SC)",166992.59259492264,85964.75140650933,357703.9034291594,605112.4665737902,665072.9244080792,423263.739890429,413935.6822669277,446463.4463948672
"Crisólita (MG)",438784.97994993656,245124.43251484766,321013.0205789411,188644.95558236947,194422.0996428423,235118.34597234728,176608.79509921258,201677.88543413332
"Crisópolis (BA)",92030.05219165064,100728.61622286116,90323.78811225403,78304.7202575897,117609.62497512762,121607.76663652007,141444.4440832151,132125.26998350708
"Crissiumal (RS)",133231.83021916053,105852.21533656292,109429.4946998669,144345.93028139087,157727.87339502134,149438.07831489167,158131.0402678348,123503.13394099617
"Cristais (MG)",123928.60838907563,166125.0734634731,119783.52270965837,119220.80717487387,115875.05532417426,127467.48398408086,114118.2579490547,114529.50698176921
"Cristais Paulista (SP)",135569.17071373967,117949.04862187513,124446.53783597484,83143.64401965454,91537.29769846215,100075.84756682286,95434.73235880744,89232.32891980151
"Cristal (RS)",248409.92944621827,211038.50738452098,444375.46298164106,183387.24638545318,317018.2542846555,207731.68551641877,193166.66986355008,174444.1736730578
"Cristal do Sul (RS)",19130.19668989596,23944.69774513065,38926.69066729494,53854.98604048573,50527.56240830448,50196.436528847546,54831.97731067723,55425.28585646186
"Cristalândia (TO)",687548.2852629495,455582.10056537855,354438.8847896622,572834.8864593714,503453.7616240112,517242.7027024855,768596.6425986994,808014.3301583843
"Cristalândia do Piauí (PI)",152500.29380522863,235258.91256176925,143612.99534618176,335556.9318599365,382203.6307751372,456664.8748188159,494474.2855527358,494665.9609429825
"Cristália (MG)",247320.9382653775,80477.74196727542,63089.98841026143,55724.942040017995,64633.999417248444,152014.01520234148,64151.150703335,61113.15315212743
"Cristalina (GO)",2235987.1398843476,1882527.0882109571,1326514.1248492964,1391935.9402335011,1482660.6809031114,1431612.496794418,1565614.1697258404,1440238.6972115266
"Cristiano Otoni (MG)",41900.813669805786,34184.00733481591,35181.06994664,61060.13638873501,59030.189437550456,69246.78654875897,76052.01648041853,82536.92950644688
"Cristianópolis (GO)",76814.96499440451,52840.67727817289,59962.07171841789,58545.898246741024,55770.217486580055,53514.68604860908,62926.458550812305,46835.63627268908
"Cristina (MG)",128188.31250125209,102159.27324855898,104861.09357983212,75110.66889362407,82696.90017435275,85442.12881422676,77150.02807234494,75244.89669177453
"Cristinápolis (SE)",184519.96102117552,79205.39366013113,57210.335669842374,68267.98964476962,83538.88403607857,57780.25981734466,59715.66443440376,103190.22658258698
"Cristino Castro (PI)",105261.05171540844,51931.88230329716,64244.17793863612,138587.26370140412,140412.66469324395,384150.6896594783,545910.0927318718,474755.6228937242
"Cristópolis (BA)",212269.94692887223,140630.99281210132,120140.0871984345,305101.2684862928,265341.7653549073,232328.4727521905,306125.7982279633,401081.23836841166
"Crixás (GO)",1795743.1420424911,1334225.2770187606,1166236.8876557618,1179331.920445497,1171849.8913517417,1180918.2476829586,1256720.904338183,1219220.911789627
"Crixás do Tocantins (TO)",356264.85384856904,207329.31000541043,161452.06003794115,226629.8716576372,180842.40609548142,185113.67401608138,240844.2835592787,226178.79538356228
"Croatá (CE)",65410.95035373958,31635.122330764043,39533.578426106025,42190.34837989791,45546.42855310151,55919.82681667169,48346.26319549121,56142.993171753784
"Cromínia (GO)",143543.3120423871,98636.09726203643,88330.17755800487,98483.42839564358,108110.92628556704,112249.49353921194,115659.9778781704,111534.24635448572
"Crucilândia (MG)",48907.10156173285,41063.78071030799,31282.35092151351,35276.52352683274,33413.523795504734,33903.44623985605,33360.59820438386,30483.174848114064
"Cruz (CE)",48719.953309573415,286504.0534295674,53599.9620407803,95410.32003820631,80490.15118432815,92219.9076763285,84485.30250426798,75138.48525151578
"Cruz Alta (RS)",521924.5384539696,405153.6231929911,330238.2816569781,337660.15934648016,426632.2509970091,377728.54298459046,393802.69483284064,354303.00514727476
"Cruz das Almas (BA)",79483.04919776332,33160.03597501118,72336.23674200827,89014.02063875853,98280.04334701385,89409.10037027502,90124.80071999253,91537.21892319954
"Cruz do Espírito Santo (PB)",57171.022766499096,27803.72288298975,24875.578753193964,36483.04774899307,34924.455128235575,35853.02072645865,39942.35418257923,40335.46441159483
"Cruz Machado (PR)",539669.2692997642,359226.85847066727,468084.56130254053,381914.06894129375,353121.9821708106,427726.0402022535,289326.5852532633,107285.12133693432
"Cruzália (SP)",33572.88362213112,17944.924529415322,27025.62713436456,24775.14968084198,17475.611694726875,22970.84345600313,24541.543993496605,19782.31361129598
"Cruzaltense (RS)",18409.40416051027,13261.170111587588,26818.711556574228,42166.89126840904,44470.42983090187,39858.22229728298,37626.38098291665,31998.403232694585
"Cruzeiro (SP)",88553.94705468188,65954.47046110043,182054.173204023,180654.92293760955,193217.17884745746,188282.29192982786,164954.48599261805,156766.47482092708
"Cruzeiro da Fortaleza (MG)",58142.77784886161,52753.93907152809,59254.43322335441,72780.15478006052,73378.62765324298,74186.36852212506,71952.08666153745,73358.92798963404
"Cruzeiro do Iguaçu (PR)",47522.11241264645,57420.433985164986,65732.09285435507,64935.10966663214,66058.96498984545,59628.30075139463,48867.84443181754,39659.68129565023
"Cruzeiro do Oeste (PR)",258943.01055385757,235596.97347649946,265031.9065761962,263409.0697849603,275101.1960918809,230703.6283635971,287241.6667790149,260916.74196386815
"Cruzeiro do Sul (AC)",697251.0261697927,1324600.8459143413,1530825.6219589002,2739793.98880794,3518072.8156226063,3460800.159514901,2635586.245641347,2148866.733011643
"Cruzeiro do Sul (PR)",84250.52621251687,78145.73837064604,76078.9209595483,61716.13753822797,57854.765847521434,64881.43195170307,68045.64492902484,73560.03820603625
"Cruzeiro do Sul (RS)",89973.50671579235,75629.81431220846,88855.00260939621,90035.79073729092,110474.43326818604,91730.31836128101,92144.21164584204,167934.82168156063
"Cruzeta (RN)",47142.35434102149,47821.69038864283,40178.936318404114,49133.145510748705,52347.10615262855,53860.379163829086,57288.26950511871,53969.80717102875
"Cruzília (MG)",136274.00416195657,105438.04334680288,108111.61810406216,112787.97152831857,112242.37199889489,112822.38773533855,86872.27981180335,94030.36019806028
"Cruzmaltina (PR)",39055.66234847351,69227.67003453756,83840.2908507974,72099.25346288332,59157.75157616468,68684.13001073807,75394.0067019057,67796.55654813146
"Cubatão (SP)",42097.36244949349,1749562.8567915494,2646715.261306372,2470616.152328606,2572656.2575438824,3168005.281866051,2894199.8430239386,3183472.737117798
"Cubati (PB)",20905.085370301276,10174.268225703196,17553.534244315484,17877.85792643484,16990.163076429635,16363.270239816145,16826.725316455802,17683.900380449162
"Cuiabá (MT)",986782.3471102094,1142975.7752965298,1473687.5013440163,2879505.25740035,2696878.313440028,2680797.137165714,2394623.662357047,2449717.836049443
"Cuité (PB)",133550.27137199498,62177.81650146345,54921.17060532134,78248.98439376653,75437.36333528224,63584.35112060024,78055.85900542035,171274.39319758915
"Cuité de Mamanguape (PB)",39621.01695832873,42620.7337434462,20001.093002536167,19542.144889485262,17136.929655887903,18807.284515314906,16586.342338456812,34551.39004121646
"Cuitegi (PB)",42266.30239118785,10532.158125278302,11564.077177087744,12639.033910747077,13280.489929244548,11939.440956931934,14274.1981217762,16704.140396935425
"Cujubim (RO)",387528.21809833776,3424678.8347548204,3001180.4919568594,8461479.443375431,7983609.628500017,8228547.846758254,3634371.993287968,1865671.4477880567
"Cumari (GO)",179577.08632338454,163768.2718076429,176667.6133462035,168271.7513779468,188784.14837587526,166439.8331496289,180276.35705063777,166612.37263464316
"Cumaru (PE)",60506.96875927035,33459.109228941794,63018.98116915053,47477.09115854604,56983.63185272295,50497.610526204415,54059.00203692478,56597.3285711701
"Cumaru do Norte (PA)",2630740.088381863,12586400.83674816,7216420.739464912,7017059.22278628,4939005.907066444,6099416.984502911,8018684.576293481,3544436.8851923
"Cumbe (SE)",71928.64292879908,22248.483472456577,29062.28589845354,26854.171109169438,36160.91730645887,31658.372492284616,28083.695800413254,35425.73746082299
"Cunha (SP)",436189.48109671153,216180.21966587022,251140.00845995377,310198.5839657527,307899.0840423427,350389.492064337,350628.4548664961,289446.42852637474
"Cunha Porã (SC)",106902.00957272752,96944.10948743038,143313.1195872882,126080.94110964262,139656.18262669057,143344.7773957097,133550.66573398822,107800.3013276607
"Cunhataí (SC)",36945.905442390096,24924.87074380923,38303.53963432792,47862.95837595079,53212.92888328322,56119.90492325039,66652.24438596655,60813.354481770395
"Cuparaque (MG)",16150.41832276745,37268.99476172033,53932.25013466441,42695.23831981508,47720.461541937555,50278.211464675376,48708.50254111085,62189.84158931274
"Cupira (PE)",34561.77528637912,29729.803777930363,47252.392386701344,44042.7961544195,47360.61631370304,51425.236607967556,60242.69973229001,62610.070690203625
"Curaçá (BA)",276229.00752898294,544173.13798634,308731.32033974695,466522.4149436995,472532.3086123594,607586.14819534,546176.5632813498,541205.4096205963
"Curimatá (PI)",98294.1875270035,130847.21052058291,113956.4832592612,137573.38009575242,114362.79593536076,170615.5586996456,221118.06167323815,231678.59302322788
"Curionópolis (PA)",4179922.7566289073,1801643.4846041813,904327.2090015069,910246.3101961733,1077005.927704947,1179608.8508839854,1702879.7367423782,806357.0537130388
"Curitiba (PR)",245646.70619124605,331196.95480030135,2636599.4408209757,2536667.173853142,2678312.8494368703,2760994.5202463674,2763505.3843443794,2696446.0076580476
"Curitibanos (SC)",301587.89795955044,229781.63578543626,265063.4002031293,355348.7395158461,270741.3721289383,285984.98207606265,257390.43341480842,223635.90288038366
"Curiúva (PR)",187519.46874389375,210543.7539272859,156621.29414959872,144862.34988098705,152859.5162105823,145451.3591400775,146433.28840499528,120488.54734176703
"Currais (PI)",12719.17887377546,162934.28619705272,331665.33831175754,2161036.265243456,1243843.9047672255,2180608.89455451,605508.7029857263,1405598.454094676
"Currais Novos (RN)",63917.3905644834,76790.46517456007,90473.18601568071,142562.96455760888,130976.83402857599,125892.16089663724,179593.36648839316,166409.4068132198
"Curral de Cima (PB)",38891.193183738826,16385.024313055772,20033.465808462723,21769.905893104074,20623.48754448726,21033.68353550803,19161.099398632814,21455.49057096003
"Curral de Dentro (MG)",142797.52601071817,125958.70435322062,223629.2371091155,122085.79363995443,112460.81792790869,147667.55574782146,128890.60533805944,258077.29518059993
"Curral Novo do Piauí (PI)",111562.85792173955,145637.0319348345,67825.22603500742,52808.74457050739,66124.67141333382,88114.27500549071,61105.1343927053,69285.07190328627
"Curral Velho (PB)",9925.159188204769,12307.991989369892,24701.416170624212,17331.720948283415,31063.81245900116,33291.527028184995,45060.442560321775,19838.637040134596
"Curralinho (PA)",9845.048090457482,12345.438656111557,24741.627779650033,133735.51051595176,64271.3337429764,56759.57248578287,67794.36567081588,177030.72655118263
"Curralinhos (PI)",1692.5734428129654,17470.64664580616,26613.103861546853,36873.946144839036,73518.91661009743,58905.6547120724,393022.2689398692,138585.01893202792
"Curuá (PA)",115893.3032991903,182181.20641669375,374484.98087053053,992653.0578243976,854936.2682894091,744838.1026832818,687774.6260954754,681348.1053206556
"Curuçá (PA)",206801.61197530193,480924.7129317201,239413.6818865743,97179.85307918869,135119.71991446987,76583.6800531157,127514.69037190045,75358.38666138491
"Cururupu (MA)",77608.1362334995,87185.6878552559,29925.689790900422,40028.489405759305,88591.99508526674,142843.7079194389,86037.25323177593,81556.66213051972
"Curvelândia (MT)",385221.3096074622,227668.43819655568,180108.1432592929,216952.35157188209,247385.58314703102,491090.3579885264,240604.67170495298,167998.61948268441
"Curvelo (MG)",908861.9065198565,699771.3787193903,615444.8035553024,625947.0096735227,649846.9204254729,686675.5991152955,680413.9770156275,761716.9253042256
"Custódia (PE)",158923.92184322918,103353.28629982955,235530.461621132,273188.7211872021,347401.5258152,365200.7804082279,397214.176825706,343480.4244563894
"Cutias (AP)",442.96503439689354,101979.07202196587,130064.54202887864,202148.81138145414,193877.78179876166,224312.52970224686,244025.4856022712,208701.4747779135
"Damianópolis (GO)",144872.23467484897,66732.32857595828,76589.49936912025,107008.6907154732,102437.04731522786,97653.46307894366,111259.75306659022,92418.63817031427
"Damião (PB)",38851.768384819574,30680.316613442927,14160.297486629113,21118.356482710642,21214.434999606347,18541.32886571831,18230.290753888494,21877.125699918033
"Damolândia (GO)",36361.60038796515,35762.813392257165,38750.10846745463,37681.07975018139,38330.69603998363,40709.090943558986,38816.50388593728,39527.05811163099
"Darcinópolis (TO)",209605.20649417004,204771.85715968584,288463.5396054986,375789.14985893934,493430.16561890807,412855.9476178587,840529.6381486289,570514.9855593044
"Dário Meira (BA)",234610.75578976065,130872.60244420543,108075.93784620272,140499.33834017403,146990.59708973215,144451.62976080837,112382.29552203596,98443.51735785409
"Datas (MG)",15926.200268547076,23237.432006561477,20830.986355178964,33431.37812349356,23694.538937190202,20335.058329270723,21976.325346658825,19598.148242883803
"David Canabarro (RS)",76980.79771191637,73288.0679137356,75117.90526558277,58342.90949776185,64337.778985967874,58531.488739409564,52252.06398543571,47424.76519996957
"Davinópolis (GO)",108903.27496743322,102782.40186466991,106430.79934031283,118808.73976357366,108845.25157013381,118412.62278011611,140253.85263400123,115952.90858433896
"Davinópolis (MA)",109301.57202476721,154532.16581803426,95794.43578563498,105333.63461237313,106383.12448060387,87139.16966537562,115594.14871341156,93544.79153259206
"Delfim Moreira (MG)",90306.44649558129,79729.52501041305,84993.13741959695,67149.40709691547,52500.592190149386,69631.62763695214,63275.318340744125,82688.84927260633
"Delfinópolis (MG)",231637.88353559212,167809.87183901318,185629.57180372794,159428.45999229737,135230.21739898325,135764.6525440134,150473.6092786542,178453.14089290163
"Delmiro Gouveia (AL)",87911.85623570073,68204.28497567344,88974.38472431402,110014.48123172998,88531.6374669148,89992.11416460117,106647.95858825948,119155.20341305267
"Delta (MG)",22516.1095375154,65217.83086287335,87815.94138343487,94116.26560093883,87391.73881768541,88510.53397636824,89335.99694832001,97447.34681448455
"Demerval Lobão (PI)",20068.766826733416,38518.19797711463,35240.90297698624,64940.289729855154,46159.593304103204,44597.924059563,56142.21423365404,48908.817310794664
"Denise (MT)",323508.37057914416,435297.1955483192,422147.3347628112,828775.198931656,741357.3921989282,836241.3846450258,1074557.068523009,601691.2054055297
"Deodápolis (MS)",279101.04179486824,318587.8368397757,258186.88057047542,284697.67775647866,269225.678375944,228268.71091657743,236292.6054328742,194723.72958557695
"Deputado Irapuan Pinheiro (CE)",24191.805768285,59547.75369517432,123714.67786350661,104970.07084806154,111349.87570914612,139920.55511730607,153978.08825388362,91605.96545518425
"Derrubadas (RS)",17230.014943777132,26668.784883730506,39288.81462827739,53516.288394778145,56549.965892556786,54922.96305837175,61911.914381028786,50807.978770120586
"Descalvado (SP)",306570.9745080264,215431.05099664757,249557.48495193012,264549.7505624269,245051.62959351466,301216.26992239454,248917.22767887195,229622.94412133732
"Descanso (SC)",256512.3991224693,106983.8526644695,155045.93998336347,157586.64966108775,178084.88195387175,173589.6872151236,166948.5413094251,146656.83322123493
"Descoberto (MG)",60398.72657078004,45126.426509506484,32801.82662925103,38940.69420246462,38046.3760028069,37952.20968493629,36095.43688914724,31286.925243381716
"Desterro (PB)",27529.186003417068,11313.889402281702,20982.17220556532,20618.450547940836,22097.269350150324,25089.600372761375,28180.615223263172,25419.082547529662
"Desterro de Entre Rios (MG)",100079.17250163468,58793.80876689334,53773.07758500209,72274.57267488312,64076.75496681723,73840.15351666321,74997.58709521593,63269.32009768408
"Desterro do Melo (MG)",26957.23300936302,35139.67727711992,26674.83432903046,27119.13859793101,28817.113912757108,37295.304779587816,29006.859665010186,25301.159715349873
"Dezesseis de Novembro (RS)",51857.293366445585,114090.18497767189,65319.50393266445,59748.06119527614,53554.63904365176,80024.50123774014,63876.68143561807,61826.912987089105
"Diadema (SP)",77541.73327255115,138268.79650268354,461722.0993893591,458962.17304303736,474526.7683995308,473065.05365279067,483624.7599623009,479911.1543033151
"Diamante (PB)",16733.658820140063,23598.09276247602,27227.351146414865,26197.976621049027,28886.42835846688,28268.10124710046,37152.63979087941,33731.95040745523
"Diamante do Norte (PR)",72828.27186924647,66184.07286692629,72905.67569849752,159011.23960554652,135452.16663533894,144861.0237925642,164055.18611272363,140359.75451757788
"Diamante do Sul (PR)",92539.78287538781,207507.60121902477,137358.82014617708,125196.22956349234,141923.34238518143,121161.97340773285,107950.35595139817,82382.27314269175
"Diamante D'Oeste (PR)",90903.90157387116,105601.40678066196,84308.08901280517,100553.13368408653,92176.47295609408,100995.49976702599,93471.9751770391,106778.17194859886
"Diamantina (MG)",224737.8005762461,209082.92547704748,284802.2066914337,249318.87267133992,178142.00942938522,160930.12587912948,216278.11112615015,268819.34768090065
"Diamantino (MT)",1952957.7012141072,2029542.2567103568,1253084.1811552593,1855867.6152314642,2113989.2233583806,2180654.1716933637,2222687.5071510538,1511815.1457208626
"Dianópolis (TO)",242621.15474701775,383362.6501687355,346740.0302319401,471060.87243351527,527432.2719972539,650563.3866288291,1059882.1031137046,951507.8773207547
"Dias d'Ávila (BA)",70092.94743437586,53122.215979984016,92334.13005729923,135441.9992803046,93222.41155142155,90928.97731117766,87636.04113063817,85081.9525110774
"Dilermando de Aguiar (RS)",66683.7895653758,268343.47649750405,233858.1411102323,226984.8627861223,201321.79302999322,169504.09892411993,185510.90298357597,182114.49430169753
"Diogo de Vasconcelos (MG)",68208.05383214765,41053.450646962716,23876.214945434753,28411.183478007213,32904.89724483846,31690.37674208584,39378.942701981054,40298.2485767394
"Dionísio (MG)",186845.49596513208,203798.82157857087,124559.70286570303,77725.03520799115,100778.91896431957,93506.23501530805,93038.98407715846,174338.9992962087
"Dionísio Cerqueira (SC)",175578.37150377026,87784.18034221511,145527.958990733,126123.84250953014,141264.84473495596,128128.50226266395,118417.25063228738,113095.01856631666
"Diorama (GO)",298410.60302796133,187769.6472651491,173834.31330397786,234140.81162150064,237747.13973722555,214024.8137530868,198534.6730077673,208638.38244418227
"Dirce Reis (SP)",4732.794222447046,25048.687050540262,27632.59540183762,27999.16399100577,29493.348030324072,26518.582878818943,28897.35191585497,28311.661541888436
"Dirceu Arcoverde (PI)",56422.692085475064,105420.72413862367,34064.845284897594,106151.03937582135,115793.5720914093,113077.39014883424,78088.11619601853,204920.46512700804
"Divina Pastora (SE)",38808.40458776155,26998.002554108385,18169.020986095686,33585.17232957441,28598.42932104073,29186.801586651196,30198.408842738532,32544.554863875033
"Divinésia (MG)",18333.32697823651,22316.780014795724,13585.891752031952,23443.521346973746,25715.805814895994,21667.568386349863,25524.076208084483,24550.004181982396
"Divino (MG)",98738.94760035077,55250.61315193799,84538.74943655383,92101.61139341419,86205.97678288272,74114.336011085,72075.37053905023,75702.468098112
"Divino das Laranjeiras (MG)",59733.35954176277,55549.12911166968,58876.342584346974,48150.44153977632,54067.291261727245,65247.20056296982,75324.04259179845,74830.6059616672
"Divino de São Lourenço (ES)",44718.14852042311,44786.84496539453,41022.118647537485,33530.797688785824,29937.364003020826,31101.236116642518,29226.197394409177,25797.282125245052
"Divinolândia (SP)",60124.307487565566,82187.06449149709,62834.33005166688,87851.28594367242,96234.80876219446,105474.48632524714,86786.98169414765,71893.51476269752
"Divinolândia de Minas (MG)",123827.29634351167,71205.70591316375,34804.6597254484,50537.913738021736,45667.138008959395,75814.29674450426,41916.25161444947,58781.397417225155
"Divinópolis (MG)",249382.16099315806,220918.07462433816,532212.9435941167,489981.77683531557,529966.8616167303,544887.7064192529,538931.5659271242,562366.2661080596
"Divinópolis de Goiás (GO)",457821.4105903708,245562.01106290775,176650.85941841497,208062.150591597,179481.21408412044,215494.47732201754,242364.3145624233,290124.9221187606
"Divinópolis do Tocantins (TO)",539490.0535499847,626033.5112153671,585475.9350793498,722857.4146325113,528821.6025736185,587477.7878886396,659845.3603002529,577629.0110318564
"Divisa Alegre (MG)",15939.343226554045,14025.724031775562,25797.647556368207,114361.5602888636,81824.51896136964,122640.15085896925,90751.94748944746,89241.71422750509
"Divisa Nova (MG)",44332.57093629725,55986.4713058098,57096.929471234616,50747.109188823124,55452.663847400625,61564.0280459926,47965.01022956686,45351.782550855816
"Divisópolis (MG)",145483.23061346708,154979.8119572397,194886.7542725291,158125.372246395,150084.83044363727,183929.19346525831,156207.1962410807,195538.32463589933
"Dobrada (SP)",43701.06252118732,27626.68712245687,31030.105353889892,31798.300772284125,35342.66879205443,48972.61526594757,40960.195667127315,28061.746935121184
"Dois Córregos (SP)",126657.63564377873,143672.65061216624,167046.99730143178,176490.70917591685,144204.48717594135,163434.11658341004,140157.29167850298,105600.15271603453
"Dois Irmãos (RS)",49190.644722203855,44248.339577837425,55841.00565589726,54914.09592873709,68498.460648864,61585.38954116286,53776.55824497208,78295.48345704962
"Dois Irmãos das Missões (RS)",46389.24616056062,33505.962072359696,33568.508965455825,42984.8022258096,41490.751070641825,46169.727064143866,45461.5913014768,41341.254424564126
"Dois Irmãos do Buriti (MS)",2925026.8497995543,869745.9548409829,622404.5758123177,703338.8377832018,690140.1706602788,570805.1906082041,756693.218339645,516538.36949576996
"Dois Irmãos do Tocantins (TO)",656965.8784377452,1040594.9286985489,711328.9257463127,1232885.8324283743,968429.8456588509,991731.6230318658,1239400.679977989,862799.0931947816
"Dois Lajeados (RS)",73676.29737242962,75441.4835690473,72795.80537095811,64496.67456088326,77447.95389047005,42397.46539500714,49388.58624684317,411246.61802658235
"Dois Riachos (AL)",31547.084929874807,27021.142476804882,30098.779278773756,38464.15210211633,39223.47537318273,40544.88638281311,43781.387819823714,38854.53862992327
"Dois Vizinhos (PR)",235341.06850371184,154722.3376509203,225166.27821747342,254527.5408886747,277386.71453225584,274714.03517160926,247249.40224550373,213339.6575812823
"Dolcinópolis (SP)",23898.47242983929,20506.37602303977,25332.14063513442,19786.32642306591,22844.093459259013,20759.645009087748,20656.220789489635,18830.60987427528
"Dom Aquino (MT)",797927.1389088344,689750.1644871522,365070.7214809378,510953.89905000885,495234.129465084,463025.34110523114,472910.3903037144,431716.89887161815
"Dom Basílio (BA)",40528.40865385001,58051.90868425042,53607.66696600966,69363.12872558247,65996.75946482335,67105.87979823913,78117.95114707641,81534.31215194419
"Dom Bosco (MG)",265009.07087247854,188586.24430115553,177697.52572913643,151700.90518741886,132437.51303553782,163771.34150487932,197706.02950185738,186412.73256394136
"Dom Cavati (MG)",19941.965056921792,10450.616029222367,18114.48473323052,17320.926261573706,19094.723649688596,19017.298116479553,17414.157979581847,15519.413893351522
"Dom Eliseu (PA)",3193432.1318931254,3785894.3119103783,2869080.814935966,3912854.6603140356,8420817.406681372,4803983.066048571,6415989.259214547,4123258.3520203764
"Dom Expedito Lopes (PI)",14658.997939920333,17511.125126872386,39033.287430713164,38401.42024377546,30836.783418069695,32133.18433688009,35856.78191625342,45783.8835349595
"Dom Feliciano (RS)",522991.1856242083,362934.6658265554,336254.07171296957,223170.55106719572,439732.88432395854,348291.1137594929,344848.8477364654,235780.47208415257
"Dom Inocêncio (PI)",87225.49190176724,127756.72910584691,88959.56363567334,152727.60341230573,246733.69248173604,276354.8815793909,179708.10099239086,320805.07358716376
"Dom Joaquim (MG)",229174.64063836783,186548.4756054063,97525.9628078217,118688.90735529401,108006.90640711598,152724.27768155484,151792.36333658046,113853.90021125386
"Dom Macedo Costa (BA)",52451.81055607727,28574.570128884738,28724.958410699874,24520.77819923281,29456.604861914133,30417.00026604362,32612.55825365723,28654.67739490344
"Dom Pedrito (RS)",2227507.045257551,2373170.8487603003,2253134.1598925963,1777086.7630228817,2142270.962444507,1943511.6833090421,1917595.6141086612,1962945.5465288346
"Dom Pedro (MA)",53402.86669968479,86541.42358502914,192358.6813230145,222266.4413099724,258276.56735601206,190091.32348516744,156071.80489629548,167147.73186662752
"Dom Pedro de Alcântara (RS)",9599.527004691963,16195.416945808927,30505.521145903975,27880.300306247722,47999.855109668024,40567.25916063915,50928.87711765453,52567.18694008292
"Dom Silvério (MG)",111775.26018985575,31344.170392304208,34350.37399787054,36230.80735598798,33903.36933948361,37204.25485895161,33394.213944952804,29596.117739414927
"Dom Viçoso (MG)",38191.55807282711,21405.13697532837,25181.36758450803,17693.304627536312,24215.246935648283,23621.757038652588,18795.1777711641,17219.969564736042
"Domingos Martins (ES)",289705.0155364856,367057.181261063,185309.5718470618,261824.79325213455,271665.740409092,337822.11709737335,260327.51143792478,169724.4399306205
"Domingos Mourão (PI)",27099.285037822094,34848.735768066465,33483.38802421116,44991.24187334653,73414.08200447766,51306.299531447046,65683.26458728772,87301.50877412265
"Dona Emma (SC)",106862.81803880114,65361.94382358872,41389.40672326701,50233.725279434795,66411.66207270433,59859.947021706816,51958.214198232265,45402.57359292461
"Dona Eusébia (MG)",0.0,0.0,0.0,0.0,0.0,0.0,0.0,0.0
"Dona Euzébia (MG)",25810.29558820813,18703.90940904875,13749.85684947627,15122.76597234656,16977.15721975422,14510.838511571843,16597.62786190566,18189.35674545633
"Dona Francisca (RS)",52454.65172836434,54098.59274830731,64550.828354879435,58004.22332758976,58657.05261857256,59774.349266978286,47225.10848031593,74618.83882944612
"Dona Inês (PB)",48658.66637872816,19488.202579796773,23198.545075809005,26947.550692857614,27603.329372290948,29582.893159973755,28468.486591897923,38295.68600807283
"Dores de Campos (MG)",30038.696744980163,21562.662691833328,19101.16245520064,25139.159808014225,20538.527968687078,23265.1243532746,22651.33495159138,21911.76051361428
"Dores de Guanhães (MG)",144745.50049815595,163265.50499185058,51558.260952373064,112630.063382564,94593.37880170516,127109.34948927458,101971.68666287248,93461.98265985845
"Dores do Indaiá (MG)",233431.45274464836,218188.30433095535,202499.98129541232,216987.0993119961,215070.08603472382,202105.99030654872,204571.25428112454,200730.78350063253
"Dores do Rio Preto (ES)",34836.13706188375,35885.906628862766,34485.81588808985,33464.52980949122,31890.009196970368,34022.15843827097,34635.119881096645,28814.649832468494
"Dores do Turvo (MG)",42376.17382160039,37410.1402593298,30992.642816424697,36926.3418583067,42706.82759358379,46083.827448027885,40605.515714647794,40246.30279177141
"Doresópolis (MG)",40771.644692551956,43361.65686414248,27953.00015163634,47507.225886581306,75865.31924184448,34602.49959210994,31605.88980072212,31952.79790323363
"Dormentes (PE)",122611.33888103523,200194.8737464103,192138.2018972063,247712.48012578918,322788.4893106907,396417.41219518724,366346.1437161879,289909.6742150866
"Douradina (MS)",60271.63364240167,82584.68243270765,65191.14598133733,83627.47052464876,85657.84273342705,69298.74906815133,76821.59136275218,61829.85090470393
"Douradina (PR)",140758.48474102237,125915.02043926594,144481.80791501034,134313.3054890473,151954.55808288837,159269.67309802634,163861.859051677,153261.8117645939
"Dourado (SP)",64058.89131290626,59141.4526385924,53651.27604892887,58484.201445609055,58886.125017846585,112015.10817121695,53019.25375583804,54837.584155594566
"Douradoquara (MG)",65223.05677901645,63085.67636161212,53376.630767860945,70527.98003733535,59381.41784608415,54915.666354267596,58376.97043600187,57947.39737557796
"Dourados (MS)",1240558.6834848602,1141183.3039812383,1171145.8471100463,1498019.0221680219,1398467.11054399,1369479.2548876281,1438802.1511097343,1307246.5135249032
"Doutor Camargo (PR)",21118.359043505327,15042.177810887417,30904.509440400834,27186.947284005542,23564.72665794452,24686.964762936994,31211.944876300535,29049.883345233255
"Doutor Maurício Cardoso (RS)",66795.24848686338,34049.27005824305,63331.75703023543,105419.47602051277,75017.84467601358,104826.00210256492,100015.94088603248,53743.01198615673
"Doutor Pedrinho (SC)",70998.11394382888,57768.899279294536,71803.57429624132,43424.00351019655,48871.761476328844,60020.76429016128,49718.4212711256,40281.6145635377
"Doutor Ricardo (RS)",47100.188614219864,49975.44907992316,65682.5313793841,42133.45155625353,68729.68329902983,29315.52517666609,24872.869060806854,94461.9254981556
"Doutor Severiano (RN)",9103.227100635373,14311.455196972935,19343.681436924846,20114.06601718377,25713.773158031934,27632.46187071194,34562.34070917089,29947.77929007842
"Doutor Ulysses (PR)",485448.182937811,232864.34709231133,266712.02817093563,160178.04382733777,164852.1588384737,189823.1720581597,124263.18571127421,88064.37625352235
"Doverlândia (GO)",1318374.861669313,1298654.0600343305,837458.5028602249,922694.3086437698,817949.6772598382,772249.883877012,922289.8131348322,854667.0994028453
"Dracena (SP)",143090.4486083033,151257.083231854,196045.21767356677,195133.5697433242,199152.29574650104,166771.21071204823,162528.5738427783,148503.508280812
"Duartina (SP)",67676.73071138773,79756.28188688183,83941.11672949011,77290.7536856322,73245.82151165383,88302.65251894016,84763.06148974589,65143.02440128854
"Duas Barras (RJ)",110486.67958829134,149547.0259818348,69682.80534618792,91907.58562557401,79862.08898157085,94861.0521314633,89817.40033630848,78826.68402458652
"Duas Estradas (PB)",34570.539452842146,10279.497766589444,9241.629433420549,9389.091402319858,9579.640872851242,8762.440059410017,9452.077952713102,9905.309205123998
"Dueré (TO)",1179934.447477745,909415.7134381564,597796.8805085156,1108391.1856371684,932783.3181562525,992574.0258031943,1139934.9272050324,1212615.2103822352
"Dumont (SP)",21738.203509102736,24928.253840804347,33066.82627829644,52368.85518422822,53241.17701341348,49838.18992376879,53498.26765677496,45219.642138728595
"Duque Bacelar (MA)",38206.76069603886,46311.94420041064,52942.068772693085,101227.6799228554,43850.2937346631,62717.46636051569,107118.13051862954,85614.00225523506
"Duque de Caxias (RJ)",270755.9011831582,2396311.5525603597,4484825.732378365,4138291.1468632934,5239327.462941558,4027318.1133967135,3775135.3429662357,3905858.9121566033
"Durandé (MG)",54606.258633678255,48621.87810447869,49342.71805973687,46552.154328471166,37855.64085425798,71017.52233109265,73556.78067499073,48854.39302977555
"Echaporã (SP)",168865.84766858612,170320.35154519937,142825.54422024716,102934.22550544249,103153.84531848351,107758.14523240134,108495.85932168741,104943.46022013966
"Ecoporanga (ES)",460374.21733292454,382515.36503426713,595046.9890661055,524688.7072690554,542161.6259236245,555100.8924125469,596412.9021204592,512892.78384891973
"Edealina (GO)",202975.08083764513,172753.8544240247,192551.45474174176,752405.2028176715,155440.0618796698,158662.65079928067,160840.85951576562,141261.2571960256
"Edéia (GO)",591712.0172029693,311244.8912944327,318882.4161701878,344234.81098007626,379848.81178272667,392952.56139610487,384670.7360658548,356876.9485241238
"Eirunepé (AM)",201271.52594671954,282117.0587768703,340918.7847012217,612044.0648603054,826825.3611609377,935325.8616441343,1044355.1245598578,301279.8866534823
"Eldorado (MS)",473627.4995832712,277071.3055560892,252589.26156510497,210229.45869617927,208151.52525618928,199678.5187622623,224751.69367768717,187613.44157520946
"Eldorado (SP)",306419.3134392561,123037.65268189034,167456.3529753644,66281.67708714878,85039.25768720926,126629.4897794725,68184.66635446071,44206.39333181988
"Eldorado do Carajás (PA)",5255620.99945736,10050724.412929753,1408277.4230719288,1255632.086110021,1194975.853684477,1287504.3495132083,1577947.1054597504,1070107.9391951568
"Eldorado do Sul (RS)",306744.64712896984,202456.88446919472,274080.26695104054,334756.905264441,347520.82035453536,320590.75813242875,322689.64583920565,342059.3952300656
"Elesbão Veloso (PI)",109938.0379502738,89357.32701285332,69143.72682188993,179949.65670755313,173260.4984019782,222932.13840080987,282333.84272386687,215892.86815881787
"Elias Fausto (SP)",37862.689348636144,54389.1858471466,78807.62883241611,90679.58060882647,94420.281518125,96663.46533893916,95139.8628898668,93201.29232123017
"Eliseu Martins (PI)",111555.24298251273,90506.77584108128,38655.544914246086,50883.224884737814,54749.95310730591,76969.39653509409,60836.7606981994,195098.6005502897
"Elisiário (SP)",10626.75353270601,16929.596739306042,18868.927900520517,23217.2139518477,27994.899224064753,29505.658440116284,27979.083025427582,22716.665708417368
"Elísio Medrado (BA)",102567.41351325253,49468.63689597657,40860.09717896405,38094.20107688942,54248.76510060735,54531.621408828316,51554.58273420492,46097.31467673858
"Elói Mendes (MG)",161208.18674873645,110576.57079360656,135068.62790683427,139400.69137202637,148190.95116367546,146682.1555455887,124229.90476605084,125346.297437548
"Emas (PB)",15764.391618076375,15432.65269736764,27341.825342438668,16599.642050912236,21965.39151696331,25333.836105787545,23500.169948585604,20982.44878036738
"Embaúba (SP)",11182.376986227811,10774.383170678968,15655.851201685156,22331.94137816673,16853.2487079276,16719.56517300379,18976.909431485215,18454.475307827182
"Embu das Artes (SP)",47216.26145878937,106658.79553720835,336256.05247920513,322623.3127183693,340675.3275173879,342139.52699943027,330593.58742484474,303029.64860767295
"Embu-Guaçu (SP)",90989.25674808226,51593.52939621418,87822.18394347458,77911.73661956904,79824.8502501784,73081.88573952115,98859.92038746165,64365.55436612021
"Emilianópolis (SP)",16032.776936241928,70251.45073596631,65150.77014461116,67211.00113225201,84446.09624721724,81609.5251082924,68913.71284374375,68434.18154398915
"Encantado (RS)",63336.372141761894,90225.72841405234,105970.89005183232,91121.22391858399,114782.70494167924,86470.96830741553,91930.18574282841,270016.57064084685
"Encanto (RN)",10946.625656847462,12209.222104823915,19029.43228224834,25947.654024266623,32140.609617724895,26041.365593949227,25435.064017932607,26747.828532587166
"Encruzilhada (BA)",548282.6314520998,409625.46995436633,430198.3985781698,560795.2591885885,498531.82320107316,577036.0736803486,524816.985682716,1526050.5456500112
"Encruzilhada do Sul (RS)",1457344.4472500235,1041062.5866476351,1043666.4931500789,851668.5122338181,1789532.9693390944,838778.7454246305,700606.1776496585,845121.9630778646
"Enéas Marques (PR)",167352.80748802153,78132.34837533621,110595.03050395037,95897.52607595413,134176.55176848298,103668.93307930553,93763.07021699227,84819.89829851384
"Engenheiro Beltrão (PR)",99182.5427834597,97479.88681506657,97912.88908373872,98659.4806397865,88546.84679332265,89967.24794531603,106712.06751005411,102250.31940442693
"Engenheiro Caldas (MG)",51518.159076659125,35507.16183428921,66828.84374058715,59272.26470255552,68456.09097309216,66718.8347815249,60700.080258052156,61808.22042986649
"Engenheiro Coelho (SP)",16225.091060875915,22275.962268181254,50167.23772399904,54549.37385912624,51330.267452461965,46358.135871853396,46803.125637472076,43946.05063034237
"Engenheiro Navarro (MG)",215482.2457180767,184082.71272602314,150952.13314486077,89677.34233244446,88209.55559226696,92169.13322070269,97777.99436725437,103036.19959584922
"Engenheiro Paulo de Frontin (RJ)",29669.148779374074,32982.83601431268,31850.905616736436,24874.608689723544,23726.465685006817,23076.847999311594,23716.565128378817,21056.411575581817
"Engenho Velho (RS)",10601.537707615478,14294.824576765257,13672.118894742864,10671.215259757118,10371.68885122435,8424.03803678637,8648.331299721236,8877.540220959794
"Entre Folhas (MG)",15827.02591836395,10861.101353755264,15003.612518850738,16076.336300313853,15395.139140045208,23439.587424266105,19624.756572679482,20833.85620236388
"Entre Rios (BA)",652553.9898760817,1125909.063095939,297462.454775212,286576.3392042646,555940.5173447903,260833.9095506096,282989.58024011785,401754.250530724
"Entre Rios (SC)",48866.65695011559,21754.457976629466,25377.64448583538,60155.97063112761,31711.013579181574,34273.0870270539,32325.707220372657,26370.661214267173
"Entre Rios de Minas (MG)",126196.96955447973,98904.63568219324,97027.60039276729,112247.40701842055,92960.2355665178,106182.42400692335,101396.28284971797,90283.06283530786
"Entre Rios do Oeste (PR)",1739.982381581525,24068.401684861856,42966.692333615836,97164.68389359277,85926.53661650272,72811.89730345285,73287.55553540184,69042.71856512826
"Entre Rios do Sul (RS)",35253.36114409156,31047.742487629752,25462.24524593375,25136.74701105773,30874.21723843238,31915.45004288696,27396.69542195703,22694.099533034107
"Entre-Ijuís (RS)",106969.4716223928,84558.88903937208,119764.3620008732,122749.03786777238,129726.58627577004,123075.86336247376,123883.10612487653,136468.2518861932
"Envira (AM)",80950.01520010928,395500.03634387464,492093.00725177495,1125577.4344023368,1280775.3091042913,1678187.047993197,1082736.4705122386,911504.8805190517
"Epitaciolândia (AC)",525062.9056009378,1230579.7223739757,1050284.3848517414,1642303.7157391445,1228899.7262360468,1685254.1150880717,1188214.55028062,778870.5669948013
"Equador (RN)",9181.435384030246,16701.173240090808,17661.382377745802,15054.686309193436,17791.14774836079,19684.438341974474,23992.287009026833,18617.204257254638
"Erebango (RS)",45041.647085319164,26631.513161131883,35442.771304902824,31551.209612752347,38446.15467946222,36284.93984238826,28421.843552161336,22628.8012429847
"Erechim (RS)",162859.00915781388,167874.0628065491,288342.8546398953,276304.5622859703,307803.27825764765,309560.9861078844,309709.78510851465,300061.33609574375
"Ereré (CE)",38845.42381946282,34707.59399073401,62072.99495895181,55935.69505082927,67040.60749036938,73313.63054095127,75164.69436781469,67656.73308707845
"Érico Cardoso (BA)",19534.162429466527,29682.663445033508,41587.555602569,21293.688910656176,25348.44538610234,30724.020239741323,26016.59857047621,42968.4682018496
"Ermo (SC)",4093.694247896532,29502.911719145864,39213.50227467155,55483.014126458555,60418.27502327143,53597.68847768499,47895.836037544,46779.225911249676
"Ernestina (RS)",53619.80088468426,39762.6808727753,39390.318652179674,40445.964882606066,51265.416381776064,38181.625734078814,40554.042358893,35754.38847559527
"Erval Grande (RS)",102179.63547193163,83004.34884781396,89375.54956711149,89133.71688034403,82493.23772385101,78122.70399307349,68933.71940445398,104495.44463936659
"Erval Seco (RS)",133997.5079360897,53614.63777789232,80137.32916369251,105650.68919226021,107969.10679323459,148548.15689071806,105506.49598150738,93713.53437891124
"Erval Velho (SC)",81795.51694817934,69573.7222255336,90939.17756046084,91965.9986347155,97228.604203541,110821.06993142977,102291.5225503642,86486.57963662922
"Ervália (MG)",138575.00642751195,75060.53384455167,59585.056831944035,65498.09434752717,72398.40408660538,80444.91568501381,87310.79965653234,71699.50854407778
"Escada (PE)",82900.18482751236,52943.96669397971,103864.16072920419,152969.06289902455,150753.78656325067,157713.2106911665,166305.96560462235,187588.6011176015
"Esmeralda (RS)",220149.9756635485,295833.63088023785,216011.90985735267,152977.20384965197,186227.25003226474,135954.6853966882,185236.86472747175,148927.9167659109
"Esmeraldas (MG)",417561.6108601229,220880.97822824214,273912.29615655146,230621.20802036786,253345.84508830804,257742.22989566633,280490.83092778025,276749.6035538406
"Espera Feliz (MG)",116764.07092283538,75039.34574505172,75719.3763037271,74861.31507253849,79564.50873317757,78407.50816762878,70957.58868030459,68869.57404393713
"Esperança (PB)",73151.98800060232,28027.053492878356,41642.77356950601,43642.71755048745,39530.33129048244,36754.20656192977,41073.56640851347,44712.01652119796
"Esperança do Sul (RS)",17042.45283451278,23987.981301024007,35740.67381999743,47012.74870408711,59608.5418280789,56733.77623730766,43792.14822257089,48058.22569526632
"Esperança Nova (PR)",24149.69846011694,51194.75400342511,52356.98918932305,60275.08654574979,62979.56385334761,66094.45449488863,71867.01164433132,67522.96136981345
"Esperantina (PI)",408430.0098271148,133034.25041426113,135085.64402752562,178014.54145334216,156702.72471760804,190080.8311509059,269944.75219615205,157459.24876004903
"Esperantina (TO)",199564.85793835417,2040283.028157117,317014.3231391517,206412.49683165908,263501.344118972,563961.1585746224,578552.6354873792,107912.38186953237
"Esperantinópolis (MA)",170360.8951224848,157660.9852406687,81152.43013339616,156495.81906051614,191175.23690965283,176813.64282510278,233114.89665067117,199766.9777180558
"Espigão Alto do Iguaçu (PR)",375159.4262063501,99783.52027431023,116196.54621297232,153501.89914730392,151882.97584410952,123362.26466782451,99419.20055088948,74536.19330128947
"Espigão D'Oeste (RO)",1850074.2637098203,3601846.3871315834,1083007.4469587351,1915340.855294776,2031182.4126683793,2501911.15387131,3383654.880501017,2158271.5429577194
"Espinosa (MG)",152410.37731906996,137318.50261512157,209790.24033473968,139830.90598866052,168398.1805086176,178831.95522457405,154469.62383527448,152357.0086955174
"Espírito Santo (RN)",41138.78155598832,12271.369138136653,18641.009245733985,23690.477244798818,29601.93474495711,21651.552574684953,24081.4847296864,76978.39847720355
"Espírito Santo do Dourado (MG)",113815.39822589296,105922.6825346333,80154.99132063193,63302.1482533649,69754.7855243355,67771.4245880665,61110.702400121445,51169.65266368279
"Espírito Santo do Pinhal (SP)",82795.57394972243,147245.77658167508,128063.83304766928,127864.14013592384,130309.67468063168,144279.1753170614,139244.38011840123,123232.47471266855
"Espírito Santo do Turvo (SP)",9356.480012110464,46126.28269020259,58556.673974081605,51732.6469015324,53201.636060333185,60332.349712175164,51320.296375675265,49314.251004499856
"Esplanada (BA)",444470.83110767277,1044624.6397221965,369398.7200253489,294568.8774001905,583669.3776564962,277809.44303043146,287584.3394285004,494661.1904823193
"Espumoso (RS)",240256.6117021818,141238.57475033097,203670.74466562283,162447.7057256218,261302.1781834181,165576.65459467005,155750.77372410567,186614.52060737813
"Estação (RS)",19611.295455627616,24531.66774408106,28009.71149828438,26148.676974157963,30249.699223534608,29735.407055342515,30063.427056398592,40144.99150530236
"Estância (SE)",239254.68000812628,154849.31951214757,164391.9935786269,212781.9285602692,210970.5776496011,238225.060752448,214257.8226634684,247757.2960938802
"Estância Velha (RS)",45430.107067515324,65138.45271785213,77570.5994515799,71903.89477299042,79381.50455374285,77987.56079250028,73829.66090636558,79728.85250304695
"Esteio (RS)",25642.03361097532,28256.534379578457,247389.17321762955,186624.22386753184,189086.13865480595,196302.92657641487,134553.8347218447,127288.3844292276
"Estiva (MG)",96384.39180484101,123647.03773936832,170631.84593595398,111132.88336637503,125638.24071640187,137199.30882652034,151457.12842426723,166206.61370009626
"Estiva Gerbi (SP)",53724.905766866956,17101.930323926073,28439.70061474616,31664.29050949771,27024.063342403126,30541.294113922355,34741.995648424476,32259.255373153163
"Estreito (MA)",630518.2256731048,674991.9934745809,720513.3196699406,878566.1460093297,776051.6144922515,868174.901878806,1394300.6162941216,1236759.3800104694
"Estrela (RS)",106995.77700187065,104350.8592511561,143167.87471810766,163348.083924529,197697.84743124316,171382.6161512779,166445.91160426632,277951.63046753395
"Estrela Dalva (MG)",35965.38139356331,61512.22710450657,26380.88561823853,31212.840936224035,27580.41177779485,30980.81247649511,40351.863492200886,43147.126926673205
"Estrela de Alagoas (AL)",10963.370389334463,39103.42340240543,42503.17459642859,50647.143097691864,53389.26622425001,54553.58152131614,57854.91888226729,53094.96579193225
"Estrela do Indaiá (MG)",146162.70047229924,154626.6002738632,129046.96470014127,133703.87581968802,138916.68496310138,130698.11752881826,130268.13339145291,124599.98558206015
"Estrela do Norte (GO)",137605.46572543582,76678.54110728367,89264.70685353296,129042.89958194854,154691.1660276736,121061.38292970616,121054.88294575381,94963.30729741445
"Estrela do Norte (SP)",85655.62804551637,71652.3539828888,70401.23767002071,54716.659937946206,44776.125376443044,51544.543186941584,42460.29260280018,37706.66878157839
"Estrela do Sul (MG)",246670.61400600008,157973.963237394,168243.2824660657,162077.0918323828,164603.2734120377,162471.9275946695,159454.71862855295,157333.5277832645
"Estrela d'Oeste (SP)",96636.13035973316,82352.22531912533,96543.46465422375,138459.33964665578,133064.56332169412,122489.12562065011,123411.61326590227,110308.21124444158
"Estrela Velha (RS)",36677.25999606739,64664.030111504115,74173.14687331974,71112.33618920209,97546.56208483674,49919.35826900171,43908.8489551441,103008.85310622574
"Euclides da Cunha (BA)",282314.99028002133,189456.15928132628,252719.0643948078,312713.2062668002,365535.791176937,414046.89113914134,443480.3041973728,353826.96106343094
"Euclides da Cunha Paulista (SP)",85632.93855020727,164168.25850808172,153114.8956795025,138415.44333181813,142035.89202747995,140800.30765640005,136012.79253769421,130033.10874205944
"Eugênio de Castro (RS)",104493.55694370344,67568.01585854072,83306.2103420179,81834.77847464003,92802.79804877701,73447.88931685041,71529.27649563448,73602.21668715587
"Eugenópolis (MG)",105509.6961300402,56186.520621984084,66258.69253189793,84881.77303401877,73242.67197032981,84412.02414034963,70612.39112814334,59842.17269799433
"Eunápolis (BA)",340844.41819764813,367519.32163335884,716496.3306454526,487609.26169447147,538893.7639455809,529161.3477708008,562962.3894776463,490260.55514673865
"Eusébio (CE)",20415.914769832005,45035.51820781446,65745.58961564008,153307.51290473208,261290.97002474417,353966.08564329904,336205.9604673434,330535.08735732315
"Ewbank da Câmara (MG)",19117.793134625623,22100.560995840595,20657.75600572733,26610.581416694207,20185.946130741813,28599.018393940958,20911.287886945123,23358.116327814914
"Extrema (MG)",47869.26827658461,53446.05184169028,126750.7628503824,99786.13076655523,110454.73196719702,110188.08347612433,117210.82486375107,117513.28130863876
"Extremoz (RN)",43167.66334100857,37242.60458757147,66213.61324257565,51017.57757539294,45468.99962731267,57444.83196531028,54834.27868184658,245253.4130948219
"Exu (PE)",195332.21190780343,250461.75610225057,167015.91577525818,281040.1390476923,368829.4810271085,314094.4115777791,495749.62791780557,526306.9446475263
"Fagundes (PB)",117687.71114537588,36890.251664103795,32532.400282693885,29484.016633567742,35384.62652332334,35500.124553479625,37012.080520862975,37840.53352413392
"Fagundes Varela (RS)",53054.7716851136,77296.85825673683,68921.6360261489,62429.36511882649,83119.2427090064,50354.29757533877,53733.84061476998,109196.57636927359
"Faina (GO)",1416891.6588514757,525018.5022842211,569335.7900763107,603413.492237373,591870.5938181928,596083.1396220095,674857.786778687,676037.1995952385
"Fama (MG)",17204.402419848157,18930.13120103844,16622.767873880995,11152.958198018867,9575.592383251691,10783.175068541655,10078.007231229562,10493.867048193122
"Faria Lemos (MG)",53412.51087491808,35662.44777437124,38044.244845918955,53709.96820593101,45300.127559639484,47728.336498328485,33002.336001538846,50380.77328873685
"Farias Brito (CE)",26616.01912029293,63575.198197085156,62061.409666966625,103366.65472972191,100027.1624511555,109015.46381046045,128205.87363008405,131272.74642817894
"Faro (PA)",236067.85229300396,263710.73494217213,197947.36982190964,350749.5174916593,375129.11589973187,423529.6369272196,483292.8817391906,305807.61341007263
"Farol (PR)",5566.707111223505,31119.735000365905,32521.932685442534,45524.75390035682,45840.489442344406,39999.698311339955,51378.982911655585,59898.71046255702
"Farroupilha (RS)",196531.7557889216,219485.33909889538,262667.29894219537,218263.26790766418,239566.12510364404,243149.16712558924,214089.43753210478,305892.00197163725
"Fartura (SP)",169456.6281314681,165473.5891131924,130090.87064143465,137797.70863454594,139817.71338699292,150294.82758461602,136683.2182672953,141078.34383189608
"Fartura do Piauí (PI)",29565.6252232419,40455.63679976365,24955.42931213333,38723.196689563236,41885.618754949624,51998.842732648816,32906.294321432484,44898.0593548607
"Fátima (BA)",60255.503319134434,52075.09242537818,53325.7921861207,54638.016776469194,63910.20169973754,66658.18293209415,74559.64117029161,80553.30963186831
"Fátima (TO)",139046.02760330317,98019.07099924433,102190.58055469727,102749.65854361268,114661.56372931018,110446.48132727668,172777.5304293795,140348.13189538475
"Fátima do Sul (MS)",89301.70548416724,69165.6122946379,91372.16882292347,145785.2925480992,141926.59529515752,119700.4705685295,130222.87422733492,114847.10068625343
"Faxinal (PR)",404271.390597801,188052.3551704807,236521.8014680752,160712.6179896123,191441.67506267445,163014.4852458035,161644.31659173907,149374.66362285355
"Faxinal do Soturno (RS)",100744.32235791719,74298.30437303557,94900.00807520334,72913.81266098969,83386.14293646722,74950.23911968025,62688.57245067374,137502.527919001
"Faxinal dos Guedes (SC)",140698.39766119825,105241.52574396635,108087.33335086801,146443.0686105773,167716.95163045955,191903.41680876256,173580.3436795258,162919.62085281409
"Faxinalzinho (RS)",47318.10500190417,39721.12233914329,33792.8313894,35795.86820106709,41001.45470749708,54429.66235330595,47804.163003805406,47550.27873419728
"Fazenda Nova (GO)",647293.2586703855,370611.4684978509,314828.98761757766,424637.34985959285,428896.0949408369,426542.11706323654,457293.38314067415,538920.244783264
"Fazenda Rio Grande (PR)",26709.937323914444,32226.893375906406,148522.94088702078,176486.9711227702,193144.8660872599,191509.97241018707,209166.44452890055,208901.70407722707
"Fazenda Vilanova (RS)",45676.09435820951,47205.350607683635,43137.59136867722,79270.43861565637,112471.36047709754,96232.47881313773,97849.77155334286,103336.6528866779
"Feijó (AC)",626542.4039530534,1682582.652397442,1763613.6604811063,8861013.503524264,11026140.882994536,13885978.687022127,6586737.24848229,7559200.795811768
"Feira da Mata (BA)",80260.57442536697,124573.01302793428,143963.11102824163,130663.51874673838,181352.32237773345,180766.29842319284,186710.322647199,229062.18342390613
"Feira de Santana (BA)",764422.398232934,384829.7070372996,1113257.4883859758,1158285.7973138562,1259810.2109723673,1191510.0283753409,1210262.601930696,1203623.8585211085
"Feira Grande (AL)",40704.59291408008,35650.533790665264,40192.45776945276,44167.12131460709,47787.289328296196,45648.45602168316,46345.25809660582,46150.0948196922
"Feira Nova (PE)",40649.45932760195,18929.181364476928,33133.91510290991,43762.36484493182,38897.19230548897,38247.58978910388,38766.99151531018,42091.646693450515
"Feira Nova (SE)",37480.64913511863,30381.588769644353,45381.09759930393,30709.06167477831,34339.51498543292,38962.658421178785,40894.14300644139,40215.60195123862
"Feira Nova do Maranhão (MA)",244338.32367622538,510148.32815917797,308424.9375336694,454107.002789642,435658.04562124034,349084.3769220575,749937.9721920982,657979.7739235787
"Felício dos Santos (MG)",40506.619830157884,59245.26989888189,49494.97778124391,47966.68284162911,41816.66926336874,32384.821076375094,39969.6754765474,40270.31526686554
"Felipe Guerra (RN)",15670.03179931216,24244.295337530017,19955.137165448985,30307.116101037853,33068.56911375033,42185.5211032483,32497.732712262292,35102.53588177445
"Felisburgo (MG)",202770.74893306047,179200.91273322143,135146.61745952754,187625.7402791835,152628.27413697363,112075.93873347272,86394.77302815845,87227.26853155917
"Felixlândia (MG)",432619.9729079051,538476.0032077379,251962.09844969967,184792.18892192264,264073.79221157485,209111.334185031,217064.1580756579,248088.60507191694
"Feliz (RS)",58656.087564874906,140036.71540395415,55084.79100139768,57616.19015508085,61598.92225657759,72638.60020540185,55091.99138563824,91477.1757068205
"Feliz Deserto (AL)",41143.23230566791,9975.32834109749,14049.079132956354,16130.649689765178,17323.28069359596,18274.33413394333,21065.03121489607,15574.667813123882
"Feliz Natal (MT)",307367.2688545018,3090691.0980425705,3360843.611881464,5863178.269806155,4021848.69991782,5456211.152216058,4067890.0668028444,1892062.7839590863
"Fênix (PR)",36883.656886641846,35897.84718605997,35981.841538666056,43126.58013232101,40539.79220157526,32933.930828365,41424.1117784381,37522.378208355425
"Fernandes Pinheiro (PR)",103053.09778941402,214015.43446971598,89809.80298766989,88570.4233863064,90460.33573745881,83764.23391482608,80755.53337176822,57109.04768878775
"Fernandes Tourinho (MG)",36635.962816959385,21576.010710646515,37234.74819607644,31602.323425189992,31619.96838563584,31739.979437361366,30158.411599173385,37606.89424753963
"Fernando de Noronha (PE)",1856.127567617611,764.5784013135675,12364.063188831968,11105.246569263607,14271.31836493706,13057.025012121054,13480.621542972038,14447.694164786652
"Fernando Falcão (MA)",22852.492138477028,84371.80152508403,97529.84696302268,808482.7407296356,505439.77389764145,526131.7785697931,1409964.4490230987,1634101.65709116
"Fernando Pedroza (RN)",22593.41079822239,16999.10213203989,25068.962244898514,48649.990099699775,53393.697673539114,41682.37435423402,59687.41825887214,37871.59711487138
"Fernando Prestes (SP)",37738.46913931322,27269.974428020254,23110.928342308525,49543.55167258075,50547.133810238294,53003.714571364864,45899.81555164259,37923.64866949146
"Fernandópolis (SP)",207797.5745374706,181329.6631612722,290853.20081424835,280462.7424683956,287477.4308871713,268060.62036927964,300571.8187977936,314583.0381305341
"Fernão (SP)",7498.082649410951,20547.313090081236,21262.37186732746,18426.500178664384,18189.793710668422,17155.325602059303,17306.642639890746,17151.417672263466
"Ferraz de Vasconcelos (SP)",30605.773976472756,59721.15822901801,118985.85194682439,173985.1896423331,185260.86235257416,192120.04994566287,189256.52495994818,166402.75460914912
"Ferreira Gomes (AP)",1176420.1551647212,323845.40394262836,44776.79358736198,98159.5342821785,46147.682228396225,449936.20513620187,441803.3482117171,50889.33744130899
"Ferreiros (PE)",19261.933209457362,14370.257550972336,25604.847143270694,21228.321366749922,21908.876496606412,21588.571018716408,23742.441697609054,23286.970114388616
"Ferros (MG)",784059.7429373084,611627.5171823874,162918.61128626383,255389.62525776113,229563.04612215256,318937.7915159421,254606.95486254815,271246.37847564707
"Fervedouro (MG)",127647.3963487645,71339.74483141994,76592.22573272824,72316.57057880213,95579.77611540299,96032.92411364838,88056.4624263192,115850.8274225601
"Figueira (PR)",47357.20736715165,41406.05272051455,169059.16236910594,35477.239937979895,33233.10786366758,60009.54301015074,77554.22816230505,42155.73836098042
"Figueirão (MS)",3066210.6808226225,1036492.9019811568,808564.8018334978,1028721.7790456061,820412.0674045631,786110.6665083634,902894.993737868,882005.338254281
"Figueirópolis (TO)",603205.9886936567,456747.6036811502,442911.72174597945,369591.45808894385,351089.4215087134,451048.57807729085,431377.7979938867,401908.3025133472
"Figueirópolis D'Oeste (MT)",1815823.3057179316,1016124.1055124423,372603.6386201292,369823.3848232744,350012.81430016196,550301.7040029921,1326093.370141375,347797.9406096943
"Filadélfia (BA)",42431.96491633022,51686.46958986472,81989.79240175948,58645.14852980098,73412.22496767578,81741.01972647391,90215.57827014099,88778.35758795498
"Filadélfia (TO)",497183.37032356363,304620.0022115985,348288.70096985996,427590.0575720917,420560.7527217428,394924.4459420214,432491.3838751548,455024.98937872855
"Firmino Alves (BA)",34355.12500800402,46224.54352235338,48514.58726426359,57997.94588918519,78332.78113561907,88408.46287364721,65624.57091415601,74247.1425125625
"Firminópolis (GO)",159786.99850211648,120888.48034572903,142123.92354711643,160627.9387880062,156960.47728193997,159979.4355882855,154161.21036832654,167860.05328942832
"Flexeiras (AL)",145449.07580826143,107758.83407198539,36841.73830933236,49734.9677173347,56205.54585079852,82003.18252641361,64181.00483187366,84928.95568031703
"Flor da Serra do Sul (PR)",76017.06041308351,72131.71608823857,76098.409200427,62922.525033702834,77728.12580874507,72293.8716452499,64742.93679660367,58366.74862347393
"Flor do Sertão (SC)",22243.69930840737,21088.791140475667,27247.1838018306,25396.00071137886,27053.798497408756,23427.74588662511,24565.011477607295,19478.387630593814
"Flora Rica (SP)",65189.5786741561,59954.436962158,48188.433466779905,56304.55022991039,51427.71660025573,52627.2072727326,54489.03592343455,52764.42123929998
"Floraí (PR)",40617.164467905575,31197.62735011048,50676.30925680999,60776.040461225835,58502.481750176084,54602.64837495524,57870.184767888066,56968.29960636876
"Florânia (RN)",31188.02488305006,34224.8640915848,42407.652994687836,52615.29481937233,49956.59340417986,48690.21585583077,52988.597193996386,48079.77558916196
"Floreal (SP)",71112.50309267709,71130.39502679772,60501.04817716774,54505.96579665543,54099.72176434337,56547.362092436466,62061.43503289937,60050.54446418154
"Flores (PE)",80657.77909666345,55463.76031760409,90883.11665156798,78866.26409395925,115147.62618732422,144965.94261139925,123041.62910188212,102404.42887213292
"Flores da Cunha (RS)",125891.42788994325,163718.8489414631,125809.36018413623,95335.4690608097,119452.65098286596,124861.84715319636,111848.38694910234,195228.691271161
"Flores de Goiás (GO)",845617.8933804326,1180621.3898342892,786804.9374126657,902864.0412849616,1020072.7925082912,1039674.4039679164,984679.5332268088,1242525.1708524341
"Flores do Piauí (PI)",30744.504230351708,50552.07513019724,38892.701315601116,31294.81329828468,44035.91255727017,52140.10521928859,107128.89209947581,165799.73622277088
"Floresta (PE)",282816.5310820159,310194.61865941,242560.71714585193,248868.4734291728,231764.34148257255,231616.44052524667,271031.4704738393,388217.246374178
"Floresta (PR)",13791.678801286744,15836.729268937672,22787.961058170855,25798.571283985904,23557.648853323648,28398.57876514348,38872.87089900453,36643.7240011798
"Floresta Azul (BA)",86676.95469412486,107475.10664355654,136042.24500195278,93522.32673692862,108344.205727406,95641.5339532923,101860.43046202259,128657.77696635768
"Floresta do Araguaia (PA)",4737434.508987761,6049435.444735199,1829228.6019568227,1455709.8350895732,1584626.2216492102,1716617.6346689193,2787054.6083562076,1250621.6499376642
"Floresta do Piauí (PI)",1009.5222245965563,11344.25510213928,20270.859309003918,22015.858574228365,17811.70000727643,16838.47528417637,21119.137096508035,43650.22084607136
"Florestal (MG)",101368.47312214681,56897.034217735185,47732.53912204661,44663.95117857107,49758.43516656743,52023.08056207693,50623.79479456598,51698.6373713021
"Florestópolis (PR)",52562.725237844585,72761.56726554771,65145.57491681553,81521.48796942068,88570.62866705708,76687.92564569939,79745.74387799691,93731.09010018886
"Floriano (PI)",301098.19123533514,206541.14701924822,187623.1191501747,338174.34630214673,311095.35812960204,321534.220721315,398331.64993408456,1507149.7518869208
"Floriano Peixoto (RS)",54282.11687883339,39645.7837079827,61740.97974122192,35573.211981276436,73396.48392720877,51541.97936993459,40332.80248745015,20738.77179063804
"Florianópolis (SC)",112823.64763068016,132086.28451592816,896141.1401944988,633709.7063067697,706008.4525461614,770960.4305676393,810886.8151488616,840651.4345743483
"Flórida (PR)",29069.71308509797,32515.713350527825,32414.236045284695,28040.917518000453,27514.28820808627,29668.634416733847,33089.43394650589,31592.454221081724
"Flórida Paulista (SP)",126135.73169938278,140774.40575995707,334035.1268201578,173817.54789893777,148099.24010043152,152335.71766239213,152367.135403937,148346.27721594478
"Florínea (SP)",24160.675917429595,41412.04322773945,31363.717519492726,41627.19322860475,34015.72944681593,37913.12360135121,39363.846168543714,34748.15918666974
"Fonte Boa (AM)",12917.672797109333,38717.02759933098,42802.2698737297,76422.71165422835,56879.79549100983,106489.93915858095,267127.7449413651,50146.28119693954
"Fontoura Xavier (RS)",443527.86516672326,223091.56121969293,237837.67495761262,161499.96791873564,229320.466510978,132322.9745110384,137350.28413660385,426309.34459229506
"Formiga (MG)",499100.3772864419,435171.6748060971,459023.9537524325,503018.49722789,492059.36088005657,484182.10662732576,458430.24628297245,477748.8676398031
"Formigueiro (RS)",285711.49890955386,224588.13671741504,267013.6478764676,255315.63190597386,294741.3900310082,268770.8199596258,225557.23740305335,247429.51107612532
"Formosa (GO)",1778097.905559185,1731160.5797148638,1085302.234462524,1270381.8437399,1237346.6123939478,1457945.7764613044,1550884.1531906466,1374744.371388203
"Formosa da Serra Negra (MA)",393867.98471043725,1015495.5374371177,766568.1603015885,1377608.4526813799,1311808.1340996712,1054324.9005118466,1685255.9435911549,1679460.2534756826
"Formosa do Oeste (PR)",52599.73170235504,48792.25735955534,64353.81165212513,78977.08851446131,74232.30235024705,80130.31013151967,82638.70310347686,77889.00434867818
"Formosa do Rio Preto (BA)",1263032.4511277445,3035374.672735555,2592677.7039842936,4782740.657957538,3643677.068571476,7156852.131261141,3413000.7468402428,1714070.9964988895
"Formosa do Sul (SC)",31439.236123096816,37977.46387882792,48174.944274273796,57074.13962265343,49797.96095778254,49833.555103561535,48938.37063910368,39404.42791555356
"Formoso (GO)",243730.17228773452,209110.05725430173,198305.00264305653,257960.30564701615,233101.02791192124,262106.94780603176,397925.30134343775,269298.70227871643
"Formoso (MG)",581073.1335024951,259399.52654309166,326921.94061221735,392110.8010591043,388148.42136110214,702465.5406814953,605049.0760565525,369482.86810398736
"Formoso do Araguaia (TO)",1523091.618073566,1833054.3098030186,1074457.6646797804,1668860.0722729298,1506302.5214861804,1698179.7962986953,1616367.0095301368,2212791.6010922263
"Forquetinha (RS)",9365.652953637722,15290.808549912097,36929.90782286666,29532.386240969136,36319.897611081804,27194.82188602927,28149.24120345834,23368.753372910694
"Forquilha (CE)",37942.77060832481,40500.911915923,48276.11703582073,65059.9196972743,76611.12792511794,92381.27989618486,87443.01429979329,86214.34773663488
"Forquilhinha (SC)",136718.41704214746,79244.64687881048,115538.62233348693,142769.59025385292,149028.46692568276,152694.52892371145,150159.74726488962,330005.0833262094
"Fortaleza (CE)",453495.61027387244,823188.3087850765,3349919.3455520323,3855462.779135305,3992723.3511445555,4154937.787326929,4155129.3449272197,4235466.728655428
"Fortaleza de Minas (MG)",84495.57179828644,51225.53148419064,71563.53548772882,35418.54413557107,39083.85304754211,47206.91627356666,42181.901451601385,57234.059197604525
"Fortaleza de Taboção (TO)",244524.3834199051,267721.575769125,62185.92279032231,32209.438699810424,31238.909998682473,27354.442960413147,43738.54368403007,30132.625144547215
"Fortaleza do Tabocão (TO)",0.0,0.0,0.0,0.0,0.0,0.0,0.0,0.0
"Fortaleza dos Nogueiras (MA)",319592.49607172946,556287.9956660301,339002.5088903018,710992.6710329328,818006.3301508925,505399.6283704315,869486.1973454162,741447.1015729582
"Fortaleza dos Valos (RS)",185986.99259974356,103139.10303486012,91425.57140214015,71486.54159711357,94471.72063677252,80857.2568561303,90708.62132087882,94892.15429342802
"Fortim (CE)",23080.897343519304,32049.77678070644,40100.65893447692,51812.019310088275,83706.4067642975,66960.43135618774,71113.62581392274,75877.33243713221
"Fortuna (MA)",69014.29648839496,145866.49115628737,291926.73877776705,655710.0492572507,630297.2594935887,517076.312132813,450830.91077867936,475300.05126469757
"Fortuna de Minas (MG)",87340.05899421772,60232.313045015806,34334.198250128386,38850.66947091097,39094.01707468301,43577.12794918926,43344.53728459963,47860.19617047508
"Foz do Iguaçu (PR)",75158.77939187613,119576.40773639479,403062.1119130862,469596.34445765795,472901.9403452859,525538.2209874275,533260.4243897888,516399.9373334746
"Foz do Jordão (PR)",61491.73251716595,36957.32411390866,35649.66806570437,43444.281624503135,49059.33350800233,42946.94517963099,37864.94980126566,33774.74792473656
"Fraiburgo (SC)",311121.96798115596,159918.21671480473,183684.28448273535,199847.65270650448,211474.64063499775,208984.01917120983,195350.50501198918,162925.84956277523
"Franca (SP)",324136.66195987456,235358.34283246618,458522.30977027555,495701.11184744234,529207.1591560008,556571.6820906076,526364.2586392788,515396.376923309
"Francinópolis (PI)",10645.053005475273,14010.872880851864,11859.628866999381,21707.95832055282,18814.14313180825,17986.778076741706,24710.170078709576,26201.438853584692
"Francisco Alves (PR)",106586.18755455139,90909.26642677544,99414.59010205978,83115.02448266717,85356.62902999249,76710.68780919617,87280.4425815631,65726.75667103115
"Francisco Ayres (PI)",24832.134090812167,41054.27125441605,20310.21901056726,38223.94359755531,40390.91822213266,43112.98470682166,63253.463157225546,80299.16636817245
"Francisco Badaró (MG)",200956.8835954975,114643.99636380479,70260.56957052821,66553.62895205434,74553.07641159264,95326.02684020762,88183.60779542911,92980.08670667725
"Francisco Beltrão (PR)",331190.71043006866,240905.00660919934,372376.1421612129,330710.7289395027,379394.3501446421,369791.0709848902,352103.9578917715,335224.6852814658
"Francisco Dantas (RN)",17431.994991723554,13588.757827331205,17800.583970672404,18688.561617855117,19975.52986677983,22446.87741418884,20878.368590929324,19654.851838455725
"Francisco Dumont (MG)",198847.9522586265,204544.62943569265,307365.49656627164,141572.12034644705,151352.642085268,177099.60658071068,199360.99310009988,144604.86959353226
"Francisco Macedo (PI)",26565.95585011773,28920.996507017077,13878.170058499587,13158.490256666493,15004.475102301645,13996.372297745464,14846.223418495023,16586.30455109568
"Francisco Morato (SP)",26072.885120225787,60242.41230437919,126089.58650204881,130638.00476711625,139613.81076048777,135018.19736740817,130640.17537419191,125654.84870245536
"Francisco Sá (MG)",503449.9816409945,472123.4147015365,665072.5207104001,513470.9857986555,505274.8024817815,499496.28271484334,501778.0267928069,530774.7658036038
"Francisco Santos (PI)",46789.63136270099,50970.713656613676,32483.95353094899,32383.561656112484,33295.26825546827,40212.443854112564,58508.33478446253,44198.082653738464
"Franciscópolis (MG)",308157.24131784757,211939.69027903792,127026.7965222887,146513.43370216654,173844.7083031645,241737.53321736067,271950.432619061,545809.9794902876
"Franco da Rocha (SP)",35310.446891906366,92281.15358147373,146173.406898634,154229.3251853998,152724.78589062058,177229.07477522435,179161.15248138367,158949.91096537848
"Frecheirinha (CE)",17997.870692996872,21870.76441556552,30005.78028993049,40837.0032439796,52890.566898164,53612.90814251323,84323.27437910892,77855.3186050608
"Frederico Westphalen (RS)",83136.44871020898,93454.20991075112,155339.13199971913,204799.67667180244,215471.74354771248,217892.10864805622,222205.40441210248,219078.86365076658
"Frei Gaspar (MG)",160764.3439224925,105072.76910947158,139999.52703552606,143365.0553778,117566.7913198059,175809.01100951503,142769.92276769498,208347.88136722505
"Frei Inocêncio (MG)",348134.50909048645,140453.1420093054,105233.46157116644,100032.36730498662,127186.40941575191,163575.6847876303,161362.96765520418,153970.10510932142
"Frei Lagonegro (MG)",66580.61603029125,61740.885574631975,35239.51349448681,62936.30849200909,63029.101486469364,71160.281043002,61780.1038951418,83844.19237988425
"Frei Martinho (PB)",22931.776196935847,13054.583015122142,9805.708506240919,30718.968067453457,27090.910994683683,26576.37275711283,56360.1065203912,51873.22249112775
"Frei Miguelinho (PE)",50070.58520210241,16119.237509420958,33306.861561242105,49765.162470759984,52769.40012542628,49089.47104646532,51844.26682818616,45591.3486084638
"Frei Paulo (SE)",76734.36091749933,90097.35477543723,116450.4618739426,97638.35587308981,101055.81646067365,109717.03456718713,130468.46168638484,120986.79033322448
"Frei Rogério (SC)",18473.28957966254,47900.76091656718,39401.14176345129,48291.150003096984,44966.260681033484,43715.121973525354,54183.076158182805,38760.69894877059
"Fronteira (MG)",46020.14758982926,75803.22356923627,66865.57736179634,44599.802256623276,41181.249135686776,36141.69290249172,39549.35817411691,47781.00114936375
"Fronteira dos Vales (MG)",81790.41974645252,140834.76980774882,174888.4580060493,205490.45218142265,132673.70013209627,103337.78983578675,75776.42489029464,64601.94462503738
"Fronteiras (PI)",143146.6823691634,116015.48519774953,75627.5729674243,64281.890040726525,62566.92456034518,67536.84164792996,75057.01616740902,64474.444727708695
"Fruta de Leite (MG)",88834.10483727674,211394.56803361853,44145.4709607877,39272.98859542003,42546.21476410443,59258.85923309761,61458.88097225738,64122.52255650205
"Frutal (MG)",643613.2006493444,711229.9015698638,688218.3433553283,922724.4020983045,987780.90700072,945190.6975776535,1049223.8468450443,1114804.369115157
"Frutuoso Gomes (RN)",10986.547928550104,5518.899841405082,17191.955813844976,10834.087109383494,11574.608259138753,12882.93590425816,13373.229019691029,11634.776755073286
"Fundão (ES)",117293.2644266672,91420.57069186676,70589.10069650551,94854.12343389793,77054.8942607636,117680.80927163649,109985.79183110537,67032.18676234604
"Funilândia (MG)",92007.04938139899,48005.40878651727,37222.271394328105,37178.44889701376,34388.103244915495,30708.13314265495,30893.243224548103,35961.87771703462
"Gabriel Monteiro (SP)",31919.583342944377,35189.81684029358,36363.80833264864,46536.04153456455,43453.85013537828,40186.018572800094,41871.77288193297,40372.53472489958
"Gado Bravo (PB)",46970.25025373188,29479.640071475747,38330.51643025127,43036.549281117404,41253.10814860702,47651.0669693141,49543.266044430995,49971.29101683314
"Gália (SP)",110224.51144270373,114261.55853061793,75499.44890022231,80738.42716882148,71637.69942240785,72853.81943673159,80197.26336370078,59232.9797485325
"Galiléia (MG)",163769.79212293745,111662.21861149569,123587.0061710272,107944.016914435,130167.81789848123,127922.30811047582,129032.8493979892,285047.14122163394
"Galinhos (RN)",16940.163231915234,36509.646635646524,11038.602547705124,25060.254273324466,12326.992969853525,18022.40520278284,41477.597080892665,52494.82243019603
"Galvão (SC)",58062.84241740885,58572.33877437131,47435.54920276666,44627.36718652148,42937.51737208026,45652.554535605224,45865.31001045521,33690.10481785531
"Gameleira (PE)",97602.9697875278,27863.27151386407,33742.832332297025,37616.130991441314,43367.34175169306,41210.804889316394,41301.353736772726,40259.2338838709
"Gameleira de Goiás (GO)",119060.8138685281,210980.23407388935,104455.83677198002,136714.999858284,130501.81798182437,131666.37830897252,140828.0808312789,152606.26959257017
"Gameleiras (MG)",75688.71434126196,151226.24308809175,141271.9724357474,136165.51002064982,240926.82638217785,669593.6393430869,202672.5856920997,173942.25775864808
"Gandu (BA)",141251.10215460832,49093.846790755386,99176.7786660861,121287.99092254383,185324.501687167,176233.10446761345,153071.43474982632,99252.16237205324
"Garanhuns (PE)",176791.6563812451,153705.66387729585,300200.08686796855,349406.0522222808,359697.8530595604,377290.0097960149,393769.3573385393,396613.4026216647
"Gararu (SE)",112868.01874687303,75586.30470738783,128203.47714512875,89185.3123443776,104263.28843121458,105030.36016886047,119420.5791645553,103482.28712197224
"Garça (SP)",137174.12404546162,199090.6453591314,164034.14221836126,155704.76431816444,149919.1797729382,166981.33993436283,177332.75370686635,138981.93274015872
"Garibaldi (RS)",122429.11907337868,114612.55207084566,106548.66099048499,102537.05691696107,141599.97583971327,138302.69133418257,116189.27787587083,125252.51498778962
"Garopaba (SC)",24194.830331159694,20733.056583754213,43513.94319117185,44962.90532498254,45182.007017898184,43164.25944609405,40637.05503143564,41373.21477719409
"Garrafão do Norte (PA)",4013231.2403332745,3116469.828273866,2430890.90791396,623785.0322499025,378659.5805142012,1809987.1381096889,2444228.53335172,324567.6829064
"Garruchos (RS)",83667.11724972505,173187.66505054687,197587.7748105904,248997.33318562602,228339.41593408622,207183.61563449886,191305.75110556898,161346.19948381942
"Garuva (SC)",188563.58063061253,71209.26773286267,108203.47866438792,143842.98963730465,121307.52459592471,140957.10874414773,188224.77325518022,171412.54701151644
"Gaspar (SC)",102497.77932789925,83972.69981619855,198998.61497648197,208716.80922831644,222411.6186477607,215124.1683362298,201408.72615652508,192212.70825445204
"Gastão Vidigal (SP)",81863.72326634919,55975.354737361195,51579.51947686514,49886.30918817346,51794.103241616365,46501.47914281724,52651.8254646057,42570.73743688033
"Gaúcha do Norte (MT)",3051838.2853735914,12470079.282730408,4178148.638160764,3551596.36434903,2073988.168929667,3812210.5162939457,3563572.0087532876,1768343.9605215483
"Gaurama (RS)",57268.39458965228,65821.3973987793,68691.29411580952,52482.05422497048,56917.6287334613,66836.55868049631,56494.659471859115,45989.96414012555
"Gavião (BA)",107583.83548929747,49198.48418023085,44201.54289645775,41396.55109968539,45569.657617505,49894.39933435909,52598.18908506367,62591.49913412904
"Gavião Peixoto (SP)",25906.876240649017,35928.465799692494,67620.09471877241,65205.26110819336,62284.84691650188,67957.05787521343,65106.419557492234,54198.14626350575
"Geminiano (PI)",20671.474336841246,44157.0886998183,41917.06199315365,29270.336156821228,27446.12837849828,33299.81040495301,35031.41222416243,48329.318765324846
"General Câmara (RS)",292605.2206894212,312122.74897344655,179290.98467875345,202054.7338377271,279305.48062335583,165204.60060566696,194271.64097667456,189688.76606899433
"General Carneiro (MT)",1077239.7489762735,1175281.8128365113,461767.0765619906,506970.1155125694,439637.5409373462,500350.3604353494,504485.93907694204,567102.1828696133
"General Carneiro (PR)",748368.655187063,434671.97988280497,282881.4662889117,218981.81877346188,251406.9592381624,412589.6609471742,279843.8341977518,131369.26442386844
"General Maynard (SE)",7704.2302416085395,2728.0135501777336,5722.375697402954,5882.086956712608,6161.159345555662,6261.756495805719,5785.615589382467,8975.803940204536
"General Salgado (SP)",248853.79023068666,169705.33264177278,151131.72723842715,177726.40517498812,181059.3261272634,195048.8105970336,192403.28277493926,177301.2200740642
"General Sampaio (CE)",15823.059971875053,18176.73792601791,22942.198969098947,24402.03827587764,29775.52790876132,27827.217790193423,29742.08577348755,27075.81021050464
"Gentil (RS)",67198.52762002923,45243.46917092095,46314.203934641984,41402.11710810939,59105.05842972388,44321.15957535433,41131.43097638679,40544.51292223838
"Gentio do Ouro (BA)",93629.61263228342,129519.40987884298,75294.32842981238,61298.50488444727,74977.95351540425,97408.94060299506,129458.94548664907,97660.48442588447
"Getulina (SP)",205679.55817932912,152832.7700210696,178202.6726634458,191434.39536721245,171955.3676418137,184921.07317718765,172844.1806436283,129925.21093147172
"Getúlio Vargas (RS)",75037.65814003316,54774.61225037718,86594.11458219563,76894.9554382077,98623.13491610518,97147.8902069879,90774.37954655371,89193.7264407707
"Gilbués (PI)",166500.61657450395,119503.36273693532,481641.50102654914,736067.4106019449,818274.8334825308,539980.0676107546,680582.6615926647,499050.1681932295
"Girau do Ponciano (AL)",108283.52635242943,74497.05892454731,111028.50010633463,131584.2198628178,141611.00854402594,130319.14093086707,138715.87166303798,114095.40868562218
"Giruá (RS)",227736.4552199101,144337.67830487504,141459.59189898858,174092.376065904,151116.53105049385,157637.75303667612,152535.0911586264,153454.5620711126
"Glaucilândia (MG)",8481.969427372656,25771.44304449666,33334.9639985306,27017.162304138674,24773.28805686006,27886.190681504773,25934.845946054167,28218.420579083686
"Glicério (SP)",76304.99012054905,67906.29509206665,59545.801472607905,63187.0865505877,59156.00936777484,54310.63827662155,70872.47565386134,60228.97239527257
"Glória (BA)",47175.55549117253,39271.52718728381,70119.25793427072,73067.76307609602,71801.17370448422,80469.07911379792,93348.18789821584,94940.08385595739
"Glória de Dourados (MS)",160939.32089532446,174353.69933541116,189389.7696590758,229093.63897493356,240917.28035125814,243882.22749603254,283599.97656518215,251165.90356003307
"Glória do Goitá (PE)",60556.680299525324,35124.12132791446,51448.81243424468,60806.64704986543,67826.75026112795,49812.00724752271,55492.889453853146,58867.146755498994
"Glória D'Oeste (MT)",1115677.857562498,508411.9378538644,309838.4968341104,340193.9375234636,447561.5986597552,358169.93640081794,396655.00471151294,272156.7001989562
"Glorinha (RS)",151302.947693723,155504.4568726467,129583.67333318389,140126.48614409272,132620.75433037247,115937.3148011384,115987.14304233661,141595.95166730293
"Godofredo Viana (MA)",137287.55890523418,512863.3996734884,146673.29875715598,287019.77043676196,290743.4428946567,228306.3720108623,619094.7623836218,118880.97416789879
"Godoy Moreira (PR)",25694.595334678048,29125.420448949095,38098.317430555704,35176.06741214001,32457.279071590056,38359.40024877232,40794.69337756347,37639.665767805694
"Goiabeira (MG)",12391.352358806316,19047.25598993046,28683.942999939914,22794.733272561705,24919.327746346888,22673.34874150535,21662.958354045673,33372.35494144777
"Goianá (MG)",4514.624617522637,22891.252559908466,27208.444159376606,28483.50217355758,32771.7664185769,37740.87105019633,33936.96830455079,32533.514494193427
"Goiana (PE)",61941.38300417929,60945.10171548161,127457.43559576292,150420.10658468108,171549.26084547443,175100.46078016845,175784.7269587308,177872.724460898
"Goianápolis (GO)",81950.81229038874,57510.96912039819,53751.85221702456,62280.26973305268,70182.94168902622,74270.71931831907,71031.4820980323,79768.9827911448
"Goiandira (GO)",192798.0602012769,159193.79416817435,167693.70870724888,143787.11669086223,143488.2144190762,135521.97715467497,149476.59845765118,153223.2358913756
"Goianésia (GO)",702333.1691610793,418696.0380025406,483420.1551235789,592040.0312370965,671300.2201811209,629905.7720445752,773426.4818840266,746961.3392228652
"Goianésia do Pará (PA)",2106018.8265617294,5838146.512872962,3717866.3457505153,4079931.662359148,4729195.811708629,4176557.955304791,6089273.196463752,3810585.17423374
"Goiânia (GO)",442420.91710448655,570175.1564069233,2284254.442121766,2250146.317425312,2375687.460206648,2404693.3046792247,2397894.8993275287,2355521.806473727
"Goianinha (RN)",71101.80802325602,37194.30965936283,55979.18043944128,71085.2489797591,67210.12514101302,71051.1323463924,54443.87304795436,60914.27221003729
"Goianira (GO)",135381.3725946435,64848.38797946182,100398.337155153,141634.03430223884,147319.31787061054,150944.13281382344,143528.31637237,139834.4724984825
"Goianorte (TO)",411211.02480477723,689059.8866490084,499941.116905775,493124.64585735154,462496.65756777354,466227.96658723813,468036.2484775357,456163.75522114703
"Goiás (GO)",1302190.2955080296,898030.0530217594,780317.3941231886,953181.8009804033,944343.2746133,942149.897874733,1012642.9905646049,1035065.8702758217
"Goiatins (TO)",710672.7730880136,658641.9781495259,1209397.0580175172,1219880.309456125,1082320.2126730687,937111.2902510973,1570770.845476833,1368735.2556645107
"Goiatuba (GO)",871682.1378852997,420555.0821233096,503968.9219022937,668268.1110872721,748951.4023832593,771632.143638277,748653.6859948459,655187.6452858308
"Goioerê (PR)",160300.67805483306,94456.72304360193,95634.12580346907,149857.28550417488,150285.33793021354,151456.63402817387,171922.10632093568,146106.83638875955
"Goioxim (PR)",304961.8558968374,340664.16652042756,220449.9626356355,214837.43382865575,212674.99269846606,216082.9301509073,173977.2450954849,122238.7836064575
"Gonçalves (MG)",52172.28625190933,55225.6671098015,52100.88337224579,40725.99632818822,34933.66951677238,42796.82509008632,30951.367479446017,30432.62279449817
"Gonçalves Dias (MA)",127854.79435089645,154505.3563310585,275262.9875117512,688876.8473433292,643217.4785797009,622395.9759803137,471823.49033990846,434325.2318105431
"Gongogi (BA)",86051.77407942493,72768.2544236337,102932.4639517713,94834.95370866613,123014.98379133211,112228.1117917161,116153.14758464626,138827.50094374636
"Gonzaga (MG)",310200.1924923498,205047.2073626745,35904.18483347507,92897.53047509468,81408.75522088088,134558.83056188226,86603.26272151405,154916.48904974395
"Gouveia (MG)",86768.93702171053,60173.51775179189,67147.24960803804,78034.04568725299,76986.51820611175,69522.24432496047,75377.14669215636,77269.03081594872
"Gouvelândia (GO)",346102.94443039683,199320.68424612517,223648.11468730608,207941.11081087767,225001.44038663962,239652.9334312244,218374.28643068622,196870.72189410788
"Governador Archer (MA)",88060.5249305188,155267.29321934318,132326.28847386508,270107.55667340383,316504.78888865194,223375.1134894632,447612.05724076834,191482.5978065849
"Governador Celso Ramos (SC)",24850.972267554986,28202.06170915832,31344.317665475817,31812.36493550144,34117.38491881774,41388.54326530572,48185.427268889696,45600.273218776514
"Governador Dix-Sept Rosado (RN)",54891.254280004294,64203.78443025716,37879.681736726,76213.31339237888,72907.06742667407,86610.9054022816,104468.81770543664,83580.09979671755
"Governador Edison Lobão (MA)",217210.47674355423,182851.70423307712,141438.2872544562,191344.6307033017,209267.55024890116,172396.81362237042,227094.3059147524,182456.1332701477
"Governador Eugênio Barros (MA)",96065.1311709721,158500.140996586,251811.2940969384,772315.6264984444,737753.5261995017,405733.72116680344,544826.0754703861,343175.16423844383
"Governador Jorge Teixeira (RO)",1030979.8090508397,3537147.8294331613,861370.8104977317,1700858.8087725027,2911047.1541166375,3954336.251348059,2445634.0612841933,1480537.963452343
"Governador Lindenberg (ES)",47277.721131773695,16746.85110523697,46415.938722939165,56193.29776129375,81214.5625843395,69758.5984528497,65496.75412760779,33576.05159355009
"Governador Luiz Rocha (MA)",8934.216592991883,43191.96597774817,149804.00950520934,461699.66971340234,601872.2611255265,218047.90954173022,295893.5499308234,164297.66688240832
"Governador Mangabeira (BA)",48625.43032747623,25150.415304797763,42979.6467643941,51619.25146922138,55621.073449383824,49358.070032115764,58634.30195311906,51271.91906029063
"Governador Newton Bello (MA)",6051398.017971925,1537595.4904576587,864053.1962736635,641412.5117431305,746972.3495446619,823598.5990584655,1049691.4673462594,363970.60919876094
"Governador Nunes Freire (MA)",7025691.868623634,7335904.785574977,417530.656309868,238348.5304426094,203838.7865552211,422779.48583627574,660984.9841474543,136660.66437933798
"Governador Valadares (MG)",1194776.1520118888,796086.1657375963,876222.8287012997,769286.6402193027,823230.98153497,926288.2812144664,893374.6141845948,899377.6948813101
"Graça (CE)",15766.574200786288,29611.660349461483,28947.62793484089,27720.303544177146,31887.11758211117,49704.59916197206,58334.2972496903,88171.2950276273
"Graça Aranha (MA)",34952.343680463695,105435.69587993408,68557.87988355453,147490.1791229593,143703.18404592833,109900.26206287027,174910.47517330106,94034.1316972848
"Gracho Cardoso (SE)",102055.72822840561,45427.89817780467,51077.89891016633,37337.37302439719,53007.965538308854,54344.5252543735,56728.07303600554,67324.0939653025
"Grajaú (MA)",1055465.900248786,1461680.1145187838,1815439.600471362,3361751.1203938494,3121289.5090736304,2765988.079315358,3906213.1020693197,2958579.8849396585
"Gramado (RS)",80694.90008232257,115547.72162444697,140432.7187244377,90962.1267199385,108864.88427028383,141758.4090233256,115945.92964961617,210964.6767073424
"Gramado dos Loureiros (RS)",19658.48678674811,28195.556579858243,34290.55497312436,28258.968986705127,27216.2654903948,23837.3989544905,26220.114272348026,22875.567744043346
"Gramado Xavier (RS)",120849.84522855785,100013.21896782516,65574.03629682906,57967.56546446216,93935.22565129398,56382.91736008469,49224.28178691309,74455.36443243032
"Grandes Rios (PR)",182638.30721723905,84954.11487055063,109186.75750661202,104654.91285977453,92251.37264008375,87673.89787281469,112127.08325941606,97564.88332399535
"Granito (PE)",55530.570118405805,121086.92354232758,97617.15244970655,101988.37386658316,118021.93173445918,187294.25959678815,170505.73169816076,117768.02330290175
"Granja (CE)",83067.34661740906,420293.1621000096,229195.98797725656,266337.33802816464,249565.45731345835,301771.83851265226,304451.13537694054,445664.78396311135
"Granjeiro (CE)",10378.818884314294,9575.533114995009,13052.2488114723,21379.870449839847,17263.147282016453,20010.20477514842,24686.97927744241,21234.921463722025
"Grão Mogol (MG)",900605.8682536047,492275.2724911945,735341.5130084301,321427.76898809354,238526.47835516225,229108.90312037175,519431.13119768223,403311.8595081459
"Grão-Pará (SC)",117682.45630751473,104942.80157705273,115019.28704174807,142760.9853974298,129658.05163290429,183259.40192655966,136752.5475625319,124306.68862110896
"Gravatá (PE)",189675.9488267612,120154.0490437953,154039.77872423924,153518.80854065524,166066.63430455694,161486.47566316611,180865.84971754978,187511.43108894821
"Gravataí (RS)",157066.83781536872,175409.05450640977,411863.8454183153,457572.13097962353,500428.4984337497,512689.27807933814,543545.442779643,543621.5106214538
"Gravatal (SC)",60026.69136811865,48463.01680941292,73832.87270842642,79494.65031601673,82661.06389316684,103279.83785438129,115906.40063859797,104758.31435290078
"Groaíras (CE)",20237.532679717384,22796.22716197177,24796.71309826882,35638.27633386087,39359.70785291088,46250.09567956621,55714.59024946421,54375.02558452728
"Grossos (RN)",21991.486403556402,11558.192675500035,14539.663057248225,17988.49709654747,19797.96550219295,16539.571819591925,17212.578249444065,18707.266824363523
"Grupiara (MG)",40631.44314727316,36943.397053652094,31147.136402730295,28568.514010814342,31310.823527540317,28936.71878855463,27927.283048748846,30031.617214482005
"Guabiju (RS)",192702.5458721313,97152.63424958907,62106.445955211886,47654.38205354626,51641.92495940431,46829.597947365226,44735.74723924224,46113.70452209284
"Guabiruba (SC)",18212.621145346937,18956.65581368368,50690.194117566636,57986.13711186693,59729.94802296479,56965.00967465238,54570.169681123865,41726.784063240666
"Guaçuí (ES)",110055.120652483,106079.97753603997,127639.46819373246,135107.72061326826,141049.21513790992,142719.2449684081,137747.9246782519,117635.86309949525
"Guadalupe (PI)",69349.31235959713,49456.69755050896,47245.52242965656,94017.0131505878,62783.39974352871,88105.07740947042,218478.92078757886,1028989.9942643186
"Guaíba (RS)",254558.9874781862,151698.28110566115,304742.59774670034,420597.19897831505,426039.74997766066,438598.06573917565,510595.0567406339,368277.99458096566
"Guaiçara (SP)",66559.78872774082,69108.64646860812,69968.46973877793,93552.86929915429,95754.04670848753,108826.70307877992,99698.78423578374,96169.42027231371
"Guaimbê (SP)",58819.02925899367,55079.55118715959,62232.4429811993,54378.879783673634,57295.41183559483,50444.61331336731,54674.73446245994,48678.09528627655
"Guaíra (PR)",89457.40041666634,79500.80183683212,158416.9200558094,247203.20211010502,237593.4417706604,232481.00661254534,284889.6897172998,211742.67719921688
"Guaíra (SP)",198651.79460013885,235881.24220700562,1002559.3169515082,682095.7386252877,611507.187079632,622814.9423635214,623985.711586624,489695.5474411919
"Guairaçá (PR)",245636.43066140573,148742.01422510715,161648.3859106971,172439.05838166684,173191.2154535114,176546.64475450874,193463.3618406709,194150.4301151541
"Guaiúba (CE)",18015.158020966875,16221.186976535748,30552.17096595682,54320.49247702023,60561.70061259586,59149.67947976601,90323.05729608911,89089.98437769685
"Guajará (AM)",415023.1425954261,655021.1518727778,736117.9033722626,1620635.2523389766,2057905.0922827297,2312608.9730805177,1378797.0190222494,1361130.9472258133
"Guajará-Mirim (RO)",894166.8900976398,2027581.2191156852,905837.8298439886,2526112.346778819,3283419.9675748697,2220429.318904965,3994863.608507341,2250725.3579926444
"Guajeru (BA)",57226.419683058935,102361.72469544268,102653.85650351625,75591.01893108798,82667.56841217352,112164.42095476236,152170.04487059088,108083.28032665089
"Guamaré (RN)",31168.544573475876,68517.01837724402,381466.4277058444,379992.35635766305,358272.89340741764,300035.9433663934,304951.69005517766,448257.9838256378
"Guamiranga (PR)",51178.712860631014,77645.81392632103,90195.89742099812,67872.81416209057,78892.20896106021,76568.76978453955,58858.23425976245,48770.021042072956
"Guanambi (BA)",134311.51944776086,125562.03360705952,255228.62054205756,289765.6761354488,302367.5838268976,300869.01009618654,311574.7201486613,319701.91485861025
"Guanhães (MG)",556891.9885623179,382946.23841559445,263178.3152605527,337028.197593947,329382.83740985236,384803.77279308974,343942.0347936314,409144.51861444087
"Guapé (MG)",160513.46332226237,223008.5575580599,137980.46334099816,120517.60377996687,123858.02761718324,129058.15418470388,130788.76414409262,165104.5151478868
"Guapiaçu (SP)",86395.75184341635,93339.52064961122,103223.20991354917,85142.4466970487,85659.99102229516,87951.93387482893,87974.26905812173,79007.85390175912
"Guapiara (SP)",155909.01362416314,65966.55589075321,93303.45613709498,77545.93925923362,73394.68962051214,84133.02894114722,79758.37402440968,44518.14741946884
"Guapimirim (RJ)",112262.64566552032,113157.21659356044,156181.2805290666,133028.67140877765,171831.20411537445,159958.19653771,167102.45850693865,158479.88349617968
"Guapirama (PR)",59035.70104008753,61056.2855586732,53939.67704461893,70699.91322890954,73690.72938061957,72836.15448020324,76672.25413364937,68362.84453943504
"Guapó (GO)",205867.77567603535,205579.4033011911,178338.0892632803,220737.33617360418,239700.76714595934,267433.2230232287,274971.3882703758,279872.2958066057
"Guaporé (RS)",137177.20480464268,148434.90381787223,161858.86959402796,137337.244385962,157066.76478316018,112995.27201400916,116819.66916578972,165143.1101775475
"Guaporema (PR)",76800.88417399902,59423.831593942436,61973.327754335514,66776.38152297313,75246.83813528153,68366.36229704662,78864.9578466213,80848.69041582989
"Guará (SP)",108908.72354570478,63284.11303007758,104306.36584069084,147524.06874944904,158886.08517092306,183402.94449724955,184103.42276545768,176564.59907975988
"Guarabira (PB)",125007.77593084396,43083.20563837596,122061.15544372016,137095.2496476055,121373.38220975522,115043.36906370868,112922.47369789037,122375.33506543217
"Guaraçaí (SP)",178152.75433360983,161784.88320188725,162574.05915256983,195045.42703176726,189637.05261716165,165977.158841027,160148.7296200418,148314.21264166525
"Guaraci (PR)",64962.25026495464,72097.59312539794,78519.5548520922,86005.04158199774,87863.61535128158,91831.44750248491,98640.02718438323,95879.75763885694
"Guaraci (SP)",172758.85561096537,134646.9552700281,143871.26419001358,147793.96522801134,150235.14322196573,134774.50778055383,143056.6821060624,141496.14364499282
"Guaraciaba (MG)",125360.6580963135,56500.03993735415,37433.892236925254,55734.816972868466,78206.28922740866,78551.19194544306,70855.88735144475,140077.97296262172
"Guaraciaba (SC)",241876.2057771482,139652.78269485073,222270.05985982527,154194.93850803515,163466.10150982236,174379.82187915893,167748.3804165999,147924.34110175027
"Guaraciaba do Norte (CE)",74278.87439459538,48834.4342812593,71516.29052138509,97742.0174039792,115159.77310327916,127886.06181648377,132268.63219971885,134524.45389211975
"Guaraciama (MG)",74204.80600054064,70782.94361762414,55693.46673968786,57952.50503861024,52485.32468636125,51443.24616616553,44872.39746738438,51709.39866108755
"Guaraí (TO)",452482.8692078743,760497.4654080338,556726.341856082,532096.739678407,557705.7519626407,720712.6636824016,1377819.9831727433,750679.5443973457
"Guaraíta (GO)",60790.58296268578,63389.469519970495,51305.90785747346,73298.06871706445,75272.0034131996,74860.26615263008,72695.38183252738,73131.59125482368
"Guaramiranga (CE)",2273.9744408095803,3883.8193780528036,5520.204562695628,3733.780800422429,4864.598124702901,4334.156943188758,7413.790540860508,6570.95984718863
"Guaramirim (SC)",113070.50013278748,153613.1203104506,280966.2233982486,383206.5903953162,431391.7052893009,425560.1358751607,417281.84183004266,407947.5017124335
"Guaranésia (MG)",87207.44710797987,82112.32493368737,75381.05851965278,78138.38329414402,72274.1825853221,78476.18036079766,74147.56991797892,66849.93943023458
"Guarani (MG)",41647.09318470251,47591.15501665778,42502.83830794968,57931.81808088735,61785.213782316336,60345.36808690228,58881.0373917877,53493.97608294221
"Guarani das Missões (RS)",64142.96698050887,54850.279284817145,76031.54619149902,76499.96868388669,72474.54945767079,73521.41081964104,64413.50596571429,76319.11790257289
"Guarani de Goiás (GO)",400174.5550316389,163986.01527665017,188324.29480156046,278421.23151815875,308310.6898723817,287071.77339806774,269378.8317498049,231494.40670194826
"Guarani d'Oeste (SP)",101250.5473415403,48704.7594517854,27848.245788173575,93487.63699774112,32868.36759562793,42255.57094387311,29175.4939981624,28045.936498232593
"Guaraniaçu (PR)",768326.0862332649,662143.6511020559,572559.9576247584,401421.1852762154,470200.0575818835,449701.8982390173,445095.20752856357,374356.5658497929
"Guarantã (SP)",148179.5063629486,126393.45828090857,141066.6203739192,138845.4060508802,137105.82170288198,137167.58251600844,135974.92359076382,120319.37794418602
"Guarantã do Norte (MT)",4266147.186138718,4188644.9463633834,1857598.42785646,2097707.2643082067,2617763.664129523,2401875.945257843,2174134.2652037134,991658.8025072203
"Guarapari (ES)",254537.8023952883,293166.1767104823,279840.9530232439,330023.26514600613,302476.73954694375,357452.51528214803,284209.6206837926,254256.22448924655
"Guarapuava (PR)",1449803.4529607028,884551.3141096313,995461.6480808012,1102786.7362418263,1162287.5749151816,1105394.2764753532,1064082.7790883398,845708.9100789549
"Guaraqueçaba (PR)",78528.40852334125,72065.69206773996,43811.94937786518,69390.35628437332,58247.72112395436,123934.5727052342,57939.582981708365,74949.31070838941
"Guarará (MG)",13756.594870251914,15890.680643174683,18625.643042291045,19172.518475931516,20147.742518579736,20431.34063585612,21229.001967965327,20255.97006346654
"Guararapes (SP)",300229.1773622569,268856.20724965923,305354.38648628845,320527.15388431074,322246.8997415984,291355.0222360338,277404.76249536313,266887.3344242975
"Guararema (SP)",66666.05875017244,86779.96962242908,112851.76650680971,120824.66411616142,136793.6382154556,170453.77043387314,174133.2794826851,156496.24789745078
"Guaratinga (BA)",767288.8505735194,607528.8293391443,580072.2455654634,587289.8716859624,604433.3821721179,452636.8556353238,474759.90008689504,460322.9959024103
"Guaratinguetá (SP)",269266.5888544223,160548.84801694093,345832.07024997135,449874.32796932186,454140.18374192825,473885.60313831083,441979.96808202757,430082.1999238823
"Guaratuba (PR)",103341.63546949174,132458.88743295078,100449.20727045518,269028.51319183694,154643.30215685454,270538.3890950935,167592.06790215263,103270.2995193578
"Guarda-Mor (MG)",839711.0267505995,520796.56983474834,435850.61002270336,395812.3407081963,372816.18787536304,373361.46682261606,381970.4857799919,345162.39035364654
"Guareí (SP)",144473.15162533463,118311.71005209594,163103.11940108336,144753.76961150861,143101.71646266108,145567.9512331525,136522.60840227955,134083.24597642815
"Guariba (SP)",70638.60253490647,69706.27954717807,119201.64036230958,154254.29434903397,138718.28793967376,148700.34667455856,144716.307925839,136442.54749664833
"Guaribas (PI)",4215.4149893526355,38828.295038555065,12934.024573003086,23872.812988900747,23725.819376715455,24457.521972012568,38883.74493260725,51113.18571928689
"Guarinos (GO)",182526.67379773833,113299.78663212871,123984.382427226,188477.53675400405,150205.6076644045,165640.76768781745,215311.66631221396,182528.5441093255
"Guarujá (SP)",91179.46974271661,102692.93461811557,415244.34185281105,427080.31945841643,445067.655332926,440913.3948764259,460547.80079445674,465672.7796734651
"Guarujá do Sul (SC)",49094.5860025198,30366.027335739065,53857.65726575603,39528.146419572586,40914.43960720667,43706.153468670505,39576.8559174708,36376.18346548796
"Guarulhos (SP)",237830.19005717084,477085.9075333452,2860155.5899631674,2679453.677042372,3831918.136120374,4443155.368345195,4895846.402106214,4490902.241215093
"Guatambú (SC)",86959.91275547179,75432.72959073636,71079.99703722016,71493.40480573046,67965.11227171763,75439.55253604552,85869.3993878294,65747.71981640618
"Guatapará (SP)",87546.65211730472,91299.78022294672,81451.7839295226,-52712.35648314707,-270335.2923886989,-277099.6019957377,-299700.6812612045,-324665.65733928577
"Guaxupé (MG)",118970.48941930219,131256.43254117834,200290.7087458542,99434.25564477599,108274.81204720309,132109.35951958876,121582.37499482244,104903.64417538562
"Guia Lopes da Laguna (MS)",686441.623941771,558837.7691136627,400140.71842695196,422218.83957168314,376518.63293440634,282810.26553320093,312283.902062715,314189.19468236406
"Guidoval (MG)",27091.928212603605,26237.131187330862,30622.685346935512,35723.69344828929,35986.97213956086,35762.13625569986,35966.82903529388,33761.96069141597
"Guimarães (MA)",18963.534854811813,24120.715007077142,13236.067986857226,15643.574242885903,26310.1941865349,49424.436666450776,77581.08619533709,21691.442247511113
"Guimarânia (MG)",87223.32967140184,97151.73740575423,88425.53204289722,88834.79182794664,88867.15237723007,84365.9124504889,90331.53909688057,87883.63309326365
"Guiratinga (MT)",1208101.4978527138,809144.2154352029,594073.543889032,870973.1316737117,707045.6304050016,756163.0126548946,713736.0806544586,745394.2268827378
"Guiricema (MG)",69358.32260691815,72897.93895655141,58720.76375607093,63984.51813600642,68250.57533471151,66419.65252355792,65044.5394717071,71564.75008795991
"Gurinhatã (MG)",745046.941609502,535517.2403292445,462362.44655812584,459592.0722898828,481377.6683981487,486800.0577693999,502554.3759364625,573319.1409260831
"Gurinhém (PB)",204988.01615556033,56203.55515592242,78903.7663849583,75533.54714753195,85147.08961755788,77839.37366134215,78061.67782106677,85640.34351922448
"Gurjão (PB)",37269.00101790166,27342.794766498915,20394.1311878216,54773.512630585996,57872.406612247716,41972.01835285314,24456.873624328233,21705.90227496514
"Gurupá (PA)",23358.973878747922,78288.46752702378,143344.49850969267,222211.86870267414,133825.8528177434,190207.94346733627,615105.3505330826,857994.03174943
"Gurupi (TO)",672786.5486511633,359455.558100931,655095.6688497892,619113.2188803896,639538.230382029,737400.231862505,766232.2113419066,776823.0428660112
"Guzolândia (SP)",77282.29476678322,78301.30702096302,88186.98142566922,105073.75339547641,86491.26792146188,91788.79557691493,99940.62623118972,82802.37660783631
"Harmonia (RS)",44203.027471883,31924.017792157316,37019.25990097882,51973.96244814752,71122.99127025521,62330.98015376586,49182.194831027366,76396.25299112767
"Heitoraí (GO)",92467.87349866924,86236.87275349276,81845.18727949062,89889.42933229519,87876.77570701756,87002.2523503797,87973.5256134394,85775.46873833009
"Heliodora (MG)",51747.74938875148,37619.73602876888,45944.10630277028,39403.64341360989,39755.63323681549,43980.13461617222,43042.993724038584,39040.6076950716
"Heliópolis (BA)",56036.555012210454,42890.291180977954,63039.73589389007,52189.245111710705,59900.80408492513,64759.917037280116,72807.56106053687,73832.72056425478
"Herculândia (SP)",114262.03315142803,112445.38690791742,131990.68329060287,119526.66307625239,123960.44067998034,110285.61149895965,122570.22426183624,110169.52957260943
"Herval (RS)",522068.4684143073,478873.37980007834,452564.54684368626,433352.2926922993,574581.5334509193,761630.273769687,484675.3038110688,391488.1564282939
"Herval d'Oeste (SC)",92064.56839343988,65443.96765578225,113755.1978961486,109436.23432954711,113571.49338206957,101795.76039451487,108817.59814243652,88081.10312148566
"Herveiras (RS)",55345.14522128326,70097.16573080664,43513.1429816848,38773.003061739364,91521.58388093601,28953.938426123863,24885.95293093157,22902.474754871015
"Hidrolândia (CE)",51499.64804266974,63571.25116477945,75506.66423659193,111381.6544753242,127952.6344993033,137868.51120742157,136804.04853759136,154632.13271885517
"Hidrolândia (GO)",428543.9374145536,290620.6845277134,289079.4876012743,315741.8167815358,351440.0100784776,327286.7239956229,369455.6018344703,386592.52266285906
"Hidrolina (GO)",256352.3454624446,139284.36778044925,152230.50856566575,212862.66193790518,177135.67822400556,170064.18268987857,219433.97491364033,157168.66786927864
"Holambra (SP)",2131.382381659211,24023.022383456053,43518.11041413855,53261.398426959924,56566.58300346804,70492.62556963637,63615.55588941508,57852.02521230033
"Honório Serpa (PR)",664169.8655228872,121615.69188341848,92638.39853458566,137045.36012618174,112511.59008401842,124554.10253264729,115039.84793546192,101747.5619636493
"Horizonte (CE)",23884.837313512366,105092.6326272264,112287.59331142042,167840.05099174991,188239.39682284018,170448.26586996994,178111.0027377206,165659.45040146186
"Horizontina (RS)",61370.76031372316,47819.0641386734,90651.26610362201,109394.22388846728,89467.34080610542,106198.57126776862,101960.32449369904,82348.78968840708
"Hortolândia (SP)",2535.625092109488,59667.403319569705,209937.40480661634,253596.9522531247,268750.40228434553,284226.81937937933,289160.3315585221,288912.4200789869
"Hugo Napoleão (PI)",6292.485852222646,9209.737983217474,9531.884186833802,24213.193634520274,17393.11456641136,53507.819892470325,65330.29663453967,37936.15497942975
"Hulha Negra (RS)",248329.17974121094,287864.9506058626,343005.2378718812,257152.7273139032,384171.11700654816,247715.9851221095,209776.3333929955,172082.92530536428
"Humaitá (AM)",276768.3576319597,854941.6033766209,493562.3057463685,7476174.029077301,13087360.584484326,11532371.814295655,4350883.16933347,3821927.571141465
"Humaitá (RS)",39775.22360888947,32143.982557532046,45092.40271552516,56854.270875430964,49005.150698960264,55949.5574225458,56567.624597599184,60845.51324664729
"Humberto de Campos (MA)",43279.10981194788,136027.31113588737,81240.3420209618,155704.64118081852,44414.32371234751,87136.2465005629,150396.13579328288,69355.89138039855
"Iacanga (SP)",161009.03577261927,132197.5401174923,127049.4182140801,151466.07077366786,139132.56690229927,151741.1544092242,162190.19294124833,120361.89075208208
"Iaciara (GO)",453893.1667316264,419015.39952296106,466174.2067873226,481992.18935583066,534910.8115970618,516610.5762036437,536182.9717930823,537774.439562897
"Iacri (SP)",96273.94949839235,95846.32118482793,90499.1390722689,103735.06301009061,100940.2807235042,95588.03445601312,98604.00308160047,83684.70941274433
"Iaçu (BA)",560766.8209781414,179596.45923362358,281061.08772371593,298062.99955585494,365236.1382607194,259775.41612827504,278641.4261115475,346550.0196433192
"Iapu (MG)",232265.21468167446,54949.293221642016,49914.59968817826,63023.3632584448,72919.07949875253,74993.10531149013,72555.17479062556,123905.57179455795
"Iaras (SP)",136079.88919109316,108030.41490537983,180880.45417012653,123065.24137017176,124957.60268220445,129935.59022700677,139740.22890560282,135498.87527871088
"Iati (PE)",74007.37797495564,40712.553518098255,77754.86309316885,94391.04163153602,101789.9150117921,108690.0085527478,121153.82751352835,125381.6409162605
"Ibaiti (PR)",307452.0919388486,370151.810838926,313874.61052978534,269281.50811319536,279545.53558300866,271434.4704098731,266142.7036725753,242779.77921252995
"Ibarama (RS)",80453.80595842007,69713.193085637,70338.55242626536,47891.676355887466,195181.418252305,59354.75971512264,42059.327606784806,176868.18156113013
"Ibaretama (CE)",71815.27429793117,62598.71947359504,63396.43865842482,92016.7251603018,118506.13185922278,90103.23858763599,112067.90896647217,117112.25022076648
"Ibaté (SP)",84360.75541777074,77284.0287600147,118416.80597751334,124025.9138865315,120097.2328197956,159295.4777106653,140863.0755429413,128978.70840277441
"Ibateguara (AL)",112645.51052093635,56105.91421877128,56986.370578944974,59734.01880424961,52778.81536858567,61655.238678074646,59233.61074122736,53696.20776077829
"Ibatiba (ES)",55292.62697530967,56037.51735864059,63223.38253355041,67572.3719252036,70873.38006877135,95201.53453660442,62034.69762709637,54220.35750877405
"Ibema (PR)",162261.68014427822,44393.58016448185,79185.67672730198,42157.9760580994,41527.05486809288,44578.41680615952,46179.50426392152,39704.262370939374
"Ibertioga (MG)",89240.14227101534,70899.61343328077,53355.54606769911,71125.02709034836,65036.930186671554,76887.50617192552,64820.612042048786,66939.81714937859
"Ibiá (MG)",574230.3722038759,565256.5639096746,592974.2759299453,427372.8580950795,484954.75313306885,452668.43156152,446478.236567635,465514.76955656963
"Ibiaçá (RS)",68838.82779058356,67484.84085036031,74865.00754552237,76141.87775305295,95694.64543475663,57079.62159032668,82676.4990363195,77698.11678379343
"Ibiaí (MG)",303348.73016881634,396645.55546854064,156992.7748195769,155596.1883009353,151288.43700730993,125981.3251565682,132428.85701114917,163235.19228624614
"Ibiam (SC)",55963.97975349825,64849.548157583085,75384.50817660063,52715.06818092883,60208.00560791294,55354.02229310271,58262.16634177899,46863.517114422844
"Ibiapina (CE)",29083.63806959228,52371.05833365468,58665.3017034616,76438.51801555783,76624.72408040705,83847.5427233708,106132.41942234916,124865.31643498597
"Ibiara (PB)",15843.74714965248,19200.001144709906,34171.636482182796,40660.59627118849,42050.70352619299,46073.06911308021,57290.000574674894,30697.235014344275
"Ibiassucê (BA)",65413.49999630988,71007.67323826104,96383.65529881025,44372.45172860001,57130.07579824069,72422.36316499258,93668.83646798073,92825.68250631246
"Ibicaraí (BA)",88648.61082400245,123467.85789220952,174668.49084427895,104388.26109130088,123022.49155616022,101037.45458864882,106295.2561782009,142073.30242406053
"Ibicaré (SC)",56741.28768585418,51170.20867370023,81313.85838376611,72322.97621939208,69471.93099575647,71013.62140574973,68657.14796740146,59468.99203137515
"Ibicoara (BA)",59045.828485933416,105410.50535843342,219563.82720927565,132135.35101214488,166784.28610221832,180240.02997569158,194681.07678937187,212234.74930686713
"Ibicuí (BA)",419588.7808274172,242512.34052341428,279703.5787374333,264746.9628567719,276947.2517128163,298441.26243476465,294191.48029939696,295542.5179611941
"Ibicuitinga (CE)",40414.784973755646,36960.26420535468,44098.15962557995,51392.02974243103,53799.038483754295,51042.48942838071,65624.70880746283,70281.71702198534
"Ibimirim (PE)",102135.73899985649,96312.0401040079,188773.64322612633,231389.02409268025,172845.72351684817,186301.39809052733,249131.33318602626,315045.46474691987
"Ibipeba (BA)",67617.43336614042,64000.78993999267,55355.36589354777,54271.994707855,75140.69170237001,80291.02031233645,75452.98428185868,102570.94814521825
"Ibipitanga (BA)",82456.68788952775,81719.62315705398,75384.28527269572,81371.2959027578,96100.40033387528,84894.67560909103,87231.58913458935,72574.9833097168
"Ibiporã (PR)",63564.317886620214,55783.75326741259,125500.20752249958,135750.77733060328,139004.0222237514,149441.6317708261,157157.10801075073,152006.42317885425
"Ibiquera (BA)",138384.43816211462,140663.44040266098,120161.00519156647,44308.54660927496,49426.545941389195,53867.79684291567,60394.34262383747,75628.47293063157
"Ibirá (SP)",72146.54552530275,62182.57642328881,62450.45776349618,65337.52436574342,72921.02983429166,77368.3383263634,75638.37101014571,66887.6710576545
"Ibiracatu (MG)",19482.88731809187,50222.074120453166,28518.128009772612,38838.46456896809,35664.101712094154,34531.66080031535,35363.55868637846,45859.797850534014
"Ibiraci (MG)",165894.2782266938,115266.00346268337,118356.08571877073,107908.39117114793,100444.9681513751,112397.89056171407,94366.41379536632,90829.35325851786
"Ibiraçu (ES)",43455.46691617137,57348.170401129486,69473.78369454379,87250.79921187455,71185.20034175379,98830.13530833366,86754.43026951709,69497.83626479363
"Ibiraiaras (RS)",245632.14551202915,141794.33890210508,102392.74298234191,74467.86130051035,117807.48207480877,73684.47558502316,91850.20806160563,70261.63960339596
"Ibirajuba (PE)",32397.467378033936,16691.167133437957,40397.808337088136,34144.64524068539,49227.48545123038,49870.25816788462,50969.48601491177,54446.17370240841
"Ibirama (SC)",77694.40456343492,54564.99857655237,87779.01647394376,74196.71110044907,66789.60180567876,78391.73357992737,74080.58978098189,56804.778517020946
"Ibirapitanga (BA)",214902.56314125436,95239.6680873555,70347.8833930379,166533.31496040177,148697.76032188983,172988.5345696205,122360.10269479343,136767.52717686121
"Ibirapuã (BA)",175363.2073654211,177657.00527846912,243155.62061940224,229980.57951762257,260759.8896876561,266730.0620951522,244548.74443674594,235727.4389047749
"Ibirapuitã (RS)",137982.83848692256,74712.78237775664,45041.030852272306,49320.78660627749,68288.46169777379,52846.56376392958,43208.9862061197,37733.52422148738
"Ibirarema (SP)",38108.90903202282,44802.738817248865,140529.80517273504,61769.97540876258,52557.08531722963,57175.35950468203,69487.95684064575,55908.376590010725
"Ibirataia (BA)",229196.566916577,73074.65296898513,58677.599309059224,78165.16699109234,90897.35475247244,92852.52473416932,118196.84937663023,88708.47664660467
"Ibirité (MG)",48968.79684101245,53874.85756101128,589672.7228374837,357177.08396315767,756386.7521438785,199280.91976942337,162080.62040020563,134304.02084542555
"Ibirubá (RS)",94505.99671972782,98635.06810811175,160844.3954979246,132765.06483267472,166161.54501472993,153802.26613705282,133296.3847404594,130113.83825201342
"Ibitiara (BA)",129150.49722206443,144608.1505911714,144852.45573156042,138936.38309193726,118624.90335423654,110977.1251925005,101948.56624994117,96817.49538020614
"Ibitinga (SP)",131415.78852117402,195795.83472373823,228505.78412865466,225982.108900224,222431.10372732047,223807.30248808558,232734.12988089636,168127.8411239912
"Ibitirama (ES)",65070.33354525022,68149.50703606718,76935.79448875852,83535.30223689924,80651.38631814784,61906.0222547168,47447.8722661215,38172.60895367795
"Ibititá (BA)",42837.809800105366,50990.318597384925,40406.58842286851,38246.31120865342,46960.02774564678,52264.56885005407,54964.563600606874,56753.38351929413
"Ibitiúra de Minas (MG)",19610.143524709532,19229.560233679553,18905.91896442556,19738.4803751127,22128.287950730988,16382.460377605481,14416.515086827201,12656.496322608931
"Ibituruna (MG)",47648.97047692759,39144.74837627211,40017.864069191375,37385.32226743737,36642.17069361763,39315.64679723158,36261.912221243685,35404.20648233699
"Ibiúna (SP)",242976.1413017246,203125.66328188308,207541.84052454776,251793.44047240712,249517.19814372514,265213.21090466116,289216.8897788041,158119.68502476162
"Ibotirama (BA)",119359.383931287,117502.34088236067,167002.81789002917,140736.43607244597,160666.49497370707,179239.84499449498,167557.85545872798,199210.6853866057
"Icapuí (CE)",55798.875854348735,39546.08440483814,110228.68687892907,110707.89293400505,141994.44593490163,149947.190687424,146638.91332405977,143168.99899744013
"Içara (SC)",73133.87360049375,58325.716403262704,183618.83394224267,178185.98529082682,207266.56136433617,197742.9809017266,197785.57588521,196129.24371803156
"Icaraí de Minas (MG)",123369.57379486522,264822.92552495544,151186.50966296918,128230.66110536677,183321.02857138627,189277.4943454995,198218.09884227207,169581.20339398374
"Icaraíma (PR)",309345.24588372535,212875.18179065923,205174.80924452003,234184.06136759452,239764.48556544096,222685.02322890147,252797.88178647673,224696.12394161982
"Icatu (MA)",188288.29196400312,1318073.3027669434,154152.1665350232,279415.72059287556,79577.11526488379,159147.02043783508,19207.466994346003,23543.930017537197
"Icém (SP)",76995.68179891612,63361.913983209655,90578.18488548826,59619.30962835785,58846.41043449235,62547.992523646455,65063.87603567212,68040.82665456699
"Ichu (BA)",71473.8174868123,66976.52917885213,23393.046751471993,15463.060928640964,19542.254375409244,19919.15409460606,18052.548111378303,23105.56557359354
"Icó (CE)",191225.82387432078,208678.86084027882,239626.19445813415,340026.4074885848,331217.4815255701,324639.0050635601,346606.38917586784,476029.6916829586
"Iconha (ES)",186487.13249993094,276303.72283615614,157033.54513868387,106699.61303266515,98658.47938547608,163442.96124468712,98157.64388423487,80992.59374612755
"Ielmo Marinho (RN)",89279.11104931588,42781.774108563666,50252.69251083087,47823.27327504767,44149.62871419496,46516.22407256707,46926.72284035008,50140.29860143104
"Iepê (SP)",200433.365426842,124815.7718356162,106314.53011724625,132733.5458035339,123116.08720084524,105541.10492698572,103597.07296521729,110388.57622237553
"Igaci (AL)",84660.60851960913,70388.90947295658,76955.9449519888,60676.250626680536,71908.30721904738,82075.83377575106,108435.46018594505,103896.40930708723
"Igaporã (BA)",157079.58800096664,151331.1801266515,106043.07110164186,95748.23827716296,114821.28178476829,117431.15362445165,108625.64418019846,153029.0685184164
"Igaraçu do Tietê (SP)",27655.09986303907,29748.989953325545,37797.544335810824,39888.45905467443,39962.48958609229,37921.209707928545,37972.32045484624,34854.479373082315
"Igaracy (PB)",13151.422171973245,38248.007166607546,49146.83225461256,36440.9341246158,39682.02509225076,56383.022195050165,52292.21648087926,37678.36343176043
"Igarapava (SP)",147248.57085975382,89937.25669993792,141461.89827341522,156702.52478579167,175040.21621905913,203217.8606708844,192294.37238954776,131808.10241335846
"Igarapé (MG)",72248.77929202058,32973.774086980935,86834.17867263338,113104.04301427111,142552.6384734855,136668.9723421722,141020.04056755963,154966.80763612498
"Igarapé do Meio (MA)",145496.77269894554,155946.9607711001,245401.05315013052,198962.66428180074,245171.1531998471,302326.12205748307,307545.01426438603,180927.35679902666
"Igarapé Grande (MA)",170974.82188482716,94961.24038877859,67086.54884667626,89131.56214186158,92855.47400242926,96150.42153677877,131570.72542617298,140543.64217208352
"Igarapé-Açu (PA)",982813.6628947706,2097932.7145582186,406131.7722921871,233128.3669907096,308405.0546087867,245797.30305659826,368357.54682805575,191698.8763016757
"Igarapé-Miri (PA)",446038.3593323313,72003.59456113086,125906.33106682211,235105.14314378382,309601.34313606133,191825.7266707468,333936.75252391107,203503.29933132807
"Igarassu (PE)",147380.40615260633,66644.09953319134,144658.90685811642,222852.69354046593,735794.5433149816,186598.92491028307,190138.58137327965,173600.84735715538
"Igaratá (SP)",53566.81740445395,49552.438614563536,54656.95375004694,59577.417969049995,57759.661874769015,63230.978621262555,80718.24465004767,49808.500064170265
"Igaratinga (MG)",99796.3667139239,75037.45978294851,76998.9281869062,95366.69523585244,99251.89481172274,105964.07870971071,114054.85023399314,121553.61270362046
"Igrapiúna (BA)",279996.8325217666,184015.81210132586,153688.87939528565,294128.52669541223,262616.35198146536,136045.30986021974,97786.53753177405,109802.73102807306
"Igreja Nova (AL)",177968.74075038006,208207.5105399768,134978.58855588626,124603.14243874201,155056.80912984844,143909.4778008963,140152.36277916262,124863.79665486258
"Igrejinha (RS)",76756.78436722732,204642.7803552002,97953.29959096525,98735.92149765248,115730.09717229148,113517.27218035569,94509.24309824221,110736.64867986679
"Iguaba Grande (RJ)",6200.522680674762,17522.716732674773,26443.353763911873,37538.831085751095,32422.21257990234,33637.954242013984,38611.713448918665,37329.78060470914
"Iguaí (BA)",341024.2988645715,377291.7482108739,227005.38989562617,215703.87238188792,240921.34410110078,290810.06330869364,244158.68216381548,253906.6358572445
"Iguape (SP)",233967.69985242997,192631.7745351451,161956.27151179372,117436.68446552353,165017.07467476273,275182.3787680451,227607.51011380044,93474.76153709662
"Iguaraçu (PR)",75106.74059432089,48277.8205263376,42619.57434140731,47252.55396105613,36909.197196625966,42316.07815459482,57856.89260873269,60324.71508464416
"Iguaracy (PE)",100629.76587419093,71098.05357434921,78718.15609509472,72823.53099441205,108072.44780511661,128965.42871707732,135817.40351309,106852.67879190411
"Iguatama (MG)",156174.25491899348,158095.85418060847,178691.30503088853,196173.23161754606,189197.1700395624,156309.70063204254,158492.43317971,160271.14069845274
"Iguatemi (MS)",1716694.7911671603,788570.5751319947,664342.5991498122,653836.0294538598,652984.7458172203,690143.9220698198,750822.5143651136,586764.8933957836
"Iguatu (CE)",154581.15055096472,238191.6029201703,294677.5991894399,345415.96557757235,353157.12896738795,392616.32265534945,449419.871889867,398907.60447289044
"Iguatu (PR)",9116.336983986921,35265.427886050755,29403.046324635136,29300.2278406516,32355.58176942323,29742.801379462977,22372.266131113553,19988.048461441114
"Ijaci (MG)",28854.48934231018,24619.38337026082,52018.786688838634,1165292.6149621683,190444.74069013455,518293.3931617359,1733803.5086131848,159912.65903212177
"Ijuí (RS)",169770.87389447272,158677.98461783567,400464.1848826631,437961.1973165725,503964.76780242036,486408.4248897659,456096.63447375543,446814.73212580575
"Ilha Comprida (SP)",8060.487262740919,14830.551242472895,17234.784931113107,23865.41459493474,16380.564951944734,25161.101682158464,16052.739657956437,12590.084285066501
"Ilha das Flores (SE)",135433.19453833014,19196.42417962795,31348.743429970706,30173.106350312955,38490.92275587887,39759.495012082785,30645.23561155205,33385.159196434295
"Ilha de Itamaracá (PE)",4982.7168327184045,7449.963537392463,15964.740723323392,15243.605812729349,14720.585541722397,17191.52764865642,19337.781523443013,14539.763762546912
"Ilha Grande (PI)",987.3741912181085,16838.18050616061,17049.40578539304,18101.535187942536,25249.9656764209,20247.126455073565,23271.579844765965,30663.90668771425
"Ilha Solteira (SP)",32134.429776405355,132549.7551782275,153336.98825832902,178091.95432236328,152132.79190444254,149805.69634879514,146935.00102095687,111626.89347789164
"Ilhabela (SP)",14196.245303611991,21873.765075498206,37996.372348651006,44697.30194619764,51113.42650669096,56256.266535666146,62179.09684522702,51532.138527441806
"Ilhéus (BA)",557081.6577537573,785966.6219809402,440444.7809073905,578679.8741832182,497389.52790741296,567875.7331535927,651508.815537547,743506.7996422258
"Ilhota (SC)",78775.48515140012,94906.0426363116,89373.30334775447,108165.36737613547,111369.54081416984,132977.7995297351,107297.19615517242,91402.85628287816
"Ilicínea (MG)",105839.59314384218,112110.01637544752,73357.26301012853,73752.38540922305,65922.118173222,65076.55954447331,75448.79406044625,83505.67109331918
"Ilópolis (RS)",129301.4470054491,84788.29156220767,75781.54384565885,42190.19061366819,85360.91227454579,38920.706497223146,37837.356356196615,29670.667727005584
"Imaculada (PB)",33793.19400359373,36976.10121757492,46866.06793995023,38918.48796652788,47734.4790649119,49631.968634060126,48311.552726388414,41043.04961304376
"Imaruí (SC)",98910.87537937738,101754.43029615068,159031.56391094442,116452.89034707966,103847.64757421579,114786.26880447802,109073.95021271083,98249.41866253939
"Imbaú (PR)",197866.85208430904,94552.27415221755,44218.168872622795,80786.33889434287,91690.90189927325,85867.72876388392,84849.5013525522,70529.47028183613
"Imbé (RS)",7101.881080476008,5982.547215521942,27245.833142062787,36055.86013461442,35821.62249524748,36910.75524258465,36362.3490490036,38920.89297634945
"Imbé de Minas (MG)",98044.79291946247,30818.2057109083,23370.993094172634,27442.094641561853,32190.94507309031,35344.73655898121,34691.514730970994,24383.96882740491
"Imbituba (SC)",33519.94455876468,34462.77356415559,118316.06285547605,230099.2613401996,250239.19922636033,279392.85193101264,299144.1093995746,285373.7596182651
"Imbituva (PR)",258738.0373052676,246490.2498291958,191622.6052032471,268414.90460963093,287103.6962399481,255460.97253459826,220789.13638891978,157289.4241854031
"Imbuia (SC)",46019.878271891466,51382.38856441169,44813.68190864116,42632.2589023595,46944.58742134485,57377.58758255152,46619.96401183001,35626.40414870414
"Imigrante (RS)",34047.34286867854,111368.64548228547,43678.02959217947,39876.16959655334,71019.53558439824,34570.79240414245,33738.586624834745,57003.10941277312
"Imperatriz (MA)",1156529.2782968108,934487.4509926387,863812.8486820207,1189965.878861091,1480547.248493024,1505391.7736335814,1401286.596113424,1248488.885003567
"Inácio Martins (PR)",449151.32694763946,244288.18527127002,267229.3367311875,216204.8869739145,229514.7074571545,261984.4103316733,182787.18361846986,82686.43209213618
"Inaciolândia (GO)",62848.94454972007,213756.63942878152,185401.62865637042,190927.35123687855,204174.29708906356,211929.22250593718,191402.81037034388,181463.40020133634
"Inajá (PE)",100887.17557761706,68019.94156309206,77842.11944583783,116841.30316575142,100897.64587889457,96610.21848616154,104301.26404028403,135782.53051465168
"Inajá (PR)",52805.823759543346,53806.760287171885,52749.009652524786,52139.07431604103,42595.00603131465,34904.83978685637,42893.246193490544,46657.72322465942
"Inconfidentes (MG)",50867.57881858069,60969.96785511522,48012.8808611166,39867.76633930815,38319.97896641249,38586.24309416631,37385.517344981294,35331.43925829538
"Indaiabira (MG)",256160.8012485796,236616.4515276788,125329.83323244892,143441.40951812748,189349.17157858238,171044.7931838843,164457.90236836163,193883.21578140822
"Indaial (SC)",68261.38724937072,75632.25166403581,148312.60633304983,156388.48008033013,148427.9608513861,166837.26514236946,164985.07070984034,156407.13539381535
"Indaiatuba (SP)",72804.81140896401,109742.50289657603,303322.53543064854,354086.9701797744,397160.7203359869,419224.7560370453,422936.81437396375,405866.84644532757
"Independência (CE)",438359.3066330122,389404.56729645206,244953.326841729,437495.4029152897,423586.5712248458,346642.2172418803,494529.3598290965,454367.34586430603
"Independência (RS)",65482.58200831541,56355.84194978403,77640.24373810993,96208.37024312945,76085.8620098424,72053.77716505894,74533.63784492799,77723.34930561802
"Indiana (SP)",37112.83627208696,35752.42886514556,40936.30859675108,49752.733274797494,49825.88168571177,49893.583345546525,47615.61819541628,46581.2908421715
"Indianópolis (MG)",235663.03050362627,144126.73635043763,108487.86838432879,117787.09519435425,138627.18464307016,262044.22229148663,226994.024677087,211082.09727803504
"Indianópolis (PR)",50392.66680069771,42871.501436105624,50154.281874517,54328.509229675976,56661.06686395449,62285.92999867744,58640.2348970074,68578.89636214291
"Indiaporã (SP)",74885.27516063585,73344.8867657003,56431.80501418884,78423.70534633708,78713.65839122652,85545.27327556442,77862.3129284307,78050.29146965411
"Indiara (GO)",441671.24611900136,261094.30769258703,254734.2813964536,664074.2449123847,1185834.9050913532,587198.4148377664,745364.7742748315,2285199.432790998
"Indiaroba (SE)",266481.3824645853,228452.8571599273,55792.725191376754,101754.51300192678,99627.80751362989,80723.81985076902,58545.37095905954,139561.97264492465
"Indiavaí (MT)",1000437.5602769466,636608.928090062,176230.14562107614,172919.81945257055,197627.76553899012,250295.53867030653,591886.5418475458,221081.09899478705
"Ingá (PB)",196057.93111704025,37790.84407295865,69782.86028285179,54326.80676536363,52860.053545316354,51324.2847256661,54143.4799347768,64249.93270573676
"Ingaí (MG)",66497.98423989039,53276.07605089605,58147.15263974299,59096.01820900274,60081.65797521291,66292.36359583694,56914.91824094041,50484.485958543075
"Ingazeira (PE)",47766.6170671179,26965.834348731532,31153.72496130162,34442.97637123694,43909.68689637925,57120.83352501592,57251.07820251067,40105.898489995416
"Inhacorá (RS)",10142.103769929221,18413.431758027516,21096.211922102513,24264.164372637744,21742.835224689577,22484.311142090515,24014.972406786223,22533.120410459553
"Inhambupe (BA)",605086.2808252277,458711.9188590701,204027.28380062897,190221.36673097644,220102.72972715818,204549.88734328074,206742.41271318222,222027.58522583387
"Inhangapi (PA)",589256.3939089818,587211.3642930692,169439.23522354482,95690.26956400461,147826.48264458159,96412.11004937663,188342.06069205518,126990.10918309104
"Inhapi (AL)",39143.26706402024,56578.01780805629,65767.86819814834,56201.278935580245,57067.682885161965,59090.95064482497,59890.10613616536,72287.40868072673
"Inhapim (MG)",305723.6376276029,87426.8214517981,176136.2077176145,183644.4054336204,199923.45932688992,241904.77521387066,223350.87513251294,210577.56097621494
"Inhaúma (MG)",146727.39495869583,117531.98522015712,62419.730521027755,57580.98121722461,60501.98321606278,56278.21220317082,61066.669844972545,53178.45847171607
"Inhuma (PI)",46004.16056266978,69699.12518479499,56040.90165082894,57914.32003650316,75514.55354923617,75082.00551579356,78729.14284357852,162678.85772831156
"Inhumas (GO)",280596.658274742,253688.41417634647,282507.76805709995,332613.3513584979,350418.5937292911,355926.4173336737,362434.2279770323,372631.0215987481
"Inimutaba (MG)",96833.17841006158,62410.03643034921,71738.43610355946,67578.65587346422,70820.23344339992,70484.58030164619,68343.44470489312,79199.86131537838
"Inocência (MS)",3637229.7159512946,2099215.2991517703,1200590.917172021,982042.3468686381,909513.0805884058,899173.8925810513,930062.2272840973,870964.9810489475
"Inúbia Paulista (SP)",26659.67545982191,30782.05388548738,39959.44182616626,50521.59385927005,64745.187549992355,49575.292147707296,38156.83771170926,33624.304310495885
"Iomerê (SC)",19275.908659870325,50881.6181565483,72468.37556772647,79541.6367138577,84486.77143943771,85278.95503589672,92637.36320021922,88597.60292665727
"Ipaba (MG)",45683.83557645468,39595.671593761654,38836.63615631516,44675.79940414417,31326.332838868337,40359.552771517374,26174.71080487531,27571.464105561772
"Ipameri (GO)",1625134.3257195596,1170793.902277884,997348.1715603521,1069437.4172580566,1080726.9200173179,1067126.6582220327,1191481.1412223119,906907.2182027018
"Ipanema (MG)",177208.11175953486,67693.24011493573,106539.04959859887,105253.4526570778,109704.46389467103,134215.92674039776,119654.2258127019,104854.26324656486
"Ipanguaçu (RN)",30901.139863201926,71884.60966981678,64585.67185835278,47890.61057396138,43013.886732653365,47743.51723529749,49671.64055970866,49786.01619553715
"Ipaporanga (CE)",39046.011153441956,39504.04489945519,41568.59015427664,49288.36022283991,55380.69008767805,65691.04232654221,94196.89145824271,70753.29802504662
"Ipatinga (MG)",181906.81662171648,141114.58328415328,911988.0161551778,4569780.2359144,5457258.370352828,4680861.855559817,3784791.983347303,5528130.777489583
"Ipaumirim (CE)",22686.74708662483,44683.80546563067,57441.812350349486,65027.614386907204,68953.22311242073,105114.9549482466,89207.35320163607,84963.89745954247
"Ipaussu (SP)",49166.95610014855,54351.36767767309,82824.90019768212,90510.2807891328,85498.8490185905,91537.86430697236,82187.73649310424,74197.65723769848
"Ipê (RS)",130384.62454274234,177970.90026202693,223682.50505981894,131441.71409350127,148060.90822064338,161978.37776136756,185323.68323870166,212750.2334898471
"Ipecaetá (BA)",74217.94926521131,50467.97399612482,79669.60519801978,42777.0620619677,63369.25034722286,72974.99824944962,75140.63860450433,58747.23446526106
"Iperó (SP)",32055.2960478254,30897.64697197961,62558.10677926478,50977.79333320644,-1999.7932874369012,-115198.38259637068,-122522.15899471812,-132441.98050253565
"Ipeúna (SP)",45484.97872976571,43085.27015095268,67831.48590682424,64642.20848936268,66791.52868362721,79622.4688287579,66482.28789799503,56112.413292930665
"Ipiaçu (MG)",103559.25524506687,99345.31366246284,101993.80846220096,228331.75316624372,175319.25346095054,136064.0385914976,132621.05270694595,111229.17238478267
"Ipiaú (BA)",166481.58214517176,73125.85155421749,115976.81371675656,118716.28650182992,124198.95111898673,138801.66327179145,132179.9519926419,153093.33184307496
"Ipiguá (SP)",11968.49464688577,38633.09149120636,41037.23560565225,33531.04422570384,37673.512166310305,37021.421077302526,39679.128729605385,38901.34166830023
"Ipirá (BA)",681220.7046552765,344421.45548865816,370870.0103484134,334319.4914702298,384253.4058923423,364441.9255005829,403634.1730426207,418666.87907716766
"Ipira (SC)",59506.8487321022,42717.79584313663,71620.01265238442,76469.7488741776,101626.48575573265,91011.22508634237,77525.4731385332,54920.636615859126
"Ipiranga (PR)",318613.05702023744,378096.08636004623,204319.8375330963,252043.01833670863,215364.889556188,179055.35084696457,163274.95516277073,106006.28196854741
"Ipiranga de Goiás (GO)",40303.10777873533,16643.613253114745,65626.67355694486,95523.93066259267,95809.6227644407,98636.48146392583,93389.676380565,87656.69427512775
"Ipiranga do Norte (MT)",2591632.7809367254,7997316.8779127225,2934783.2016287437,744870.4668804463,835469.3284996568,1190114.0970656942,1362287.2713519156,902451.2668821891
"Ipiranga do Piauí (PI)",23132.31775213157,34540.132154549596,31652.263398249615,25616.36802380588,28546.297890059137,32215.991382677978,29645.217138922355,64097.218178998526
"Ipiranga do Sul (RS)",33441.20290255921,26630.711914022628,32768.587218566056,22020.619348258795,28850.69841875613,26287.530578833623,27143.997047773555,28183.068707594557
"Ipixuna (AM)",163534.83461101176,316022.05661326763,327730.07373381144,819534.494319665,1324776.5952396307,1201691.8241830629,489518.29576174886,426849.6480268027
"Ipixuna do Pará (PA)",1955769.7436251265,2742731.397940642,1710882.4988054195,2446658.5957938205,5117329.128685853,2229202.172478024,3941597.0671328558,3665361.21102653
"Ipojuca (PE)",127006.95268022807,60171.47753026426,1156530.8149864045,2373928.338224783,2258280.4648038554,1059246.1028820225,1202153.834734246,1220847.863844099
"Iporá (GO)",390053.4100127108,324922.89151928696,310380.51586509676,372052.3964743744,413720.0087103048,398363.8854711114,415854.45112919254,444544.9433404747
"Iporã (PR)",328566.3774085897,217597.33802556345,182073.50657298623,168352.82068153436,189973.36424794103,172245.3103653903,215132.3673426901,170728.41100738265
"Iporã do Oeste (SC)",98022.28233255165,88393.01464271621,133954.11839307,166323.0924449314,211810.89114740977,207777.67523140513,215010.44412002526,196565.1856886939
"Iporanga (SP)",174261.33150045312,68335.07938081316,87483.91241703751,37497.34788073811,52504.899572678594,87381.97969300038,60828.82184659731,25420.107712476147
"Ipu (CE)",47788.1933215548,72837.52908214924,84900.54407160103,107698.38308880525,124907.15059883105,160984.9557096702,148914.25672547705,187928.5007126593
"Ipuã (SP)",68316.99463909058,90931.24383110832,108830.25224740067,105739.40295704445,107951.18878046675,102154.38901776687,104849.47174007531,102184.57066313729
"Ipuaçu (SC)",64376.07733737392,54722.90064835178,59259.7788898065,72070.68924630989,67104.02440894216,79430.37210256561,65855.63236754815,56220.144111749294
"Ipubi (PE)",84852.69791385479,106732.05027008738,78993.06874137332,143175.3548935447,159038.44605350867,177464.38730914952,197666.04676971515,161555.81348044478
"Ipueira (RN)",9586.157107502191,19275.47819325671,16124.224323808636,18293.36290450673,17634.604476551653,20396.38059862299,25707.26909707594,16505.063122161035
"Ipueiras (CE)",104809.38610114703,84144.36829347015,97460.88396224905,136923.64452276577,185294.57585928676,173962.96007648794,187764.69958798954,198357.21071851064
"Ipueiras (TO)",181074.8840696004,105122.10169852324,148373.8687454271,121965.17646556134,106057.7024707702,152451.88246854636,271287.0470114558,171896.82375733633
"Ipuiúna (MG)",79414.0314411683,82746.20047305,95042.09209508123,66817.31183206396,80363.40501486487,70177.47511378882,67846.73152633065,63859.93419917491
"Ipumirim (SC)",95188.3292546926,100324.37764367038,122531.43031712755,122596.13334410307,137941.14046185027,133693.81901401913,120496.78814516045,100649.45353755413
"Ipupiara (BA)",27929.817201986705,52414.50607600378,33682.9400757436,39818.82797876392,41635.090654133106,39900.75024826396,40544.35998173533,38821.475146123885
"Iracema (CE)",82212.61634348102,72063.52251875066,125861.6494435245,120756.07451331246,136981.6465217401,145762.42108997633,148660.15944027164,137023.46738741666
"Iracema (RR)",500357.48691500357,1650034.8164770592,1164178.099116852,1760186.2587463392,3321156.3643508786,2926552.9579091487,2643813.5741756978,6415833.056534239
"Iracema do Oeste (PR)",2155.499596495578,10039.701055455094,12958.23887539171,15887.605549947717,17720.90084012915,18967.730068585253,20824.752883296303,20266.229929172387
"Iracemápolis (SP)",24745.11461544988,29143.43198923715,73402.24638001273,85233.75224592179,83910.019937521,92597.34491901286,92535.25364550951,88626.66051792794
"Iraceminha (SC)",130493.42757699909,60716.15079603817,84801.60130342528,95016.08240129973,97918.76844945502,94783.33111418075,94594.50912065739,74485.41146163363
"Iraí (RS)",82149.17435668744,75732.6391675756,93558.42507113428,126015.1139987647,105654.25339379124,92477.87145794473,93619.83281040865,63834.64338520199
"Iraí de Minas (MG)",110703.89739532217,76457.02375249342,80672.92385267561,88904.93590024582,85298.90293299111,85676.17128460464,84777.45596221583,86112.71397687068
"Irajuba (BA)",108995.50140717861,43813.97044982555,63811.93549181147,60352.470156839205,53781.88801831345,51081.25015114915,67139.50520937613,89977.55439725913
"Iramaia (BA)",265303.42343504855,237383.72696669155,164020.8590133979,143092.96999822554,124215.94163167372,175119.92811118378,144876.37756752374,162698.79893416967
"Iranduba (AM)",426318.11778652156,352629.5983244148,937509.1559023241,395852.8016915882,311666.3461120238,305300.60856642126,395517.0477256881,776838.13950104
"Irani (SC)",146890.9084552872,111446.56524708371,133812.66343748782,147128.79302989467,150355.50138325122,156206.0496157914,137405.56619258338,109693.45045051038
"Irapuã (SP)",54661.249688946584,62925.83427425188,54637.396623341294,62896.422167270335,67710.03931342291,83760.89469262434,62946.37344483411,58567.21725043977
"Irapuru (SP)",58376.6592770387,57923.669423847,74426.04109967433,70665.83539143777,63809.69737825419,68480.09154190109,70017.10112697871,62821.00383992159
"Iraquara (BA)",190316.17056071345,112740.80950299378,96374.17427085439,132283.10931007974,138361.22622562022,112424.62933020656,134020.6614857971,147970.91938791136
"Irará (BA)",90353.53597016502,39933.888091408444,82214.18121851275,55179.15666924032,73504.18455452428,84568.20064692719,77260.8316146251,72567.09049070516
"Irati (PR)",208166.1864844763,182272.44491480556,283827.3083676235,352018.3102099818,450704.0523534141,326034.315182938,281494.0374274415,212079.29155544328
"Irati (SC)",22790.362274228137,30445.481641065693,30950.417013735885,32432.271918073147,33216.94281047485,36479.71327488509,30097.489092096992,26018.96915506219
"Irauçuba (CE)",207418.30665238388,134783.78069271243,148890.74890556632,116394.06757787416,183882.85399408205,161937.43114476235,132799.49163414,151126.09451187053
"Irecê (BA)",51227.07706231335,66357.71555495552,148702.31428688104,130844.68140152088,141798.7373654393,149558.1633005118,158878.6452544808,155570.18239370736
"Iretama (PR)",154160.70410245442,170573.30682169096,206486.63607822708,184076.3390285148,164638.02268176115,157227.39056567114,164137.40230238103,143334.50058870393
"Irineópolis (SC)",135120.7908750923,201591.74589291896,115779.74460475128,173750.87469364476,284040.5042392898,169073.1735336634,159382.18069270055,109469.73113980236
"Irituia (PA)",1795024.4253698986,2986228.2186637325,778126.0140749721,454335.79690820223,643376.4975788085,499426.83727542247,711570.1218959051,306890.2060552618
"Irupi (ES)",27024.038143655576,39780.78986231051,42159.6719139879,47898.72022942519,40083.0431172337,52059.85387443775,37149.63890307414,29608.968771018135
"Isaías Coelho (PI)",54135.46620715496,51310.221167440206,104919.57208213508,109762.90944210914,103217.19901045582,88098.80588104393,166472.2902684615,168089.57156842545
"Israelândia (GO)",167110.42924788338,173924.04921166284,132669.38995804818,138774.66635558428,139941.51550500182,139425.64351548106,138113.2440196217,273369.8347906887
"Itá (SC)",77147.0339210832,69544.79497106103,73411.46107078028,89996.53003770187,110727.9346669203,114151.753815318,108122.47172329733,93617.10782563032
"Itaara (RS)",112711.6365047947,82748.78525478709,51996.6263733393,45158.52655359522,158655.68265207633,37885.88312043939,26530.811525132263,27382.372659834116
"Itabaiana (PB)",79581.17699470195,37175.89562873642,74937.38820897146,59150.51703280549,60891.463285247926,60651.57883760978,61588.91042660794,74119.46662769132
"Itabaiana (SE)",90286.23603512743,80051.0044683464,158756.56265807673,234871.49573189096,254383.5646786392,287582.19996470556,293743.3737969547,292124.3798633806
"Itabaianinha (SE)",133384.3411473552,114468.94042475145,111600.74796753027,153019.14795248365,168997.82584716319,175997.32827771065,203394.43816539185,208936.40872368802
"Itabela (BA)",563278.6312590927,245032.88747323357,263859.72074872494,209308.5367299184,327020.9108502581,230638.91280308433,308722.2142405804,263128.28297583037
"Itaberá (SP)",328630.2288215684,313986.1053982694,249039.88433671126,180361.85572184055,179118.96077861782,195258.18547164934,154166.37762028712,134834.84671296453
"Itaberaba (BA)",618503.835948296,391730.2878039856,468739.2458320058,458918.3778050106,543230.5042692022,488556.664271223,515051.77094651747,577697.8362146724
"Itaberaí (GO)",600469.9798639793,426630.31899000425,487465.05966305116,637814.5132696973,645248.6822841048,607318.9549048382,593310.5092899499,597299.4831774011
"Itabi (SE)",59094.4317050838,43252.8329692505,50096.1063964602,38269.01996731371,46343.85095572183,51850.02113510136,60049.71112146288,51160.298255007634
"Itabira (MG)",742931.5481896889,498062.0544328416,509799.7570643157,560073.2992104377,526935.2276405501,572625.0297796577,581882.2907317892,582348.7188710853
"Itabirinha (MG)",84421.23952092392,48873.59179445465,58092.350068727486,50296.82087727623,43892.3956885234,53986.870751483315,54282.196000388234,46927.01901850903
"Itabirito (MG)",85667.61783893504,60905.6764677199,178894.01591703034,299062.69965737924,270420.5632072862,270288.0903907471,257798.0794202079,309330.4963854752
"Itaboraí (RJ)",267054.12386055564,135867.64538578695,381856.3943241241,378444.6444971946,367907.89350063546,396284.8846537442,399259.7800841044,548456.6432445563
"Itabuna (BA)",132765.7904222352,241939.89007476676,378979.8872571477,431820.2467364513,459146.8900176028,439519.9746074318,460491.9479537839,598463.8341981606
"Itacajá (TO)",308385.93419761554,775696.9428235588,636533.2104686368,716716.9133916354,693966.5667095198,588027.2754742748,756532.7259882295,656120.6675762911
"Itacambira (MG)",91600.21317371562,84713.00701506367,99444.32548018277,85242.69433673963,75302.65221516966,79946.41759622759,125326.79610076146,110439.68904346002
"Itacarambi (MG)",144865.72697320362,93734.65932174322,104839.28879597188,89257.7755290311,90736.09901335054,89023.11769191409,85974.27316005196,99000.55503352558
"Itacaré (BA)",346830.8217422876,180603.92438175305,66679.48427448225,216847.28492638769,170325.92340693407,263164.62267999136,199261.21354168485,153904.53088510578
"Itacoatiara (AM)",902371.993652847,2088635.9051769043,1446310.6986436418,1499885.690331008,1769708.864435239,2203112.356414479,2430636.6169089465,1568052.501037696
"Itacuruba (PE)",27773.50918578498,13972.075887284,12012.47432639161,20501.87482356792,18744.29043097108,17566.137043568764,15937.990684050787,15537.707103184612
"Itacurubi (RS)",269487.1523854807,351761.1293171847,322654.40365210566,387668.73165299796,474950.7255284362,363265.9898927408,253020.3784628226,290453.3756643576
"Itaeté (BA)",291881.40483683656,192880.22165105084,208380.43910523312,115551.15200149518,112137.35408001365,144861.29943958521,143492.3040622034,166221.32033081676
"Itagi (BA)",134026.04938612366,135743.002197153,59318.371102959565,112548.21440508259,113067.22057743082,91676.74085579299,68883.13520505028,108562.93385889921
"Itagibá (BA)",379357.0765357161,200119.52742648084,232749.06712771556,265378.7734644683,302062.25826311536,357257.27446719626,314598.13865647145,298131.70380503166
"Itagimirim (BA)",218991.5163968979,227279.6151907465,198777.2885395532,178528.30753376035,189226.55324717026,177416.03034885484,174452.45878807316,272643.41180561663
"Itaguaçu (ES)",107329.64526164706,94005.0321200431,99592.06094452868,76989.1971371142,91529.94045940692,99677.16584549606,87458.13273458004,64269.03161669088
"Itaguaçu da Bahia (BA)",417618.51059663825,160093.34871483702,138412.92752854904,107258.18108962766,112033.9328059353,127355.71565518824,225131.76197098562,208815.7225702319
"Itaguaí (RJ)",130073.70386928151,102433.76139313189,583132.489796419,219008.9020900446,223034.5941341505,308512.47302106867,439689.8810346262,479106.69782605744
"Itaguajé (PR)",73265.57659484496,56573.538201060706,58527.66812613316,71819.67790807625,60118.598568373396,60415.68851130922,66040.90839840416,74088.17595508395
"Itaguara (MG)",170189.73151377394,120256.70677584545,120280.3146022438,131276.37651162175,131053.89919698492,138491.87421606667,125639.43948951992,167551.5978693036
"Itaguari (GO)",71956.81059084676,73214.49681625803,55771.378239555714,76486.86096411008,80393.37358909234,70520.18182700314,74498.8875122901,70355.63774265564
"Itaguaru (GO)",100170.96318049038,85775.8905330084,71010.88014460212,81252.47695881019,88999.38435742715,77222.16694323573,93684.45382497497,99961.4234803449
"Itaguatins (TO)",198081.3156446264,254325.68409006257,199149.9958071021,245699.090119086,219763.4323526027,291423.8886938478,328843.5299638006,194407.6192262022
"Itaí (SP)",293667.69614056015,187811.4428521378,258897.75089549052,291521.7418753604,259612.9165247106,258171.34885929408,228191.2697484788,201094.49389069725
"Itaíba (PE)",184929.2359010562,138689.93684556577,278603.04059607576,186991.1709877244,195568.9959743545,205127.03842956896,237990.97260170235,254222.42279080563
"Itaiçaba (CE)",14534.336337211258,24424.158805095096,22545.233674435633,20607.18494426294,21644.07360780657,19664.72947256885,24617.420038836593,32524.36685533449
"Itainópolis (PI)",61209.22921061226,68760.2234555476,92586.66503515607,68252.34597453967,70039.21434243728,66225.50896673779,86128.86313588334,95438.76284804354
"Itaiópolis (SC)",442676.7862204727,588826.1093051808,551617.606536303,386908.1006560399,550423.7549705802,429115.70990109985,391434.30858251255,185672.4907743215
"Itaipava do Grajaú (MA)",201821.54912810976,331466.13660487725,359290.0218514087,360857.23102066736,397926.8320244045,279078.88817590656,421252.33601292904,473864.3591413521
"Itaipé (MG)",287547.002390504,222909.1174304224,98647.84151731331,283703.6448531244,168254.04054914374,250413.4366484515,229611.61512370346,225032.6486832516
"Itaipulândia (PR)",3775.442515168238,34012.445245838084,44311.090566632265,98825.46424906027,100873.77565269734,98246.83033454926,98266.9538982045,120830.49965806941
"Itaitinga (CE)",2910.9345418379594,28790.25396654744,82398.22483440138,117539.95353217112,117137.41053385593,133997.57039778354,145158.3247671509,142072.61233072774
"Itaituba (PA)",4726417.258012321,4929506.278964209,8587720.217960434,27666534.807642385,32136207.161090214,27676642.14858865,11326539.304733839,12863843.284080442
"Itajá (GO)",1154695.2475169976,554541.3077846805,475099.5730514063,423885.6415946531,425776.13317550387,421064.3773795088,488213.99843401805,448135.710803538
"Itajá (RN)",6771.939982312451,18159.90848120615,26742.877439840322,21383.56563593986,26751.85340799384,48068.383747279455,63652.66063911898,57197.869603657055
"Itajaí (SC)",112055.2665732068,93254.75862631598,626060.5346706451,478252.3992378335,599929.4437830177,584934.2005784219,569287.3758598844,578274.6291986094
"Itajobi (SP)",104669.83837190665,94003.3606332773,98975.35355527811,104438.5022605772,106931.38003025558,114524.50006891663,113352.14886612698,90206.60132756473
"Itaju (SP)",42438.21655671858,46945.810676244546,67152.01667186055,51429.24970360103,52443.68221931613,60101.06896552234,55190.74605196797,45046.647669697246
"Itaju do Colônia (BA)",254163.2631483,172373.21975107255,199149.68669973544,175133.20676551858,201144.5316714403,241868.03825276074,261732.81406684685,315981.6226519679
"Itajubá (MG)",72121.8370867902,86529.47483662797,203706.10327528123,166370.14240488707,156453.7446332445,164773.74856341176,154222.37032633685,154220.55765252336
"Itajuípe (BA)",40076.48713009839,70083.2379911458,55701.958388585925,55179.196386464704,76560.02346941992,70682.10076422352,66525.10432726047,100156.35977013898
"Italva (RJ)",114253.2168437609,68488.08529397214,80132.09919183212,81542.4436318145,87114.56764092916,86739.36510878368,88214.25611891421,82967.23348424298
"Itamaraju (BA)",861098.5462099025,831373.0478592012,880298.6815229062,619619.8744299499,856598.5044395706,643537.530807234,753630.8863753139,602977.0609236142
"Itamarandiba (MG)",888015.5709587737,753447.7703458538,674465.3998695954,585742.47847852,469210.14086944435,526250.4448333003,589493.8719947501,689939.061843682
"Itamarati (AM)",53479.1377482777,42080.52349650615,142792.4832176547,150530.8643557756,232452.25542706408,188739.04903469328,198237.89414068227,93969.25264446967
"Itamarati de Minas (MG)",27807.753082253104,27065.599908213593,31320.21708221673,27704.280162537387,33098.49477509085,32202.982650448816,31157.244905985415,29830.89024812233
"Itamari (BA)",94750.28063735036,25699.975005812033,32688.79474908508,29162.180884866284,67964.53048869454,62784.07338532228,32751.27202997869,43225.613869845954
"Itambacuri (MG)",734085.849197158,430738.88799498416,296225.33811554697,304286.50646891823,315180.7857301306,423780.05758579087,457050.86211779417,550442.8754775831
"Itambaracá (PR)",34225.00384468702,54156.880115872984,43141.58389172496,51555.07827531273,48223.84998496538,43270.153709702856,42937.95065276136,42947.10276808099
"Itambé (BA)",398929.4327367661,479811.8554914704,343078.6539260184,420303.1052850876,429628.4661492486,457328.74954837025,474321.92148349946,498344.65754478687
"Itambé (PE)",83354.196546152,49056.24678754327,70426.89935826798,72789.6826057729,75090.78839773592,76181.90266303801,80583.2888460582,81590.95810627985
"Itambé (PR)",33532.20584953998,32078.36704003636,39714.15799125502,43924.512278465925,37047.431710333476,40167.82065970257,45481.0399337315,44345.89083148723
"Itambé do Mato Dentro (MG)",123254.2471494213,100662.61477891591,37869.338885045756,50762.20558090634,48662.823640851006,57261.356972793175,57545.53304713256,48992.40866929599
"Itamogi (MG)",83614.6569621148,69235.84790708967,68662.20169628962,42324.183289658016,34756.21381574343,34513.417392930234,33314.04370386069,29090.323925351844
"Itamonte (MG)",61623.9081343198,49200.53773703712,73262.73722596167,64762.567916559405,62213.7655481046,71735.27440470758,68357.18994515602,70535.66977355692
"Itanagra (BA)",506816.68927971646,404314.3870295662,188583.67123526626,143615.76352920625,321487.5358334884,79378.40264623692,80935.09199749758,141940.98988663426
"Itanhaém (SP)",124292.7659972248,63608.203923007946,92085.823831839,140470.16248221038,171836.17710233552,137957.45011172752,284961.5783156049,136929.00154693463
"Itanhandu (MG)",32373.43758644073,38285.265156581365,67330.3544748639,82013.60118133844,88643.0884167655,90103.56147677114,87639.19821869492,87922.57902201296
"Itanhangá (MT)",385938.09448790597,2904634.340489751,1178224.5930492128,2292053.791843687,1314713.561424822,1410447.4212147375,1503244.919717078,1788001.9376913423
"Itanhém (BA)",816266.5229182345,1064599.8419464899,500180.10815790464,451909.9923734076,419569.4059257555,405643.92136510275,387152.6188579389,429010.91990729823
"Itanhomi (MG)",147783.3693090307,68999.88008118853,100169.10727946064,89760.53242395782,91247.14073963054,94329.25496764349,91203.42494356587,96700.9909500955
"Itaobim (MG)",159505.52113176507,43830.81014838218,124886.50317681834,156856.61123521245,129141.7079494229,160565.96189056535,139989.82232239298,122399.12548027991
"Itaoca (SP)",72699.39203605634,40316.68804316593,38211.541994192674,25657.404585824643,31381.894176466725,32545.170937799405,35539.39030973598,24793.395122116402
"Itaocara (RJ)",232816.15260363216,138329.4297773925,138744.36331059426,136961.23807462995,128164.78045972384,155118.42096962157,147715.1590999965,177787.66986774356
"Itapaci (GO)",348238.71248785255,235701.03121164383,270569.29022110865,353268.206074231,378735.6361266859,405553.67991148884,404905.99205707543,364741.05208799423
"Itapagipe (MG)",704244.9181090182,419917.1366389701,565750.387946275,520949.16589393205,531897.3163667492,528703.1232980915,495513.7898577789,561473.1747152723
"Itapajé (CE)",46640.09449668908,54322.89265093659,96250.88219773244,131801.01678354925,134965.14816934615,130751.15543984898,163515.92412326657,205559.05767304765
"Itaparica (BA)",7677.197878997316,40653.46557767031,28913.500134238166,21348.634788466683,25452.65607921667,21436.14870408425,19478.244914549396,18807.279690043153
"Itapé (BA)",144138.29523740924,159966.85562512046,192447.96395618783,190223.6197336708,180317.07056593383,165673.21411874128,161158.2699136887,180582.45258405904
"Itapebi (BA)",254358.58493891323,241379.36015257577,275918.1656762229,228215.68428291945,266688.18330143776,269741.6797244514,275886.321996091,436441.997378013
"Itapecerica (MG)",412177.7015724351,282008.4031591849,176290.06267201074,229651.8824144423,251474.30678318747,241537.78757164037,219778.28821224847,219226.1793703098
"Itapecerica da Serra (SP)",55847.74457301785,70891.52412430248,264761.1064731484,364528.7141463195,437194.625174648,408283.80791141896,444882.28940141725,411054.09023393237
"Itapecuru Mirim (MA)",284793.69218664046,667574.7539235825,270731.94519655383,592967.5849679052,311172.7771288387,350318.7643900367,435666.6955839502,686375.5714278829
"Itapejara d'Oeste (PR)",97111.5401170686,64496.426633407296,66843.01389856765,118246.2506537459,125668.79822081533,119283.52944879467,132300.85980296,130537.22194254209
"Itapema (SC)",16530.822477806072,15840.48696580441,66098.28863562421,91701.20037553959,90921.38377619672,94706.64502997909,98491.93206042468,94753.52154116353
"Itapemirim (ES)",296071.11983027036,193074.96921354046,217352.69773398255,278719.5698642504,271792.62447865837,280788.93666684267,296399.1518682248,409320.6780275372
"Itaperuçu (PR)",106003.65388411064,91721.03880378147,169120.65945378353,124026.86177097341,130114.2057449107,162399.33478552714,101258.29171046012,95153.47244133172
"Itaperuna (RJ)",321069.6272570795,312814.40479140676,431009.48668221943,442882.63850360486,451544.3388534373,512753.75588337495,490838.1277702659,499834.09166362364
"Itapetim (PE)",58631.095286254145,31459.521691304806,52647.66335703532,53428.433513469055,67354.39186660429,73522.15448376621,82588.86017978081,77135.11272179893
"Itapetinga (BA)",457405.57442519907,246475.61197185502,400644.0017785358,367885.7038962577,404440.2241041504,441261.032391876,436636.76114531327,454415.14326751477
"Itapetininga (SP)",1210790.4249372191,516134.2368262067,786539.1110244907,586038.2273324784,575135.0325387513,589836.2942029194,581147.6180776688,573593.2565949245
"Itapeva (MG)",60931.585288520546,83290.15082850485,122169.77754413825,79842.26885029925,79047.26976441164,71229.8093449224,71294.56334811823,95656.8126529615
"Itapeva (SP)",746701.8584439255,498647.6638557264,516111.64193909045,491009.6764651212,392915.46366756724,416495.304804414,381520.2080716984,393908.22605736484
"Itapevi (SP)",34384.340859969045,75823.65766772571,98900.2180655243,171539.42646718223,157551.4912018961,56758.252453173285,69739.83328957655,70085.54751356
"Itapicuru (BA)",237474.2084383022,190275.69583090674,173054.40276602237,243067.45201468302,334827.0702044354,398084.2202439812,316727.11778124183,236257.97208817376
"Itapipoca (CE)",174240.75221893124,477939.5587408563,336982.9173026508,422945.9604241081,468146.118472064,400684.5099187318,589835.3639597209,550051.5930286554
"Itapira (SP)",112899.15392768387,178425.5104078357,208443.5002120528,223158.31860610063,264784.31237482367,234977.98228535333,211938.98609483076,206107.51208002595
"Itapiranga (AM)",41006.65582840866,203331.78931184864,124422.88457389489,160341.73533162067,225704.10883741264,245096.10057464606,216200.97732086858,230898.1402277588
"Itapiranga (SC)",261690.01805659794,123590.80074461485,196191.65283294712,272993.42561781825,293892.0841293217,254185.13115376057,247593.9591703339,230144.6043622395
"Itapirapuã (GO)",1234163.5616281396,647285.6660583895,633300.7444972489,661950.9068061155,667120.1679689207,652943.6064878212,674237.7057486842,648780.4096789582
"Itapirapuã Paulista (SP)",181142.38779530945,94944.22802513698,136924.21599655034,48350.76940493715,57527.96330096257,54957.702256875666,26764.53078670665,16279.435700480048
"Itapiratins (TO)",148237.37238243723,637226.5161934854,511062.6430648347,274282.47244773235,282634.91955950717,319273.2220178687,633265.7998593714,451603.8108782707
"Itapissuma (PE)",9274.504486237036,10947.29733022896,17766.22899897864,42555.738487761,40737.277988105976,35532.272971568054,35931.91994346533,31034.769364647058
"Itapitanga (BA)",172244.63126627792,139029.02921332838,127393.34548500908,100648.40177649829,134222.42149808156,146875.41117236885,114517.83460494112,134506.75298376475
"Itapiúna (CE)",49288.21970247896,45536.087045098975,53095.87175897497,55831.823612597604,65502.245447308684,49685.007615078415,90934.0321165921,92483.44111750614
"Itapoá (SC)",51047.79975297187,72791.03731445473,57370.857355253705,63628.68874462755,102983.71759699406,169464.48868018028,115427.36582468441,110138.00684357654
"Itápolis (SP)",276533.14531589946,153584.90229313407,261077.61084095066,252292.65423130497,285393.43271390075,297007.63416811853,303255.65333629114,260454.98767632103
"Itaporã (MS)",342567.9992654151,361638.9100089311,289771.17753324355,313060.35086984653,317489.246204167,344891.56582864665,326924.8895518989,273848.253371795
"Itaporã do Tocantins (TO)",2271776.536295152,1642061.916890322,337986.8983183822,308154.85656947095,448482.17310841696,424773.44063622266,590494.9238094874,307652.0884183512
"Itaporanga (PB)",36391.18407100696,84026.94706713124,103511.54003820138,87542.14810803543,91572.29083861026,113808.31913015991,119295.75183399882,92219.61051201649
"Itaporanga (SP)",136238.1286126946,128725.75038592615,111263.80465930958,105231.97445792098,106341.9607230158,109346.45911551767,101006.87349096149,90851.31919566872
"Itaporanga d'Ajuda (SE)",330070.155760738,220984.17520161974,165236.33758134296,170361.42245084327,199023.46195664746,153619.92246992857,157740.70879100365,176397.48714987934
"Itapororoca (PB)",100221.31924600464,46381.418060829055,39216.51209900498,44733.34451852814,45284.6661375119,43286.47960974,46130.76935166236,45330.01290518386
"Itapuã do Oeste (RO)",924359.1321193826,1206840.1644603228,666868.0814190083,1592412.512363277,1398874.4597723961,1414947.480316646,1150347.4288552685,521542.2018633555
"Itapuca (RS)",90033.97685890982,85567.33883663334,64980.05864453521,52426.838604878314,103191.64893593841,40455.30117188111,41710.88492769507,28621.147499069593
"Itapuí (SP)",34648.16815844609,32050.168400545837,47263.86470686983,45752.74926560584,44555.71414712668,46012.39274571909,43235.46852156028,35060.87389196467
"Itapura (SP)",57609.49129410741,83275.4767590873,62392.626413776285,70405.47102051704,54174.31181838969,51066.49513858154,54736.05342851761,46940.03525426605
"Itapuranga (GO)",487068.98968208296,405429.4070995593,384748.28204383637,487016.32019000483,483100.44022635836,485103.63117466937,494195.651602178,519571.004730531
"Itaquaquecetuba (SP)",50697.528926201405,113071.23827912511,-166842.90493722778,333182.38085294963,333089.28823114483,317772.54559411196,328999.8230319694,353962.0912451197
"Itaquara (BA)",192669.69713233665,61848.9156350639,62943.8248203353,60674.84817529891,56650.29169330696,47232.044885451745,46223.60585114524,40709.39292974412
"Itaqui (RS)",1979579.6330544567,1512727.3804192021,1385943.2615324217,1452884.2455247184,1531315.3953681136,1469347.9489361919,1377580.8118449154,1428236.024128843
"Itaquiraí (MS)",1478071.655740433,710321.1973803258,542812.8007375468,497992.65296415734,512617.0234272166,460633.41035645513,477899.63906432973,420051.68918617093
"Itaquitinga (PE)",29548.936395785488,13271.462396341496,23836.119272166172,18538.79848630313,23501.44984274762,22523.415948379974,26274.75119382581,28554.035153829805
"Itarana (ES)",56274.92096592636,59462.66778642611,68103.45307595796,46397.891142365006,52419.73791793867,75290.52028370423,58945.83452257326,39019.054064172116
"Itarantim (BA)",434314.9077478757,255455.18757987377,307491.9813780423,326078.4111225097,354877.5770600012,388978.77820192697,391991.068037861,407921.2589603022
"Itararé (SP)",444406.81768147176,215131.92850785216,271916.9220501641,245949.45917135803,194606.23797471623,194606.59313527477,170383.40804638402,259921.14511565748
"Itarema (CE)",94209.9015669333,295956.9185819898,137045.31640217718,241138.28219636416,237797.76983701493,194811.93445345556,209087.58655860458,181829.55127603273
"Itariri (SP)",69416.92820698825,88609.54763287352,23588.035490208487,33979.098387283564,38036.258954018966,33727.058977425826,33887.56562688721,22743.43572653651
"Itarumã (GO)",2160956.628635356,793602.4917024991,785511.4729541813,765879.3221154967,713438.5701073012,717247.5514767839,731772.1367832173,759813.512664356
"Itati (RS)",49344.150143527455,29908.78678027133,38534.03890244302,43110.68066695415,44924.4429781471,57562.16240532275,37704.052202097875,32011.555490299965
"Itatiaia (RJ)",67709.77798471204,28723.293326081537,142221.42531099461,96764.97793772788,108026.96533054086,115064.33773260299,113832.81780967534,127685.91531685175
"Itatiaiuçu (MG)",98227.70510022494,51585.045685092555,141275.52494368906,147579.0170718003,160396.78587653697,206010.7079405317,212393.04017936785,212291.37935050478
"Itatiba (SP)",73148.65088074915,140657.8871873625,266281.41315749113,289894.78093215433,320249.974632291,344817.9891070044,328522.57019391155,309666.6222826359
"Itatiba do Sul (RS)",84482.07164445208,66731.03390644197,66883.83592271323,76045.292172981,85520.73411039886,88241.05793657422,77876.37583260883,100416.22762698276
"Itatim (BA)",100413.59391230089,52317.98249356948,211211.94605729956,297544.49163666106,319073.3227585032,274071.6026898665,311545.37075352337,311839.6647649225
"Itatinga (SP)",297717.82501640293,404245.11914334056,182182.2218383521,124998.19214111909,113731.5877430725,130591.86264817293,117969.24224094287,134896.3757517442
"Itatira (CE)",58892.42984507322,49194.15320814539,112073.55890618562,57472.44913540328,56112.0933880936,57923.68085094284,92181.60355268966,93121.51692967833
"Itatuba (PB)",131632.1453194283,37265.890524822455,51855.66506762247,42989.949986806205,43855.71993138535,47247.91331114624,62148.430932443414,58815.65903693212
"Itaú (RN)",23230.498128999247,23201.90414603006,16431.999367902503,40251.238020006305,38877.04704025971,39979.58715615053,43248.042032087375,28168.09754113624
"Itaú de Minas (MG)",39421.06727246282,50431.33188456207,89433.87324246767,145383.58812964614,49426.29434189429,54194.899699668706,54122.67387819241,50967.5905790843
"Itaúba (MT)",1105483.469754423,6105228.388177243,935285.0354114627,1013536.2237662706,1517316.183481708,1152662.3636996716,1170435.8033218894,1732614.4703968742
"Itaubal (AP)",34865.883336346036,21084.18695553455,40050.444560536525,66458.20603612867,54266.046764928185,299267.9038372047,119898.10798472627,55798.2141397496
"Itauçu (GO)",183820.61083593554,126185.85261203544,132807.80696850366,150317.16917961667,157481.49700107132,161227.0501609721,150921.2921337796,164281.2076462575
"Itaueira (PI)",110256.63440315172,109362.49249896036,75952.16073257144,143935.64176755125,122991.60485597738,149930.80213676207,271876.96077427664,235936.83239478554
"Itaúna (MG)",235089.11132481234,169896.96118678423,275149.6950237027,279177.6892150444,271638.4577331447,298050.1742265421,290824.1220793297,344036.8440241951
"Itaúna do Sul (PR)",58624.23707306451,37823.262034641164,49605.37622146627,66760.44535015478,57871.46542140275,81128.66411987471,87606.60681097489,75383.79587637412
"Itaverava (MG)",116766.99879669353,147047.96868583234,63238.285551703164,48668.118475820265,54287.73406591051,58258.52110956508,38313.59030595508,28723.424673550096
"Itinga (MG)",425878.84694659116,125228.89306961614,203367.8828864068,230192.3143019067,168242.0008096513,311566.0863800803,257427.83087344136,245455.16692602553
"Itinga do Maranhão (MA)",4994238.857787234,2488236.8207878955,1519182.8205869826,2353911.906725221,1960772.3433152395,3280148.898207956,1968217.9743613014,1412065.9154569323
"Itiquira (MT)",3883088.820501557,1984781.7658142135,1070249.1952559836,1337518.0952146815,1396579.725504804,1591222.1133033626,1624808.5357791926,1431713.1528669787
"Itirapina (SP)",145833.3092204672,193690.62052855964,182897.5160868665,136231.1062415925,124871.44891285033,140753.16572728974,127049.36516903677,131926.41756364072
"Itirapuã (SP)",68383.62512786695,54308.87858348004,55384.673688987954,43690.94457707316,47560.58708763796,43307.577878725846,38382.46162067968,32551.26167356965
"Itiruçu (BA)",194508.41043503032,74881.28352217546,64749.22168985256,38654.97422803732,52836.240878723074,60480.88587548389,52421.28942518994,53309.42632488504
"Itiúba (BA)",418415.9102296823,224097.36323059484,166849.79509327226,179163.3894840503,175956.0539922015,197347.27707277733,224251.29996837914,261169.90295040378
"Itobi (SP)",42909.5001905382,26763.710671778208,47738.585104711805,44770.10105916915,48586.94559812352,56415.21731060546,51434.68912065104,47506.36507444497
"Itororó (BA)",72711.68015336011,137008.75441799202,86223.54318327019,124077.08282097171,158049.305544619,161697.8757511684,130895.50251181357,129946.16692525969
"Itu (SP)",220408.2908690792,200088.07614478024,596428.7351390509,512906.49402034347,511200.3692298077,585292.3756089682,543203.2803815447,490609.32446676376
"Ituaçu (BA)",84195.66936053796,93012.04667005016,80740.59484224027,109343.51352787648,75993.90449236507,85995.25502407252,126526.74696489715,107982.92190841885
"Ituberá (BA)",146047.9646887794,133714.60202005465,92271.86358562433,186950.99646689292,215571.83406504567,179886.35900772887,133984.99526311623,238359.9884668854
"Itueta (MG)",303601.26230393746,58629.068404851256,101163.85217580391,60566.359967104676,68857.0865432678,81217.79552274522,93021.88603120508,152555.91288390994
"Ituiutaba (MG)",961697.0052434232,742663.7439465831,937642.2054508316,1055195.5441255306,1073921.280149568,994810.0817332185,996990.5092153754,970414.8790750536
"Itumbiara (GO)",996257.647676125,564118.4067789469,749210.539842067,785827.637842836,865767.1859090711,896471.8412454581,923620.8510909074,779953.2661730585
"Itumirim (MG)",34165.16013281057,39512.176140907824,39166.61702417193,45029.1586661939,52112.445804641575,50945.23302371185,43945.24812508539,39785.454115539964
"Itupeva (SP)",27401.144982337708,61421.66696892015,252014.44054483893,197824.0496668826,210375.06845211043,213728.6892289555,215056.00287728198,216806.505902537
"Itupiranga (PA)",1906346.8989303615,3973387.186712869,5407929.368750059,6627933.171795323,7965963.523612825,6633884.2760775685,20680934.45662838,3877055.424546707
"Ituporanga (SC)",133353.0597093841,102553.65233506203,141107.88166701203,142357.05599549165,155376.57055897018,188883.12627065473,167437.31737229155,115495.95829853354
"Iturama (MG)",1783642.3451766174,542369.879688804,543868.8832679096,574563.4027997106,533294.241255725,519539.22497460217,565372.330866352,577520.9602945341
"Itutinga (MG)",74184.15439810486,52845.13531153106,70665.96141786397,83244.7977450658,87713.9470226982,79580.10892186456,68584.3684112495,67571.63173071948
"Ituverava (SP)",188350.57789884057,133650.68148726132,190841.74259095587,215907.25399577865,194432.06895335688,215839.54699203375,203938.0631863763,183962.98436568803
"Iuiu (BA)",156926.27248377574,147113.12561619765,133869.9100324159,177486.3170191093,201084.5735633601,207229.64209583824,217109.72353596566,220679.19744450922
"Iúna (ES)",86831.45693612192,110985.11316886562,100164.39840112557,104861.62986756083,78727.8770425855,125259.91390556772,84444.73558962352,57001.1333272735
"Ivaí (PR)",208268.82683400967,419882.92830408213,327347.91046224063,248870.14543046764,270733.7428689528,168294.01040370573,166745.76993794285,93545.05507972062
"Ivaiporã (PR)",151818.8197958474,108344.48747066224,124146.81083833813,117428.94579930017,111292.39321869785,119540.30769586793,138611.31468091838,115823.62756474674
"Ivaté (PR)",66152.08379155715,128246.01962750351,135318.17839789286,130871.88894426316,139500.37926715144,127743.26176131185,152521.89719678025,140389.03416357018
"Ivatuba (PR)",12951.548847405284,8512.452994218922,13939.35384614589,18473.166974907315,13570.608201040532,12950.010062216206,17793.84582405877,15021.246200619229
"Ivinhema (MS)",1502113.4147015829,675704.7872653259,613464.6416028547,648592.3385343209,671213.5405884242,609497.0908538001,611655.3057487584,516684.2595106789
"Ivolândia (GO)",599612.3902321242,318422.1133525605,319262.0844954288,362580.93004913453,322531.96414708573,388727.20827339817,373171.0044627117,416551.2072111095
"Ivorá (RS)",43910.10879968854,39614.61417510071,64795.8805384229,32406.159914164768,49365.809439728575,38577.74465370045,26827.60851862704,31030.954186125426
"Ivoti (RS)",52153.68599984467,64397.81368422155,56325.82421056537,53737.132778514984,65046.632426684184,77154.54337587515,68563.11688924527,98602.57956418158
"Jaboatão dos Guararapes (PE)",179897.83701530535,182048.22705075485,787969.0691656806,512693.82212630444,764591.5255628179,765970.0135182582,726823.7853710579,707734.6140308937
"Jaborá (SC)",94915.71331733659,63151.31641416881,93951.98535728981,113336.33116941026,119443.0142673455,110779.42707750924,115814.04427050015,89914.66144075194
"Jaborandi (BA)",891156.4369365474,809769.1635165694,2348404.9021064644,2688848.7300989986,3138059.0870262715,4391481.646543673,5853538.263910618,2520695.941949941
"Jaborandi (SP)",56610.526917768075,66868.46673905691,55996.614103565815,59420.57394817411,54764.801081112484,51226.065837007045,64335.71513197265,51716.36779003666
"Jaboti (PR)",30967.811116473797,46518.31355520779,37127.668498269006,46073.964274767066,48456.703465923616,47790.758685222434,51846.23803030411,50309.76417244489
"Jaboticaba (RS)",43277.98202047588,29986.61075642336,43103.511061865516,39674.104452168634,41408.024077603826,40647.686816076726,38882.818567275666,28489.967900969867
"Jaboticabal (SP)",152166.1639777909,168855.6866293799,250216.64713047355,326633.8998990546,323013.70840738836,327675.97291989904,344496.9056951368,336438.7721798785
"Jaboticatubas (MG)",277956.20008551877,146136.87433565655,91052.82108448187,91155.4525490353,94946.44544210714,91053.55208938406,90577.29690684358,109959.39222025673
"Jaçanã (RN)",11890.712405573286,9585.31165051517,36367.28973422663,11470.391704727124,13041.008351903709,14248.673504513197,15960.260858487436,21640.86948735316
"Jacaraci (BA)",88133.89817088403,127386.40715872847,213863.2603145116,121892.63834362013,137239.13979327568,151321.21812825836,211193.39315897453,166057.91486733797
"Jacaraú (PB)",123568.61932312255,37920.37222621762,35563.0781882687,44516.99285744064,45809.379816651075,48273.85268821919,44593.58422803342,48712.828061780034
"Jacaré dos Homens (AL)",36546.184953264885,39374.16295744021,42690.90886629112,38068.83229146095,37074.18589155952,36326.63828391799,41100.79766319483,38245.98551923241
"Jacareacanga (PA)",902817.647925328,1962923.3894090452,1100250.6265732595,7478417.0361385085,7807034.637951119,7928148.0289796,5652297.299394477,5320290.426491347
"Jacareí (SP)",116317.5344837139,96914.16889424268,927025.7421958544,839366.7899493435,945815.2333788741,627327.0362104613,1148700.4461665058,813897.166076394
"Jacarezinho (PR)",195703.03449346754,312055.82166194986,329396.72697101167,375158.1744996676,388983.12109397515,401782.46227458987,420169.2066379504,376674.26922290144
"Jaci (SP)",40767.41621614307,42713.78402479132,52008.506287251366,60010.381713899376,60070.73857970374,57620.75820029326,56663.993988538015,50370.241968601826
"Jaciara (MT)",1111520.682595166,740645.6077983837,573547.5763742785,475316.9140248051,519910.8681896588,524128.76300949935,603581.6444340408,585590.6997290972
"Jacinto (MG)",412944.5864666183,218154.2783176611,240713.5825412707,271668.0973796717,309442.07231697766,261979.50470847025,242239.39129170342,279472.9349671627
"Jacinto Machado (SC)",177211.83711983284,89499.86533247147,132687.5884438173,192922.70815097858,161690.57919207655,191910.15818945723,156459.09584577545,142391.758703161
"Jacobina (BA)",286445.5126194498,290412.6104094583,407763.30920544214,290051.8131748416,292118.90123043756,363856.82653814805,412081.9083349502,419341.6659698382
"Jacobina do Piauí (PI)",78227.77679715378,251093.31599490336,159449.6735606643,103889.9546043412,109313.01836020987,145826.1804253099,178379.83890467684,126160.00813042863
"Jacuí (MG)",131221.5311324345,95723.96465101093,93451.62600732889,67321.20122454135,70618.1573849925,75249.65191434923,77860.24848426179,65015.800621003276
"Jacuípe (AL)",88393.62316959567,42137.29340054004,35710.31850565838,40213.23409583977,43607.74156062472,43978.894925249384,47509.35252286776,40305.43016860438
"Jacuizinho (RS)",77826.64435288304,32895.466543721195,74656.80062586164,56947.966691788475,116375.61151141439,60297.88145711755,60380.88140297333,168698.11954979046
"Jacundá (PA)",1260038.4924689543,2447932.485949679,1022129.189668982,1295152.9944204881,948384.4213552047,1077114.0297633284,1616193.1426335708,1235875.014116184
"Jacupiranga (SP)",182513.99208348183,126733.00416940691,251190.44021997423,196446.94666439705,208544.43411004246,316477.2475545374,186019.45564179303,175980.8585276655
"Jacutinga (MG)",61278.30953411344,78875.09053200508,89160.00320551587,81621.93586209962,90672.62551035667,86399.87555351484,83074.43481629137,88224.69665563173
"Jacutinga (RS)",60691.0580277657,39123.99507756647,39594.149267158566,37878.06945917684,43262.719122148934,44991.9775384591,43837.952515376484,41774.26326887662
"Jaguapitã (PR)",143810.63855513697,147702.01915566422,159893.18627615122,176675.08624585837,192184.61994315695,182992.1105519077,176912.6870541356,191492.73703230466
"Jaguaquara (BA)",541075.8660689153,167715.34821339746,295048.73958784674,228103.87413766937,239660.11128107682,276813.10157297907,255729.70428224743,239300.93118181624
"Jaguaraçu (MG)",139270.67480221592,53217.10425283522,25721.269552361093,44289.18220356867,46011.55255872083,57470.30036432931,63626.67324899858,124113.33644386973
"Jaguarão (RS)",687874.8128085745,622407.3350249747,895411.5536088111,675433.3557344821,848825.1831208665,833730.4952390436,713956.3147221651,633821.2341773512
"Jaguarari (BA)",146146.40603963658,233308.73682488318,204240.27493285414,183988.08663849664,276062.4570982858,416540.3059251809,301891.33370719914,250111.99328901336
"Jaguaré (ES)",186521.77622808586,192282.46656862716,171432.82618605986,121185.50764547348,147698.399669788,166939.81230606872,180608.86810304382,83530.67095579571
"Jaguaretama (CE)",185393.08728616862,181271.86602180902,208271.2973109205,181206.86544498027,203559.0101114407,247409.81933652892,258319.31205880648,249605.15500600447
"Jaguari (RS)",379009.59695930313,189267.37189758982,254296.35911739833,255724.36449260407,332540.80031555047,262568.31348578155,201899.0891205348,225045.55343722313
"Jaguariaíva (PR)",568074.3733014571,494966.79430273507,447476.6306904746,365873.136407256,349803.91698695475,410705.2771530524,408351.3270527128,349170.19904103316
"Jaguaribara (CE)",64575.80508543703,90684.46789622324,65522.51187100953,85193.23031288476,83571.88343760936,86039.66423492327,92947.85504551581,93638.43340899407
"Jaguaribe (CE)",173715.16892479348,221535.5454224687,300031.93054875656,292925.0650945711,260199.79037276673,254573.51070724963,308736.3153739114,326096.85888350604
"Jaguaripe (BA)",596639.233171667,306481.9538890361,88341.14267826058,125182.2919844011,174988.9896238491,139384.964207965,180944.37169492763,120904.55632404308
"Jaguariúna (SP)",35128.000712824505,33673.263792746744,83658.83936502051,121957.57845691337,137843.74045514272,126869.4515406688,113998.5137569556,112502.22057548242
"Jaguaruana (CE)",87207.87979253371,95520.94750419297,138587.71030244674,132584.06967674897,124265.34439785544,104876.42177327856,104038.25674722671,137140.66330212902
"Jaguaruna (SC)",105561.25625253403,74958.81987489987,118264.87091234403,161410.68863096577,168653.0059970381,171067.106587482,154328.61756430025,256339.8053719608
"Jaíba (MG)",232667.40530280583,346523.9493366759,391166.50520097563,433749.24890583754,408836.6342042734,452346.3593106538,405399.0332534523,446903.8647589139
"Jaicós (PI)",121264.1246493337,102707.39159784674,84723.20717579548,68696.46355553421,67126.84605878418,68658.25834288559,68792.60759651082,76664.43953002719
"Jales (SP)",186291.49718589702,113202.25171607983,248951.47448259778,297074.9589631366,290702.6709128044,272872.60578906786,283739.7178556466,265329.0056249451
"Jambeiro (SP)",62302.71574378147,45357.06797576828,56728.20568585131,-83393.97827195641,-108330.72006427206,-107184.7122835624,-122847.49760766036,-126672.95244579049
"Jampruca (MG)",133426.4809239807,82574.70357462655,74536.67833825052,67250.87341795913,73257.20532532297,76396.37867129012,90707.61332260043,114858.0942144073
"Janaúba (MG)",421929.8367841001,333408.86705880886,498837.4336433239,286154.08277599124,310491.944931196,323542.7442363851,351994.45539468207,408615.5519757209
"Jandaia (GO)",356753.08647097455,259610.4642723459,269801.7076389918,293669.05950896733,312474.59699279047,302530.66573761194,304515.71409495757,275468.4867492889
"Jandaia do Sul (PR)",56980.46772398391,52441.347566096025,81217.8516014145,96618.74058869429,107300.1776242199,104802.49252146498,96865.5180189032,94043.05908239179
"Jandaíra (BA)",271576.9958668746,418997.89763533405,185464.5006934215,189944.53713232765,480519.93879495165,188710.14148122538,103445.34858787984,114140.35795425596
"Jandaíra (RN)",75075.53937854816,47769.46838685972,43840.3871968102,46447.32892764909,75056.40059695611,66272.49678285197,82714.29336743089,63052.67355726188
"Jandira (SP)",16475.46429481514,39016.28038201369,147872.89784878228,119267.57124633116,131791.49610818079,141032.34354963718,141320.60588031614,130901.62495799034
"Janduís (RN)",35276.03706578419,18962.727916769847,23320.708221185232,25443.854437527458,27238.406835673584,29291.35604624435,37737.44395571616,35231.1347138532
"Jangada (MT)",244456.1289931836,373674.93648151134,252150.24484705724,336841.86313935346,299225.68563779024,433608.67662861303,378161.47085187334,606743.429196845
"Janiópolis (PR)",53638.75569426796,48954.589552826685,60967.55688898213,69940.1278212861,68554.23141065161,65688.51534240259,86208.78674623434,85971.12788108047
"Januária (MG)",849599.2906026663,760480.8055362232,620583.0207960117,781422.2759033315,1018295.6931918563,820612.2097291907,852353.9528238552,837004.419223073
"Januário Cicco (RN)",40779.95917216448,21486.564141934196,15877.125231429496,20926.8309723826,23458.90099374712,21849.64171382772,21144.668502426426,20499.228792027046
"Japaraíba (MG)",70622.59206924132,52361.80776146987,48624.30420199953,63427.67517341797,61936.6549218897,59527.954383596865,61299.34182469843,61047.55603000812
"Japaratinga (AL)",24844.806389366477,21475.960939109853,17936.805582738132,21125.56299479515,20880.28593629326,17129.77684042771,19685.883794858877,14058.025301246706
"Japaratuba (SE)",112446.36696566256,82343.00214224965,87865.15972154615,77285.84486363467,92922.13974079782,80123.09561229192,95017.097471832,64720.677315826135
"Japeri (RJ)",6943.990448627132,37872.740216478094,69796.22913756648,93038.90721940293,94714.92073345065,100882.04874158374,100037.08069991265,98622.98915662855
"Japi (RN)",26345.686995624663,26435.704758730768,18784.638186339547,23891.884097294667,23728.912682356033,27418.019257068012,33085.93162528433,38848.33750044287
"Japira (PR)",50150.838101264635,67407.6327964239,52399.13790686304,53090.76601765961,50369.90337325166,54817.41521996226,58335.6498373628,50645.308325397484
"Japoatã (SE)",111719.45673117893,69440.88594106097,87143.91299516516,64980.799139418465,96555.95224077412,81400.2648145304,86198.65983223215,107199.29473566625
"Japonvar (MG)",30246.631687526413,61250.087110765104,49573.91607783496,72166.10129017539,59943.76556594387,74900.64092034839,83107.071423834,95267.22324273939
"Japorã (MS)",73458.49672122195,177836.0578402557,107254.89133343323,87192.38142204612,92877.97913026008,94275.0401173096,90351.88449264366,85675.747994428
"Japurá (AM)",6772.194593139228,5344.352254947263,22053.709218799504,477236.08801530383,706403.5016160184,2529421.809984712,1872381.5755420893,1002997.4260877712
"Japurá (PR)",32091.798694688878,39631.79336101968,42661.0947019522,46305.937351506895,51252.179832206406,48552.21221843965,53338.84932780846,42034.25593755804
"Jaqueira (PE)",21235.38444354516,20684.09839487617,14182.8101367127,18611.775722586688,22351.186511424097,24553.92300781517,24823.14423648617,24094.6515326818
"Jaquirana (RS)",121975.16596568897,122760.48386776609,238663.269137319,112151.20649366111,111570.66294149075,194168.17002815948,98246.5446339048,123166.18253045442
"Jaraguá (GO)",603394.9630548449,506914.17148148804,535040.0824907438,599649.479033275,621331.8219242659,609671.6059729686,653937.9377425913,719256.8624802723
"Jaraguá do Sul (SC)",120623.12092255983,163810.72543804545,503638.8937900505,615380.0056079053,594812.1301274305,647654.2835666321,620945.5223187384,587111.789719094
"Jaraguari (MS)",1360951.739661706,882045.0513853085,609968.2250654127,579735.7972189675,686890.1369791395,507786.5573705627,521011.7344828731,578306.4602714108
"Jaramataia (AL)",18765.030212884485,25378.54026058984,29471.363025309027,25771.962893903536,29335.82751250726,34343.483179463,33869.42297097204,30410.6406658802
"Jardim (CE)",80267.06738028515,92116.60421918836,72055.80098073377,108776.42127690201,87453.75859297389,96321.85625917223,135618.72176287454,124503.68605290345
"Jardim (MS)",1251674.7846856054,807653.700601332,524168.01027384883,616596.9240735868,661814.9875902046,567263.2816499922,578204.73838039,693220.4794466776
"Jardim Alegre (PR)",175042.82052087167,76247.04792792082,96092.45105979788,99039.48712034705,114147.25489308404,122799.8440565632,137520.19294417015,126265.65185331242
"Jardim de Angicos (RN)",47028.66209410844,25965.40749995126,16048.971507788661,29090.29685458483,38268.8681261799,41366.6796209478,89521.20731648877,56582.933407148754
"Jardim de Piranhas (RN)",53649.49102391504,33847.03580414899,48292.54118053513,66862.79210236133,90880.10725262377,84621.51288841263,95050.50505482154,101844.99295225313
"Jardim do Mulato (PI)",1506.515765814944,17163.845155297167,10983.346533804424,36945.62328747424,46027.359201994004,44611.05656918954,97214.14146821898,384592.36536747264
"Jardim do Seridó (RN)",55794.01850364751,31005.84250130702,47603.857971825404,63986.770479982406,59461.73042559352,65406.0638400614,77507.08742381303,69689.92699148273
"Jardim Olinda (PR)",44187.59925031463,35551.04437013794,39346.32745964608,31558.936882277892,32320.46885089039,31673.29015329459,45665.76750539104,42319.084555062465
"Jardinópolis (SC)",32680.162139441945,31000.806558102988,45998.43033746461,53182.937941933014,44499.893020596195,43566.8584690608,40813.13528410578,34481.641279423086
"Jardinópolis (SP)",231217.22827332024,116358.1651158427,180192.57365066712,265976.79500016663,286714.57869440934,318023.340027373,280627.04771286505,255305.06822317743
"Jari (RS)",172704.5829259072,367394.23512334586,286597.7212073208,241103.98796820594,269977.1222458156,252322.4135313249,172782.8500331724,223993.35323515494
"Jarinu (SP)",41662.24035437739,54965.16054409595,78248.93555340396,91834.16962527168,123897.62029055158,116355.91455822122,111186.45727812966,94647.91548464767
"Jaru (RO)",2615891.6094732434,5140793.536665126,1221372.714639348,1623065.9805842335,1548571.0751365589,1982008.1736229393,2080107.7148883874,1433303.521732178
"Jataí (GO)",4003781.5110461055,1788484.5097664678,1623528.8018330918,1785310.5466853546,1915285.8863945827,2009656.03745037,2141142.3297601175,1959250.8793107697
"Jataizinho (PR)",40386.894992432506,41456.58955023816,57219.89442798741,59155.484570378896,61443.39152289827,70770.86981935141,56735.39251548793,51397.07321736137
"Jataúba (PE)",49128.93943596839,71992.02001109562,51939.151903900776,74642.73882227638,65894.89350026892,76546.01599103975,84282.53111353068,83626.98455951599
"Jateí (MS)",943512.3703201554,481174.2871656535,445288.8699128501,394760.22971807123,462951.828445042,405330.03153707564,474499.43636601337,381806.445035049
"Jati (CE)",65395.022350700965,31081.413230948383,33567.80478063129,104980.76759139932,115313.7768565146,104784.91554670723,79328.5732576898,77121.71687270308
"Jatobá (MA)",19410.94930208888,203148.7616871834,108973.34995942203,215205.28195515007,235107.8962754422,236752.86034479694,321160.40221862873,192621.97729550445
"Jatobá (PE)",3937.809056230006,26902.36140579999,25258.705598764944,42041.74212082888,39264.603641174814,43386.4700906532,44030.19563709556,58420.21102721549
"Jatobá do Piauí (PI)",34252.3007433185,57024.2756343907,51491.19714838804,124096.10276665413,122104.06198434198,87323.19361636686,77073.2194331864,76861.74590203463
"Jaú (SP)",173963.03066196537,164247.6078063702,294895.47368130664,326831.4682246544,301232.98091166164,340215.32047211233,313482.9705160203,270732.3948300226
"Jaú do Tocantins (TO)",485184.5350031644,432985.84377692395,448295.2396861452,519576.70125643385,417165.318800452,601367.6887478505,636866.1098551345,525209.7366114918
"Jaupaci (GO)",167258.06843307804,149337.03627103826,131000.39125227115,131995.98212360346,137045.48950622306,138259.28823816788,110347.75481362859,159490.13395626447
"Jauru (MT)",2473873.1519646803,961876.5190472315,503903.9540485075,467848.1936891262,500518.4013281025,584000.1161838499,1045528.5657680553,557952.0979616684
"Jeceaba (MG)",74561.27817474135,51865.862665784356,46312.33271926272,37219.86693222045,30149.259405818062,40629.98161247449,36922.63365872036,36253.45310688214
"Jenipapo de Minas (MG)",83763.50225376272,64605.641830717366,68272.96451817737,49446.571271409695,64194.11270455718,80561.65080898248,54354.64956363138,56625.50296808702
"Jenipapo dos Vieiras (MA)",299508.9742406167,536623.6847654827,394947.843521986,370933.7804813679,351701.4021407741,379907.05609814596,506787.21057370235,582274.5621527843
"Jequeri (MG)",155254.16569966482,112654.31194552098,126711.70103979147,142665.26588458192,177705.81701633663,191720.5360646422,172865.03169635733,172254.10505147747
"Jequiá da Praia (AL)",68949.4438755236,11061.32508219398,38386.38015733578,29227.944226325235,30558.860771041243,36200.66320457981,32430.606030646453,29337.92284941832
"Jequié (BA)",900637.5253509948,596042.5823772345,456279.7285381125,484127.7935389849,543946.4032972432,612341.391228177,535827.757422161,595352.2814458893
"Jequitaí (MG)",428185.27044565894,296649.5704809028,222324.43397900125,166357.18648070848,232770.37343696982,186634.68124691412,224631.74268101493,212261.6869569028
"Jequitibá (MG)",186323.86709111673,100637.94910093161,58160.949296297505,57216.15384044116,59138.50367498875,55976.99876700504,60047.192492447095,67649.67728613694
"Jequitinhonha (MG)",676274.9660799871,412759.97026244336,811909.4184103543,473883.4807538317,479125.5607035912,481364.8933020969,396926.0262048808,657452.7201456308
"Jeremoabo (BA)",276204.5156584752,209744.97201098787,278277.8925411307,272758.55427828844,543178.4332107265,578978.6224499978,517701.7984053645,507750.0911467993
"Jericó (PB)",16377.61944709322,13553.048330131749,27525.9594794663,40357.43157619078,43536.657475929926,42392.27967375773,36363.54031115166,32492.185677051224
"Jeriquara (SP)",59934.9231356779,31193.391280749296,30705.61930411005,26894.686662686767,23451.974564688757,29867.41226591179,21762.450083214375,21225.2561431186
"Jerônimo Monteiro (ES)",47103.94132326368,51920.18579624691,67838.09067231674,56957.18533106506,55742.263847318376,59117.411553207305,60129.40639683657,55256.01367299219
"Jerumenha (PI)",160402.65951035442,78804.33114575634,121626.72731540876,342538.342094254,403398.16808185837,282528.83836593886,346362.32495582895,1189717.33820639
"Jesuânia (MG)",61537.98013055061,39887.107670073834,42098.8376337455,42431.272748385294,43151.663091123155,46069.11424319779,37393.071729971045,44248.62052515364
"Jesuítas (PR)",31539.479240969107,39122.101185526844,61390.98600353516,75639.84394985015,73339.17464956468,70341.97362709313,87122.23980738134,90361.92382299558
"Jesúpolis (GO)",30113.531024393444,38788.533286477614,34325.50985487634,34720.234199231956,37233.50489364393,37782.12054179347,34901.3491018262,37602.32395223155
"Jijoca de Jericoacoara (CE)",16775.62901491038,169784.65493343998,27824.86767945606,37361.15489205141,45247.335595316035,46880.648046545466,63867.696252442416,55001.03508024717
"Ji-Paraná (RO)",2702151.4436384514,2823897.0581863746,1260436.8159637917,1429985.77649543,1449436.2423669985,1770092.1280816211,2185726.8640507027,1318155.3952141455
"Jiquiriçá (BA)",194408.91047714642,126876.47618181739,41516.668692405554,69036.71602819902,125379.21284750148,81103.78306726436,82494.57623588313,69713.56624687203
"Jitaúna (BA)",112269.99136378881,74215.26685609123,56319.576860571986,58173.969437302105,80321.8741985668,87789.91054907344,56851.84357981197,67699.9173922046
"Joaçaba (SC)",103598.26095738779,82541.64551483947,156758.70046922573,158637.03002762314,173289.04757604215,165534.3302308595,172594.40066617623,172555.07099981265
"Joaíma (MG)",404434.8748661974,269292.4949912509,363098.18855696317,364805.6738058545,361130.52911654516,318901.17760581296,314720.6510755793,413078.81803897035
"Joanésia (MG)",171226.49580467376,111028.56665529229,30797.811669378498,69875.67394125758,72306.49272503277,72795.5894439868,56748.71746093651,75499.53315803195
"Joanópolis (SP)",65731.8149278618,106718.4438255276,89660.5924240449,83866.4882937513,68664.47607750645,73246.49956338744,80413.85418545533,67747.6183197752
"João Alfredo (PE)",100938.3037630965,35088.021515796405,35246.391901234616,33889.45427807957,40361.2540606662,36986.10985049593,40768.825625406804,52971.952371892934
"João Câmara (RN)",254156.6719062657,137915.20723322468,94121.65582711056,109713.89846860297,106207.108547223,91544.96006383987,151125.54940875902,159126.6311884999
"João Costa (PI)",4169.0909986650395,43350.72603750495,26636.208876359004,43852.27156938378,66642.1691606421,69705.78333549654,67327.08907348564,93810.69529015782
"João Dias (RN)",5620.771144963016,5035.308460891259,6421.844230132016,7822.398772950376,7906.7429845731,7941.533801021219,6919.623673162229,7824.11917705702
"João Dourado (BA)",123256.64203048167,60626.12203036257,71149.62648000117,60773.73834020668,68751.81826974334,76707.69728941974,94039.71361839712,87906.4688954439
"João Lisboa (MA)",1311384.5003273818,621501.6884092645,854291.9895025674,413495.3760966246,358583.23829342355,516789.5478216429,544898.9845116929,325978.48304156086
"João Monlevade (MG)",59773.06292559312,77135.89067333279,139953.8974360505,2003219.1949502686,176045.69248046874,168647.89813906947,162285.07097236623,277221.45153215504
"João Neiva (ES)",61896.85249150519,49210.677058294226,64267.52560960438,93103.10294276848,89114.98743749903,102922.95283685897,81782.87370341257,69821.01536566131
"João Pessoa (PB)",149935.9186253261,197186.03684492267,828830.1245677437,1105407.145315031,1884561.7244982044,1047735.2986922223,894255.5037339074,1013206.8102087043
"João Pinheiro (MG)",4304409.932044645,2589533.9666559403,2038182.346823254,1981788.2629877513,1839797.5917939309,1905364.013322757,2368166.935232234,1999596.518301156
"João Ramalho (SP)",124379.92670022538,114242.34464038358,112855.1768998214,86463.43617517996,97813.96821355882,75370.39932393977,74781.39082021057,72981.5462675283
"Joaquim Felício (MG)",82573.82064122998,95665.14671036165,95338.30486643592,75042.30357901326,75331.91892581987,86731.79098170517,119203.30054842036,85852.45354262248
"Joaquim Gomes (AL)",186935.32655089887,83720.41708422129,67149.78322916315,70556.7172046609,81068.2859199976,84031.32301327263,82258.94137243087,73730.27928643051
"Joaquim Nabuco (PE)",49058.472982949046,18917.1326995818,27767.212561200908,20128.04271922535,18267.61965977029,19145.31284857452,22826.662222983156,27585.295076722887
"Joaquim Pires (PI)",262206.254808632,172905.12407455078,180038.91249863966,111663.15801527431,103342.83115915477,129055.01146650259,193294.6790314365,184577.91766074847
"Joaquim Távora (PR)",115912.89694215165,116107.47813362749,165398.5192211492,223382.5202458106,215438.57626225654,202457.51986598218,199759.44626740215,192375.94010437198
"Joca Claudino (PB)",2176.1779347989846,5942.126694887321,11624.339588419276,10148.924115267015,10584.546201926876,10275.264067796243,14066.713579675546,9309.873058438001
"Joca Marques (PI)",21316.75001603127,30118.66128926279,52192.004422763675,41501.87226422789,34739.396616554004,25758.183690400692,93923.28820002756,39747.5690550843
"Jóia (RS)",288995.7222906933,254810.02840868803,236568.7578676571,239525.15091325334,271092.888765072,279371.4645883809,189030.36556587231,199729.1565435339
"Joinville (SC)",558104.0251181584,317730.618537355,1052243.399183469,1015329.0740570138,1117634.9364376434,1225301.7437627781,1159918.986618055,1095005.3686532732
"Jordânia (MG)",163633.54925482784,95809.29494632251,140348.39400353198,160887.62617696423,170830.4209822023,150822.43399531476,117954.97846765156,107582.02776526882
"Jordão (AC)",7615.44945966892,179437.39930565038,304672.50854135124,885509.6706360067,1027666.7006807924,1159736.0380121814,538086.3711822731,667416.8806771244
"José Boiteux (SC)",67908.41818462247,78050.15306897041,103497.83211040191,62154.57790448791,53695.040403267856,50088.487525768884,72695.89665414391,49066.99889180988
"José Bonifácio (SP)",340725.4699692305,274037.36070178583,307972.4278330861,292343.3330269974,294603.8604414202,284491.80136682733,292485.2256953172,279497.81466667843
"José da Penha (RN)",19972.960983929384,24345.28106397575,24478.77511126732,29604.30906904447,28489.77403624411,26892.55790218027,29007.950873414597,31489.155932941892
"José de Freitas (PI)",249245.65346081645,249917.59965101685,214847.06667665456,439051.0974743829,289670.60423601384,411034.8091120229,424441.6041975686,412723.4334879767
"José Gonçalves de Minas (MG)",28259.8058150642,94586.31195356202,69397.35480669493,81155.0777366465,79423.29094181904,47699.128866424384,62683.513026704095,39961.64061320544
"José Raydan (MG)",65199.571626747216,56642.722469598455,39696.3486266819,48701.422847477406,57246.645610572275,104585.77737719697,94512.39214557516,95004.2808786864
"Joselândia (MA)",244034.99081767286,168559.14036857616,111708.79678230808,223346.47138425923,240671.37919966175,198236.91646197194,280344.64981531544,267731.0433485491
"Josenópolis (MG)",235820.5087906358,95273.87249347934,40561.939242726374,43115.37401559873,53281.96977617563,48784.5667554337,47292.72781565544,53091.438581054535
"Joviânia (GO)",171456.63676026752,122833.65505814097,113328.58461200196,134300.962467597,135332.8582742214,152501.12719549894,150465.17076962598,140947.36369352313
"Juara (MT)",12463578.142823126,24689611.642016537,5978032.653592426,8383709.240721594,7710935.517605456,11174265.339258684,9784874.164007312,5756452.881750963
"Juarez Távora (PB)",63265.51603079873,21914.404020529455,21254.75544845751,22950.41183512084,24096.55094132454,22778.285344241624,25009.413544040548,25041.780543318753
"Juarina (TO)",719398.8181140051,326647.0598241445,113157.72509264875,126951.85915709878,150966.5664701964,308019.6073660231,359087.273999449,101397.70063381603
"Juatuba (MG)",51700.04176191539,33212.97719652047,49194.20511405881,53084.11354133151,59856.84811692545,61742.463706768605,64466.08960439649,73508.34930589092
"Juazeirinho (PB)",31966.9897012109,21905.099407601076,32693.318225311774,66547.4345870071,71399.00034115161,61188.48136977816,62295.867846879264,62113.052219813886
"Juazeiro (BA)",379158.8340132832,677482.5777036197,684431.9416578523,1170997.4713964723,1271418.9700817605,1267350.2194268808,1236915.9421308944,1301331.70760913
"Juazeiro do Norte (CE)",83907.78315723794,109490.3810151433,274965.2854639179,371814.28827000345,372402.3531212297,406068.91489747254,427973.6325701343,437363.62562419294
"Juazeiro do Piauí (PI)",40493.084877257905,49745.384263215376,55618.28694524314,50899.03375166237,62676.49679874177,59474.70415809251,62292.720380696774,51805.703839795
"Jucás (CE)",66695.84806286667,84967.74827196148,114673.35380155563,164516.1728148491,215206.16988791022,235940.36668967924,374219.5801444541,277355.56305969076
"Jucati (PE)",1695.1370655799783,13832.271552029362,30195.123316627458,25830.019859534168,27931.442056929478,33271.42715028497,38622.316169274,39962.20229405837
"Jucuruçu (BA)",732977.5739084465,911827.2349048692,520426.64401515084,558961.5846926711,494659.4687059113,376387.9171982474,361040.75447855453,358146.76996076264
"Jucurutu (RN)",79801.58748318309,96951.47684707632,77924.58873589772,156278.25306533548,154868.9135143703,125753.31330353612,173403.42819006598,156382.8311764334
"Juína (MT)",5451826.186050233,12969770.268259976,2848629.3395827296,6621242.586065164,6865621.7119086,5950583.714159931,8570127.60087188,3565050.5232321215
"Juiz de Fora (MG)",264367.72581282683,333818.1794002073,1012736.4131217427,1076680.209899024,1315866.946456904,1100636.873091979,1111699.7459328247,1131079.3388462658
"Júlio Borges (PI)",4379.499879451787,60346.198982826536,65089.89097566857,130299.81903745017,73375.52733508339,71641.66368828891,139769.4541510086,283887.4141755734
"Júlio de Castilhos (RS)",769171.8259526443,759951.4295332433,434321.7293693421,381621.3655638336,374709.4417031116,311693.8886536077,302748.4064815789,321164.91134519724
"Júlio Mesquita (SP)",42849.49808131074,38090.947652145194,40297.12488977112,43400.20403024096,40978.17439594476,40103.231928549954,38908.34593106053,35282.21502002466
"Jumirim (SP)",1498.7760337302173,18227.14106036992,21057.47208226431,22366.327556777404,25863.810370293333,33507.530600627906,33009.63172135598,32447.984521917937
"Junco do Maranhão (MA)",982820.409803793,3544439.66069065,181494.86081160995,198566.06086795006,95544.88117979951,216772.99738358977,377997.4444728123,112871.80533470286
"Junco do Seridó (PB)",7113.915669447891,11185.265129105372,12986.801180798908,26212.691743121744,31878.528098060822,40108.54103981839,37435.21061560163,26873.726310986483
"Jundiá (AL)",20775.870660817476,6083.524143146849,13058.664674858077,22513.324049433315,24708.856618011287,24361.03944006956,24808.208334185645,24972.185543039777
"Jundiá (RN)",3393.9304401257355,4102.479823606304,8109.97471717629,7784.800258405806,7512.752252727679,7624.761399259108,7598.67430950809,15077.613694767684
"Jundiaí (SP)",127888.9950336652,196076.2642977731,807573.4355196924,824825.4532754507,924162.5713819021,978963.2985316792,955431.238020984,933085.0373996414
"Jundiaí do Sul (PR)",125526.04311079485,134599.7007036372,102595.4597581978,93289.27968346531,90272.85385005186,89924.17281528394,95550.72591432092,95063.53330326243
"Junqueiro (AL)",103136.6872444784,40022.072900873274,57936.66269132216,77024.44354195648,88383.05754488375,69224.30354650322,66614.27743261319,68425.23729392844
"Junqueirópolis (SP)",165455.09295902896,168803.9225794247,224704.64606583669,209256.4366439377,205380.6088015492,210151.849845228,217915.3461870817,193227.07582200086
"Jupi (PE)",36535.91827660482,13483.744507211051,30345.120256758764,36642.04626390968,41857.30180393521,41575.027305424315,52386.665534849584,53830.85013865334
"Jupiá (SC)",28941.434147001688,34992.045218973275,41511.26072196171,45338.13386844554,39330.82512895968,45726.61721949146,39855.86772481531,33542.34230196008
"Juquiá (SP)",134996.72004386678,91048.1916212523,142532.21137780315,80985.237835223,80899.13785227979,135244.9478697365,79125.93553786675,58596.90316595939
"Juquitiba (SP)",132906.42812370838,80406.72719184478,128430.2721879442,117339.3429116154,118544.40829663695,111050.94490131846,180314.76175095318,97235.73995546631
"Juramento (MG)",86097.08119101402,79892.43103030103,79033.06765819536,55302.795090375716,46025.918594074974,45969.21680792007,46838.25408051031,60505.41676347225
"Juranda (PR)",37848.62397533613,33160.39640691578,53234.2513393557,143109.6655477031,150522.02198330217,152996.66417625034,161234.134391116,156410.54607382906
"Jurema (PE)",41662.140792768136,17527.532287303795,29953.68039451054,32401.171925267532,35823.07665360389,39040.887529901134,39612.677055697604,50265.5854359599
"Jurema (PI)",31690.5902347435,40874.84685430715,28491.091408085158,38482.8726181976,39340.53180627696,44618.26340060373,60783.983437659284,127739.01491127773
"Juripiranga (PB)",20085.41349705192,11664.538569975703,15665.342566212477,18353.008432773844,17108.245850741972,18360.49138288715,17068.788855514947,27578.947488936552
"Juru (PB)",25225.101364939565,18430.602085134306,51094.70421007992,46013.40247679327,70111.0441419943,78965.37310851754,105467.80988224741,70212.68326348232
"Juruá (AM)",38935.45867682905,33047.862533957676,61971.17161828547,167597.0223929443,104403.63635332466,47732.283283958786,173048.46338549233,63365.96261643868
"Juruaia (MG)",39671.009862087354,48852.95997671407,49397.94798259919,39197.70073674917,39390.27730809603,53651.607259982986,51320.14521561754,41038.55377912947
"Juruena (MT)",595523.3558723675,1862478.3802113035,1417296.841289972,1021330.6305909425,1010156.874845021,1246628.0806939292,2417477.3602862176,688455.2183588073
"Juruti (PA)",672563.3901596376,2071228.6402594235,894461.35526686,1719993.8695028361,1028906.5550897102,1423347.1215455798,1194067.3337708327,1680826.420978468
"Juscimeira (MT)",1534379.5757534427,986896.0319272056,500151.2736359146,576911.7504226216,570455.3888799802,594897.3728215381,585719.6439802919,565393.9706445343
"Jussara (BA)",112905.86112117018,52985.199921592066,73540.40892796799,61498.61492046316,71626.28621328926,101531.71886569404,116229.14752007482,177885.661288816
"Jussara (GO)",2801673.59910778,1418899.7079840463,1051173.0736124134,1036418.7584545885,1142611.1129075573,1033160.4955491858,871013.0336247962,982678.917427748
"Jussara (PR)",39962.23621670213,45901.530068865344,56150.84439493146,65748.84917542261,63517.33754772213,62299.038576228726,68040.25882196859,49430.201627423456
"Jussari (BA)",48964.25968210258,95430.92722267649,56289.526706629316,73434.16046049076,81990.01388358117,99594.47595014157,80930.2732965948,87117.64222078165
"Jussiape (BA)",29481.820300338175,40687.40877120661,47816.86764180962,45443.74233063335,33392.32982558119,47120.23060816363,47121.123034996934,60564.533136047234
"Jutaí (AM)",32519.326847009583,110289.7965957922,77784.28362619458,676387.3208042576,472011.4511556069,2043069.1056562278,1237593.882261307,505908.5342358836
"Juti (MS)",510655.2322669204,449882.919975074,352127.6033502885,304783.1068540259,315935.0336409039,271137.70038363204,290526.67741325754,237219.87591649848
"Juvenília (MG)",27685.464227507702,62968.636710016945,145055.1832704943,143201.224537246,156111.48843536392,147785.75188742194,184229.66343620347,140087.0939491785
"Kaloré (PR)",55869.77153133056,39782.97994766102,43154.28364912556,39921.47574655218,36863.720968136106,35083.4046014512,41481.70656280427,37931.7271198114
"Lábrea (AM)",1339827.3777981992,5409085.118930334,5050156.667646968,29230625.210497815,40787526.80031168,42805080.36498777,11501665.625972982,11489975.972185176
"Lacerdópolis (SC)",25412.810754320682,27681.603260644035,38445.301774628555,52503.85246712065,58429.58593360098,58310.99170660839,55444.191500019355,50805.41512330396
"Ladainha (MG)",280905.45886649867,261511.78017972078,205523.92094880115,342054.70519472985,195386.79330246005,302217.14024995756,285453.23025377444,242708.7788216874
"Ladário (MS)",145670.15906419995,67513.7440976459,49225.37866051058,78113.05355854724,90271.00769940966,56571.91206491291,234047.18361007207,173493.61643855914
"Lafaiete Coutinho (BA)",146077.5817637265,111259.64330521223,71824.8643013602,37937.94985194569,58378.18694229892,56555.66595806208,57356.60475336214,63807.70951815955
"Lagamar (MG)",334843.6746782406,253484.0204536774,248184.76921065475,234118.4091613979,223609.214794909,235290.62527655592,283375.2823018742,264726.0318162085
"Lagarto (SE)",272794.4519673222,178547.72082983237,271407.75581480615,322109.51951809146,335920.25354347733,361409.9077393389,420257.388699893,446362.6474598916
"Lages (SC)",677809.128010419,429050.14258384844,878059.2096743863,969937.373903568,760376.8628376737,678152.7992478104,626679.1515320762,527077.2974915967
"Lago da Pedra (MA)",589864.9709347604,960127.5065309799,514974.35490952886,671380.138360545,790811.6042414337,784387.0959391713,638109.9378634242,472401.8040399601
"Lago do Junco (MA)",216921.1327703297,208174.0816380513,92949.74423292415,123882.59732005796,112397.35956800566,253596.62172126336,137574.9092124041,115086.23179913091
"Lago dos Rodrigues (MA)",37503.498757997724,66958.57508881045,43132.119421445204,66934.27923743153,59223.70582382617,82106.58306660528,74137.56729890463,85379.00285371252
"Lago Verde (MA)",374785.8369072955,470981.8640349418,374574.0729283912,416335.21937451203,373293.34273814084,772184.6260125267,318726.81791535387,217409.90028591428
"Lagoa (PB)",16217.89708343367,8241.693841498223,14008.884557526406,15481.23280652019,20959.13898250514,23772.869171935177,27932.385372687513,20063.33645075873
"Lagoa Alegre (PI)",34928.70755448334,75788.01519370891,54818.49954418098,82643.6278355081,43440.47165199758,44801.15033778339,144600.612581597,54631.320146408114
"Lagoa Bonita do Sul (RS)",33688.62876516765,34463.335005802786,73667.9511242319,21964.86227681339,45973.57108162896,17298.07549028988,16908.39225965538,16535.7608511679
"Lagoa da Canoa (AL)",17656.240051208548,19224.075864806913,23501.73575464786,34117.849475680414,32125.272287322,31001.977315786768,31872.976430466657,32082.29208761034
"Lagoa da Confusão (TO)",493798.76954030426,859256.8575152579,892322.3624674754,1770998.9861162684,1380996.7658541584,1541801.0989107315,1472878.1058374923,1961532.5162447826
"Lagoa da Prata (MG)",143288.7253432543,136308.0124362672,204286.6682867419,211120.9059315872,208725.53087041195,209031.6622266628,204300.07838767182,212555.89353370437
"Lagoa d'Anta (RN)",26976.017577066217,10411.268594891308,12506.06984234877,12651.526356283566,12978.047378217405,13089.630595591689,14745.733514441832,31502.326396275792
"Lagoa de Dentro (PB)",67656.28927258209,22489.14530679719,17548.471765306396,22826.07598313696,23930.027809009884,22268.267915075045,21428.461668333566,21512.38789746818
"Lagoa de Itaenga (PE)",20123.123571570668,19822.170895751573,39182.717607546765,45061.81362570966,44960.14977584187,45376.13851961681,48058.82680202553,49593.526100715215
"Lagoa de Pedras (RN)",27266.14438322373,15763.202333081903,16741.627698003296,21967.986193816487,20412.473278232774,21937.325494863937,22998.618327393895,23883.54067572033
"Lagoa de São Francisco (PI)",20.968962298553496,11114.28966991211,10862.8858986734,21286.4845318045,19209.94907307867,18230.183190289183,18905.2992143143,33672.71477420405
"Lagoa de Velhos (RN)",59361.8325114822,22662.246886544923,14770.954219010042,11397.981401988774,15490.232270679473,16327.863020912657,25559.5340445859,21145.576869267305
"Lagoa do Barro do Piauí (PI)",13339.390924338555,93877.51992927282,53710.37360750896,75900.4304651334,69121.89121401442,63157.55979359688,55409.12755243579,66169.57022042053
"Lagoa do Carro (PE)",10822.702651166925,18145.556512172614,31540.204311969144,35998.65243059913,37687.754298207816,35710.94372060631,34313.98396109266,32772.44335917647
"Lagoa do Mato (MA)",29311.170398578466,149265.0600886063,135518.0049408332,727810.4697841961,338543.20315248484,331854.8987792611,1006828.4153453034,493472.57558123965
"Lagoa do Ouro (PE)",99206.28502538931,65628.05754115702,111491.28163745186,87957.78834030592,91142.56642271453,109044.3404766003,114180.51072576195,91413.66763669948
"Lagoa do Piauí (PI)",11286.617672048285,53250.57067312506,62149.72703790031,57353.69485433936,45683.38555387269,55113.572151675515,70824.76335987062,69318.6070683758
"Lagoa do Sítio (PI)",4845.396291006213,28871.02015268645,27037.13653592012,29595.62226630217,39655.864772303816,46722.21044882147,66241.73358144553,50033.14172186346
"Lagoa do Tocantins (TO)",60891.044983030726,154985.44453904746,154213.31347783006,304921.8388650178,239216.85067109857,280295.9753640164,652749.3159168097,321311.86711701215
"Lagoa dos Gatos (PE)",114698.73399011313,50900.50343377642,51796.90380480236,36084.850049215835,40505.13644507369,42630.2919588239,47909.28689707824,49864.406890408056
"Lagoa dos Patos (MG)",191259.03308650016,186788.1855932469,104498.08403027905,107775.45095471226,107566.52449379272,105872.41266279976,126662.78212583724,119655.71263018325
"Lagoa dos Três Cantos (RS)",2476.9803947386467,22865.150526529138,24310.371295143992,18971.83569949828,28772.683991468566,21873.283364765033,20911.327126589855,21080.354608515605
"Lagoa Dourada (MG)",125808.23264451169,117881.42697667787,101431.66982425477,139467.0906999055,116388.65518398148,125993.79988239046,132040.07186496916,110031.16106507751
"Lagoa Formosa (MG)",260815.30115137584,223850.07179012828,240435.45668824262,323642.87605058565,321349.8934856289,319472.38404995453,330504.0259658167,364290.46515778475
"Lagoa Grande (MG)",637680.4134876452,487570.77833699627,321656.03662410297,318172.17576186865,305880.4060920307,284077.45933477924,259148.75746246986,235608.69693564659
"Lagoa Grande (PE)",39970.08694901911,78954.00246101507,89059.37639092418,164214.47343634596,162426.24257111998,219592.962640088,197328.39867382732,182805.14203265586
"Lagoa Grande do Maranhão (MA)",246311.37559404457,339343.6203036911,241463.0096101202,271400.73563801014,306252.6632468251,272698.5957419008,467188.4026282463,331983.83749513293
"Lagoa Nova (RN)",22846.904580224003,26917.15155758673,29534.488167018142,30820.84204017379,27046.6872718006,29074.095262327646,30469.818461723396,32505.041036194983
"Lagoa Real (BA)",98557.1074213644,83230.65929694552,73432.27334683426,54323.38218930922,71432.55772439468,71577.94339270836,84425.43357954352,76093.15261715921
"Lagoa Salgada (RN)",22091.053620847833,16177.5414186917,15326.251232307688,19997.752491139127,17353.88813276621,17393.517553432215,18115.50633429591,23757.84357234977
"Lagoa Santa (GO)",121289.58942676528,6524.022839559581,111656.51357167152,110392.50114794742,112761.19597581332,100956.36099287696,105700.03497733435,107442.2255817855
"Lagoa Santa (MG)",90023.32856751411,57104.78365346395,80866.47036243424,94251.74711204028,98035.13344687707,115214.90043590624,118774.05353041529,136773.35947814988
"Lagoa Seca (PB)",63766.56236262515,18150.212025343088,28245.502638081143,35107.33181517561,34680.76273346238,35193.05373946078,38796.46103640148,39009.309226008234
"Lagoa Vermelha (RS)",594535.1913707117,750540.4131464404,348027.55385188555,219898.56724919475,374211.5445917571,242157.98561650893,272025.62874981033,240025.9019456873
"Lagoão (RS)",193600.35394405609,127593.76844650159,150425.19100879898,101525.70194195074,193466.65352855003,121018.56348724417,104514.16959951885,167663.09784122012
"Lagoinha (SP)",64987.05195753583,48712.73996306199,61823.045029657485,53661.533454202865,53159.30870222691,63031.54076151986,57493.24706018069,55860.278200906156
"Lagoinha do Piauí (PI)",592.5190650036681,7169.10802302674,11390.10797236751,55831.94792447612,25753.140666269675,28983.644453067896,29120.928658704193,31294.840665759555
"Laguna (SC)",63631.36932257994,52427.991189552595,116184.19123680276,189507.6228313352,205524.10258235718,189312.89631900415,184992.39096642204,168935.21961522065
"Laguna Carapã (MS)",396404.13921543665,729674.1241079499,289591.89453383343,291158.8646112745,316572.55876652285,257510.1674755204,289272.6170613452,264744.10109272756
"Laje (BA)",385253.0777752098,176981.60232162013,94944.76132324415,104166.94524883287,147817.736146562,114050.46398851514,126652.5192744164,113044.30541980457
"Laje do Muriaé (RJ)",69961.7963001094,59958.73279946057,57723.27410878511,62907.231769671555,61250.454124025215,71467.03233409618,67212.0124303966,60755.75692088595
"Lajeado (RS)",120045.21712326612,63264.44455083628,224374.24681807484,296776.64560382377,326660.1648586989,347894.4417521975,340832.87078657455,381590.4460647094
"Lajeado (TO)",46563.69716707961,95521.49923240759,69189.11250151,62677.64146493265,67799.93858346771,68367.26906289987,81147.30705135559,76389.57172625145
"Lajeado do Bugre (RS)",9918.168442892224,12247.160038523245,15588.166397012374,27014.28188915797,15147.532655127878,15775.464659034527,18480.23646470046,16528.949158383253
"Lajeado Grande (SC)",5114.473351882708,20662.137786825322,20731.551712503093,32713.783074769763,29158.59313271913,34713.96218626568,33308.701330076496,32402.971378482707
"Lajeado Novo (MA)",201072.45009519765,222962.6211578678,261379.28346622403,296924.375594576,369807.77480584465,289488.9410052267,501643.39554065757,377971.2012607964
"Lajedão (BA)",188593.09589368576,147131.73562790809,171014.1824385687,179356.07110338635,206946.71473591455,222620.8229105048,197741.30762484425,199767.54956856646
"Lajedinho (BA)",189900.3978531678,176519.8108266934,145835.9625371171,93040.06408748463,99005.699597524,91683.94431594014,82874.98246374141,127657.4831575399
"Lajedo (PE)",55782.76004640929,28144.951898549196,85918.69380529104,101532.64514889297,115894.95778690957,125866.64607406466,130085.42185882214,135895.20193172767
"Lajedo do Tabocal (BA)",141266.19948869606,66046.15570333168,67069.77782171033,38256.43948476289,50404.28008470937,73036.15256012886,66216.92452900535,59506.69121136923
"Lajes (RN)",63530.75494520492,62655.28951631428,55302.42752511708,161245.36959014504,184887.50255547918,202324.9042569501,205150.2722973505,206162.8335921713
"Lajes Pintadas (RN)",23081.977407292135,25951.03030133242,14429.417714971018,13626.182351399446,15208.644842184314,19218.614853903087,13927.738301401736,22084.385702622716
"Lajinha (MG)",165998.04409364122,148497.93025400105,80671.79326604234,81316.81498353081,75510.68243456936,141181.03554352908,133392.02162104612,148280.94673113266
"Lamarão (BA)",91517.1657609367,21411.006919615396,25958.05896749436,20653.586390500892,23111.39000564352,26813.940105178182,30356.148434257662,29970.873860593118
"Lambari (MG)",84983.37287246017,55025.53890856081,57027.34207519074,48264.21364764139,57000.03823451605,59874.61539117549,55540.447416911855,53168.74721580996
"Lambari D'Oeste (MT)",2163301.235417898,1264833.3776725873,767658.5282844712,646274.0899172251,652597.5295539072,1269187.5016493462,1730843.6253682857,604238.1411182842
"Lamim (MG)",51196.52397295888,50267.02121139429,15795.454151118802,16530.182255296964,26660.78107604799,41825.67959676012,25006.7592094633,31236.35147587993
"Landri Sales (PI)",54807.254001837435,35664.91919956583,60951.29267065017,167107.75331384622,105226.74936806761,322782.58576410165,153951.12747864882,86023.58980692082
"Lapa (PR)",571254.7001289509,738836.3834392246,474792.4418762573,512660.418173011,549543.6856512768,561283.2294689029,433724.03855560505,315525.0806266864
"Lapão (BA)",67228.11173001128,44276.86676142465,40344.799536740655,50264.99927611601,52458.6732211422,57674.57509829397,62231.12674536715,65773.5908071555
"Laranja da Terra (ES)",170364.57877303963,95386.29324811538,113163.91157747015,60162.93969390439,68418.84456356594,103592.7488814858,86451.04195339707,57921.25538271254
"Laranjal (MG)",56434.86722780312,35616.013839982814,42671.73514592409,45514.83344525643,48143.496674375514,48151.42640948913,45293.264486149514,43774.50817461682
"Laranjal (PR)",166260.95173995398,340853.6646666629,268455.1084648413,215519.7704927524,195591.39428735696,202244.46388014973,207069.66386896584,190647.69791599087
"Laranjal do Jari (AP)",88833.47928200645,169153.3576586756,412837.6920835482,126554.88693620122,138519.6371855146,178470.243132009,187378.47893398904,111438.7901631867
"Laranjal Paulista (SP)",70429.7059393328,103005.63179080441,224928.7592797033,133894.78473874996,136929.21311882726,134813.44713148658,135684.96395137467,136195.13946441782
"Laranjeiras (SE)",77020.96661392359,40267.5176903507,61460.67332646597,98932.62394841532,96283.40206856337,108290.00131858521,114980.26894244988,106652.47596364243
"Laranjeiras do Sul (PR)",534995.0531075215,248441.6177654074,265171.5475266874,310360.7585976648,273372.4359563043,286500.41651286685,268063.18217642343,230752.5020034035
"Lassance (MG)",881201.0092481988,555196.8498722424,384704.21597184683,275513.2964273113,331309.9025710899,405277.12881747616,446785.9762046176,496666.67574706493
"Lastro (PB)",11269.649954779681,11047.924911453263,8750.56778100726,21541.108460283103,19205.313986996203,18303.927595327714,15966.74832926344,12645.200048070548
"Laurentino (SC)",66193.7349257681,35729.12966886456,39339.741669060655,30229.53713900667,33612.553082471226,35014.48054768189,33237.53569955414,27481.635043628874
"Lauro de Freitas (BA)",29113.196700986162,44339.693037456775,-326975.7763909644,-426387.7792374659,-430425.83954577585,-428483.9110845461,-434174.7256530956,-466375.83836013614
"Lauro Müller (SC)",207317.7165703953,52554.27393768901,70027.9578452841,81699.83381253936,93464.96873461941,92956.56219438418,74766.33624963823,69995.99275297228
"Lavandeira (TO)",114146.06744697562,172270.82253698044,79638.36815287417,86051.51273555045,128208.22192896163,241742.67184112602,111449.28975595531,97454.33028113842
"Lavínia (SP)",162290.93403195153,169048.47789756017,174923.4619423913,182920.00616329387,185652.58666303524,166776.2453804803,166941.8902945504,154533.01752986823
"Lavras (MG)",137754.64319738199,135973.6357333814,311224.47377874213,246401.42658126348,252502.96527522412,276348.65066793485,264306.63469058793,262624.8205468171
"Lavras da Mangabeira (CE)",78704.82350739861,125820.8006835946,138812.994729122,232834.2452036863,211229.2841900012,220119.79802363808,240867.12629111815,228178.25396838787
"Lavras do Sul (RS)",708258.7662265733,616378.2358469095,1121802.0580395241,819929.2458535628,1002433.0204668378,763164.2796548776,743221.8713394982,761568.6525779947
"Lavrinhas (SP)",36517.5388676352,34263.06176441935,26018.719672216874,56060.90229721843,85732.46402846949,99141.61265947807,84747.03896876646,68823.58191739411
"Leandro Ferreira (MG)",173324.78223302192,94237.36830188897,73468.40821956702,69154.83891344718,80595.88173812836,61809.754687132634,73944.20875532026,71197.3289853303
"Lebon Régis (SC)",709097.0593079405,364313.6943778473,230528.50530916415,188971.64875562547,204301.37749160273,225590.8559561506,171398.5020660893,110565.00738263826
"Leme (SP)",117458.99572581738,154293.59295549436,345954.8230290773,324816.57971429767,316655.7606179977,309040.88579696673,318072.7160982784,286579.1205788234
"Leme do Prado (MG)",36790.23400373702,75085.0073951104,54660.37937562342,60792.0207414846,105994.29528532871,26218.13275220388,39890.36570725004,21010.20736802807
"Lençóis (BA)",134959.39212141,50389.02531486041,77609.99658071104,105441.32352184308,137326.96244282406,92735.29682347711,175290.70623472257,131848.1944561066
"Lençóis Paulista (SP)",319305.48250603495,190984.13777628166,393114.2969309043,293054.0325043953,390148.5699364777,395369.77477777767,425605.4767959607,716007.241352256
"Leoberto Leal (SC)",108853.48571211213,79559.19765935445,129044.11979221401,58521.594679027665,54121.127718535565,71642.35173788815,69548.37245301055,36146.27149441517
"Leopoldina (MG)",227322.63855694703,302972.92985702504,305383.26676538895,259289.377992836,271008.5328064259,285479.41963865433,267835.8736452303,280590.5373433699
"Leopoldo de Bulhões (GO)",219016.4865905028,180747.59969857527,120592.74597967029,174121.77803304224,170541.66058810524,161801.606556168,154451.01167488247,157495.6412272498
"Leópolis (PR)",66951.0732877262,82943.04640076704,86266.32733498888,77068.86867880473,73786.90816398758,66624.77645628767,74659.28409395023,62778.81143399035
"Liberato Salzano (RS)",67403.27332996162,56409.65726714073,62582.77049598241,90835.58800852955,98676.20363304795,98147.04851898357,71499.56394040283,61691.95907327748
"Liberdade (MG)",105709.60559808774,64277.644235445114,59888.88169735743,63238.28357304174,53820.28980489981,66915.42202221595,54133.2090062405,59081.92736209285
"Licínio de Almeida (BA)",75168.07537960474,92815.87314689165,123301.20575168806,90725.99435864763,124509.16827533525,148290.6552652249,160301.56974928678,126748.21022447463
"Lidianópolis (PR)",6795.495201147332,29797.892695398394,34760.48416093718,36194.97956639603,35633.49239324261,39424.81644451202,43189.305686325926,37954.33055903333
"Lima Campos (MA)",88154.10353751645,143442.5326295031,55790.6326950769,103385.12599333083,96683.29142075857,100613.68353000762,114120.31609974368,109040.47301998879
"Lima Duarte (MG)",212424.20579734218,132345.4386504576,138563.12664598113,132735.62163943535,120327.86740321496,133263.65864550817,121782.79505500018,119985.48100376461
"Limeira (SP)",216811.30655193102,236026.10265819728,680357.5008297503,752222.211219553,761982.7827988212,790122.4691558334,749690.2976618106,712179.1179385554
"Limeira do Oeste (MG)",167404.15403713277,405962.0522161941,514589.48010859743,547196.109172918,457775.32067287073,480351.4296252455,417137.862011447,435691.03094858344
"Limoeiro (PE)",183673.59768828063,70898.1069379382,121749.36518780909,122976.3746485819,126059.655711188,125648.7325732892,135779.48968342875,135633.66525769435
"Limoeiro de Anadia (AL)",83513.55320221317,46067.798994408506,57220.91978973955,70083.89545659858,65309.0197097985,76076.70920949362,78354.16827974429,72166.4448565473
"Limoeiro do Ajuru (PA)",14470.213981567022,16071.355391702318,16579.42737957127,41272.17273946022,28430.16677511762,22708.12867990468,28592.89107405741,31633.245837125236
"Limoeiro do Norte (CE)",192013.44264035387,142799.72374171973,174124.92169038282,253551.72139099517,227521.4118572179,216521.96469727924,229783.30001771447,194064.06478263994
"Lindoeste (PR)",262960.9253373144,150882.5530769899,169591.15655022569,126162.1626756109,124819.50612238416,130465.00364937165,133343.49581694385,126667.53996254507
"Lindóia (SP)",11492.859459121964,11151.891321159768,20849.560666594512,21222.005386388264,23241.603307335037,27895.756544798987,30773.736501797055,30190.219291018006
"Lindóia do Sul (SC)",73931.80619696782,66706.53300038129,92740.01433559554,109518.220244081,116137.07026889424,127097.71485865317,105505.64583026123,93562.36604376105
"Lindolfo Collor (RS)",14375.057682308716,28179.67189961691,30260.978592009335,21231.848292168597,25117.149565017105,20577.543815559275,20842.482826402178,27912.786614925837
"Linha Nova (RS)",16104.25596880181,162402.2611444512,32898.387526306666,18556.418542427116,42381.95940133828,34682.71707716541,20656.78421877711,24691.759886658594
"Linhares (ES)",1689592.1128027025,1268973.7654921387,1647719.1800719842,1924572.5626251113,2062589.1962764258,1905759.3468931231,1605440.858216976,1098989.8955655596
"Lins (SP)",181729.88981243526,194790.45647680262,284753.70414632023,292357.47892910877,295076.8519381181,289959.7719881748,252415.4981770416,263994.5939687441
"Livramento (PB)",27493.571873877936,22087.685006507614,21832.41240335355,24279.23979196797,23190.756434381416,27288.881595858362,41093.276895198396,41310.6970362558
"Livramento de Nossa Senhora (BA)",166452.57214097903,185743.0846209048,187730.95599307754,233763.50402537527,215809.42284944674,197082.69071973875,208530.39581603542,240751.04263135407
"Lizarda (TO)",91804.16771296733,213305.08832885732,183315.59811520838,475987.25909398415,294100.56357989163,479771.2368782729,817533.759651103,651186.398873732
"Loanda (PR)",259449.95486696833,218301.45039882683,259326.7369154468,335718.2143368464,330984.6070642015,343595.90852214495,377522.0238082389,409611.6396984057
"Lobato (PR)",75232.38347997682,78433.57494870172,73162.91503039183,72441.89855771611,69696.47570110523,70304.46447407844,89736.27227958514,99235.48197091409
"Logradouro (PB)",8561.251380240743,6774.295198757421,7890.282002120559,13160.845590876143,13923.147194578936,13581.900867877237,13954.650293247892,14062.710972879557
"Londrina (PR)",649737.4655563228,486050.0191508445,1118286.2521201912,1014866.771805238,1050799.8776169242,1143514.5967634327,1152182.2265136947,1118053.2389426618
"Lontra (MG)",20460.462412972345,38087.38787764699,37713.61392535632,43629.5442170506,46937.41872585473,47560.4242497048,48005.372306554265,51423.04845225083
"Lontras (SC)",122488.64348904505,62630.57291985874,93562.57258156608,151591.01621272988,160716.58918820173,147017.57141825042,140129.26745883145,122108.01720628685
"Lorena (SP)",182728.62334455975,121004.65243893635,188290.34736517508,224268.04549701713,223539.04703602422,241750.91498764482,242228.53017650908,223876.1387193497
"Loreto (MA)",224919.40145197284,426035.1166684619,535033.5857195965,1133794.0202381192,1273221.7001933353,1051837.654556447,1355345.3217533787,1398769.9211637774
"Lourdes (SP)",6725.68678203853,32065.568708262083,39123.15665803323,42447.85868845138,36999.17361760904,33012.09858968178,26611.372510907182,26543.57552346018
"Louveira (SP)",11630.00462964348,17224.62363557012,83834.49047905895,77865.55998960172,80244.8424401784,88965.55286843833,90924.53376354247,95549.62715482224
"Lucas do Rio Verde (MT)",2330369.85382151,1590682.7341460846,851633.8588724344,1547745.4850960108,1372687.5896881311,1393586.4475895148,1351954.6502670017,1170687.70617716
"Lucélia (SP)",96791.77869059522,92350.25845910615,111851.68023935896,119766.76327771015,127938.64109692503,120881.75618941171,122866.88691601845,109795.54942973929
"Lucena (PB)",20565.65595260425,24128.415896076025,13660.145034274303,23501.096156516687,24357.38830649608,23411.19463497539,13815.890305956256,20923.434028432945
"Lucianópolis (SP)",36220.30927636691,51253.354983651305,47368.61233749893,44985.808238816964,46828.343202952834,47440.27941691859,45984.40851761944,36473.87409223631
"Luciara (MT)",679221.6050929604,164074.36189187464,146262.0841916068,272902.277800322,198878.73247279346,238925.27934582732,350994.1397618613,263136.7779659833
"Lucrécia (RN)",5817.4478631108705,3273.79314486976,6857.861724392098,9859.85238018432,10718.326853164544,10861.652541705287,10326.020897839851,11211.550536641435
"Luís Antônio (SP)",307692.4645929278,123725.17322382194,195005.99474017246,211585.3079066324,214794.941292879,292137.845677202,232055.95033955906,250301.5722802306
"Luís Correia (PI)",72996.35962124552,108234.51175483226,74857.21185989777,97268.44542901116,90878.20020044646,106539.2045740373,129547.7740762503,162017.32968776085
"Luís Domingues (MA)",49670.8015882441,639244.8434785699,215708.76117787923,196793.10856599273,233397.46103350687,150366.9407887079,458874.3347736955,38833.361328975225
"Luís Eduardo Magalhães (BA)",1001958.1764945952,1575253.5878409774,827848.8382425595,2860022.9239264904,1824087.9544720212,1749609.8295327509,1796393.9252287594,1246510.6606593605
"Luís Gomes (RN)",23367.495975395745,9654.595655737932,17079.954060673273,16193.817866003747,17259.13208666123,17797.00923462841,23140.50526830482,17209.412850509598
"Luisburgo (MG)",29781.788815673375,35196.68662826742,30326.50126652135,31098.42753714492,32965.229700382464,27619.46844157732,28870.256288521392,15384.851975248921
"Luislândia (MG)",131518.1540388183,87847.91144782607,68990.22044086651,104316.09823571592,129710.93114673387,80204.6115359309,104430.47762185501,86772.61813777685
"Luiz Alves (SC)",86493.85004405321,111788.61705179399,106354.02151744194,97564.98232978335,95852.27942410571,111363.97851548581,106157.84496131334,76199.26363373741
"Luiziana (PR)",334699.63904394483,159252.51447299556,142681.33910141946,156434.83019112187,174430.39325862692,156330.50443852352,187072.48044270265,168610.26420438982
"Luiziânia (SP)",47519.55535796624,43710.183129675075,40449.06460633128,49082.09800622938,46855.250761333205,44833.010185074454,44865.39292826647,44960.69553167804
"Luminárias (MG)",120352.74939011023,79148.90586511313,71173.65523386643,74026.57079062807,88750.17156177905,81787.63830742858,61026.58671197786,66457.08377031729
"Lunardelli (PR)",39314.745001922776,42693.993363927075,47821.46331178434,41560.24455851724,40292.84838939702,38085.78825934767,38765.33479565781,34530.88525583003
"Lupércio (SP)",60357.39467713776,56133.80028030253,36463.72263854779,38774.72068606424,40207.74245448168,39193.0325120916,34711.25676080193,27865.824175463196
"Lupionópolis (PR)",43713.7652750896,36699.772845960506,36877.24009965925,44761.16530382264,33794.11099389509,34259.94151354452,37234.184119473335,34833.47987402407
"Lutécia (SP)",141571.10124371955,118141.7740990713,117434.94292458396,99033.60822267766,99923.44159909482,97907.94981817482,97930.09904016802,96837.84261929401
"Luz (MG)",281438.1350746491,310946.4500845105,392933.63374515105,437179.2487517184,438717.1705880586,432070.48153524834,445308.9291082191,404243.09546672093
"Luzerna (SC)",11157.295722634832,31009.950676345823,50959.409791277336,49648.82131276346,48637.567333939565,52120.833086895414,49651.18273097739,42160.899121004266
"Luziânia (GO)",1383880.9252417285,1235563.0021899384,1107044.4336080719,1224172.6986673067,1205210.7561919175,1167029.5556148565,1424601.6574830285,1161665.8709060282
"Luzilândia (PI)",171009.4207249344,155786.2038448261,114180.95234837294,135125.2567404566,106970.07911653507,115849.69763709817,136876.35394143968,110425.46863175234
"Luzinópolis (TO)",36207.13908953623,63356.23382036529,48015.19025329843,91955.99798321859,76351.16201268081,51053.23531055546,60542.495006988196,44022.604589881266
"Macaé (RJ)",548511.0886349032,515953.5905986377,3417998.060983927,3409669.071489386,6128709.454214335,1414075.8875397192,1121150.6887166454,2888257.21862661
"Macaíba (RN)",98510.30197838259,86179.47033139488,164783.903378139,208261.7385133727,330198.3611951127,184896.70186802288,231621.8288052293,235077.80234119474
"Macajuba (BA)",216713.73728709706,119590.56121805699,96863.55543843268,77454.74262974142,94860.76157487252,108064.63655287311,139296.5962437287,185351.2545198558
"Maçambará (RS)",233920.33287327655,667965.8800941827,624163.0072957766,679886.9262963069,677625.0253160682,583702.8905262057,536647.7127640378,546868.8152637059
"Macambira (SE)",34995.43957026468,28085.89006651947,37607.476352178026,36610.16579746964,37703.752649298905,41380.696965902906,46265.21102832173,45179.140862337896
"Macapá (AP)",234955.89782080994,198851.1060364123,523920.9086247492,869260.4440583475,795751.030535553,1851703.8233334497,1122520.1689616658,883817.4794649387
"Macaparana (PE)",79547.25641834427,35919.32347086184,38661.58869126023,43174.524654776535,42126.29730148242,40401.93591415307,50470.95399717746,46562.51865517694
"Macarani (BA)",333421.41711001605,165257.11749750422,270441.7027479696,288567.8673575648,301380.1250567416,329751.6872215697,323397.17687102384,318077.8301543573
"Macatuba (SP)",86234.643071152,38892.47380301804,76387.5121118513,83225.15465471546,79602.96698562807,88026.70771473266,92141.19676746642,77532.16441577152
"Macau (RN)",35477.569986888746,85657.9936367339,50673.97849312164,85273.24484395789,77340.04829834287,105221.23910542474,113114.07025519261,116668.08840989976
"Macaubal (SP)",84419.7843026795,82405.9125048481,76472.43032314087,84608.01461501131,83592.89280176279,91438.66435180222,81787.48926073645,85338.67629862309
"Macaúbas (BA)",200679.9264518237,241928.41883928594,223040.78335634372,155384.81588839184,187316.88948107164,203335.49760575674,198556.29829274368,207167.74389081215
"Macedônia (SP)",100588.0964189527,89541.10457628455,82429.44590554606,91119.74841271575,88825.78802357525,87297.29343294622,90543.19636823269,88903.39596291482
"Maceió (AL)",251215.50129815596,246881.0498256465,959923.9231568853,1174346.1299139468,1198339.8201776156,1285941.432430211,1353812.241369477,1281190.714202128
"Machacalis (MG)",203776.2366612418,107926.99037814174,185387.1158759263,116435.61422447053,114975.74414508395,102237.24267583815,94088.0384397959,95640.8522015227
"Machadinho (RS)",117716.95808510906,71723.23916464022,92500.94553852228,72727.1667264896,91397.18550110856,85547.29225385419,78424.85192052861,71722.56227206973
"Machadinho D'Oeste (RO)",1331335.9944215238,6990704.056147712,2157852.0315012136,5490564.150522118,5175065.410795089,6609470.024894229,3798712.553342757,2448125.6154414276
"Machado (MG)",194281.98347299668,226210.4631838473,180781.56335393726,167355.1987458719,186069.37344652571,208808.96613724026,161726.53400627428,177109.2361686523
"Machados (PE)",70949.78044559028,7271.522349386398,22938.61531134365,25205.754852655085,26515.09802689193,21400.415664085845,21760.83907918982,31816.3274696441
"Macieira (SC)",111117.34620079475,91847.40441941629,91883.71652325014,46724.910862905526,65850.71641504447,91583.1822533552,81789.25329000046,43858.08330459028
"Macuco (RJ)",17698.118934875925,36442.40395929133,41209.865834302036,35840.67235853187,34555.91288558787,51915.01625298289,47058.1654003101,41347.36593872233
"Macururé (BA)",177493.05682728,292205.09533492173,150553.14340491837,126155.20007460119,132046.37055493737,240844.74580922062,223836.050291604,248291.8147880072
"Madalena (CE)",52924.73583422054,100543.5851470257,119038.42782216081,96574.5938413729,86974.8876286806,91014.7470366452,92538.67983098485,87776.53556921786
"Madeiro (PI)",17782.912934778447,39169.344803726664,36443.755177609935,41663.59972146724,24148.0748621878,23585.256735121515,46020.48864040446,27092.710342462906
"Madre de Deus (BA)",3505.742047865772,5910.485204098422,12926.275062836328,18689.63395907528,18042.48888407696,18225.532111445256,19550.87130263532,19094.24429947908
"Madre de Deus de Minas (MG)",101827.16645171755,82994.50906176023,104762.60361912793,113847.77013338497,103702.17242461974,123723.27179225931,109911.91480610883,124835.95857757579
"Mãe d'Água (PB)",10011.395498142043,12351.23481712091,14680.725216666791,10529.699291190238,10730.3760503912,12619.247985609109,13087.713527232809,10678.232303770474
"Mãe do Rio (PA)",868610.4698724097,825187.3234795305,244779.1753669686,225220.38159430274,260271.85089602938,185582.15707583362,229730.6229640037,137773.0685015041
"Maetinga (BA)",32517.422403832257,90284.15889741707,52562.329765507835,45806.62462287206,37872.288387001754,44043.23024337711,45441.16578011841,50872.1010013049
"Mafra (SC)",567114.9621716554,727969.798935058,447179.0638592692,422100.2416858274,474417.7724515837,484924.4129707207,401811.7626906121,280814.73687233037
"Magalhães Barata (PA)",99979.86848867057,210593.11641891213,83870.48140353033,84581.91715353944,122202.93040323722,51256.80754276492,101520.28319779404,103173.62841946936
"Magalhães de Almeida (MA)",81393.7329228843,104883.5009134832,108212.09966991965,97349.15764673431,152528.3905814031,208185.76149274575,187882.93522149188,238635.35528953024
"Magda (SP)",89239.98200971428,94101.76184514772,104517.40559796279,87111.49674232479,90645.27100121441,97022.76282031434,93393.11962340205,76186.34736355225
"Magé (RJ)",175647.1693804708,140494.7715997474,274080.6625138223,278656.6776147255,293398.3822617903,300261.8501074803,292400.16838957975,308897.5249522919
"Maiquinique (BA)",172818.8767347559,93739.1737519237,130596.58775321546,127971.4219971318,138033.0399922713,164575.22303708675,153247.03576287997,167065.40991816644
"Mairi (BA)",302943.913894409,146042.24044477465,129867.7055073245,109632.77211027636,124112.57959808045,125646.60261620226,146558.51457759997,199983.82177796538
"Mairinque (SP)",37020.8007174386,53622.28797572456,79815.51009218849,80955.04272986556,94730.44534792434,87326.60912000069,98175.49471888124,85305.03484847568
"Mairiporã (SP)",44548.15556513205,97244.00933503125,118209.21026651881,189858.5549133218,181278.6456513787,193018.79780376036,199429.06293325956,154231.78451402712
"Mairipotaba (GO)",226275.7630262253,113636.7795576323,119654.05573127756,117631.68458638949,120163.16760961848,127376.32544363562,140298.03837338142,138861.44437533096
"Major Gercino (SC)",55520.303139957374,40996.89335090907,130644.246594352,44086.673006273115,34697.48613947679,44871.87578714073,44939.73434618816,25060.189974453064
"Major Isidoro (AL)",102458.34412259242,86689.92493073139,114289.85928668769,116440.19526541773,113506.80961126373,119014.50264765092,142231.19623299845,118700.59484020768
"Major Sales (RN)",742.309394623579,6257.883377012117,13102.798368810943,9945.036689402266,9716.571658088817,10308.597068089308,9788.280069242686,9732.674474701642
"Major Vieira (SC)",191380.90447401837,210123.509312446,152546.86614607953,123568.13447539706,160403.1990298454,122728.666375456,135545.17318508727,79222.55577443511
"Malacacheta (MG)",453906.5755964889,274673.5277632314,165366.61930214835,258170.04096712352,221818.66856350313,280787.7570954528,285717.00606530515,446373.2612698945
"Malhada (BA)",110457.82685038506,267231.1557726178,204444.2488775867,262204.6090595713,285024.1164890596,248417.84235721754,254944.9853850484,263349.4820464664
"Malhada de Pedras (BA)",83299.29937638405,49842.196504588916,55309.335938265314,49059.284295998004,61860.37038320704,68820.22073441943,75730.14859186736,73503.61746318241
"Malhada dos Bois (SE)",20238.838774797594,17187.00387001643,35205.506755294475,34904.376881735545,34232.48372169358,34046.00676269206,33350.38461534837,34640.75379011473
"Malhador (SE)",40988.78896223986,26210.996916574066,28707.160073138115,34420.4308587673,29732.009431731894,46920.38709030198,45878.023868175354,71225.34961238469
"Mallet (PR)",232101.85514932655,243018.27742758708,205761.94753166818,183487.19580263377,270482.38550410146,180197.3482672871,126407.31233725633,69506.89448708907
"Malta (PB)",16133.47760784852,10277.521590386636,23546.536279944576,21494.652812139677,28562.924903193227,32225.14755542104,30145.55145933111,22125.996168405705
"Mamanguape (PB)",132637.11713674784,51198.37279576785,94732.41701495586,97044.02888292442,94698.48883275206,115213.44852162884,146727.37076616098,176416.8256888285
"Mambaí (GO)",79661.05809939266,42487.65294005717,55516.33831345346,85052.06948086772,200564.95717172662,129159.8687256705,176032.0986371347,132614.16910840012
"Mamborê (PR)",106809.44953733827,99285.53730290315,119752.23166015047,126102.77480598692,124708.04014094775,120293.36560246862,122836.93637427589,126903.49685238602
"Mamonas (MG)",3760.785792853491,35369.751719891996,37695.300107463605,30164.422096599777,31928.62884603427,36835.05813723382,30943.255654448636,35288.54854713524
"Mampituba (RS)",36617.246026960114,28915.306193473345,30394.471646325637,40540.63790408603,38918.769698825934,44084.157778440574,38889.76113531378,27510.234290192973
"Manacapuru (AM)",741935.5246782878,616572.8157129246,3825216.8060078174,751092.3135764534,925378.4949534255,588750.3153689348,1181349.0791661956,1413654.7556377691
"Manaíra (PB)",28615.14656655467,20865.290307712454,40455.98332353767,41421.00572759642,56905.53936927876,75177.2514634712,83636.83867599533,48781.315442994506
"Manaquiri (AM)",221896.45927538557,307648.9745569394,1226256.141818098,395306.9001357686,464087.7996458457,319966.9232855274,767462.2709074508,391212.35111878905
"Manari (PE)",7183.993783835322,36276.84912731809,68300.01867886903,44901.07651282506,45483.95324013789,45991.442593678825,47818.786135630886,58822.54657782845
"Manaus (AM)",1057139.8337503977,1523641.402921023,9343172.501555279,9053369.2663039,8739124.296078365,8048608.74842835,7658383.94598344,8271251.859141101
"Mâncio Lima (AC)",180274.775305406,407591.65668719757,434021.86724134116,951608.2971866955,1185737.706278278,1222473.5595049423,964037.1460265728,496135.8263828568
"Mandaguaçu (PR)",99499.09633546151,86092.37149935194,113450.45796645292,103467.6392953087,102598.45789983834,103103.85747524907,120916.03757224626,128662.65104150714
"Mandaguari (PR)",99188.48112771194,85301.72227053315,122106.4709029673,127418.78730012372,142748.33013114275,147436.59751896048,135005.07997337263,132368.58033294688
"Mandirituba (PR)",134100.3903198501,138344.7338452298,153896.60120161332,273977.6792433361,310086.61484882835,294808.46308031573,271110.64371213067,233707.42063993716
"Manduri (SP)",58163.48506323291,67301.0134137091,70090.69117037315,51937.45033362633,50305.97789452604,51673.30282216674,49344.69841969334,43225.65094178249
"Manfrinópolis (PR)",194242.00655540935,110902.12804931421,80356.54522539479,93491.77467669966,112772.6191249762,91066.23230811862,90295.67589676636,85551.68651492849
"Manga (MG)",291137.21653730446,235986.50057437463,222394.06840980597,166058.33666349674,211307.5122376224,196580.29767189277,208379.19988334752,215464.2181637558
"Mangaratiba (RJ)",53397.536180987445,44930.754584650334,102726.89956921231,101272.85984008052,104894.96244031051,97501.21639502156,100039.50101543503,98874.78878702644
"Mangueirinha (PR)",929632.0909764791,378683.48886868043,187280.2562643291,255271.76891835706,223962.44665968607,245719.21919534917,210300.8028073652,169232.25797061948
"Manhuaçu (MG)",325224.792897228,185755.96786004907,263146.6239195613,268829.5637379607,297070.98472391226,267981.78804515867,345965.23712839495,257559.81027815788
"Manhumirim (MG)",71552.15569226074,53365.31888036486,45350.84258008085,67349.6849093157,54793.14499728023,67028.3080803279,68865.46606459205,33880.094752660836
"Manicoré (AM)",578292.167024616,908285.6665883607,2980038.4213137953,7888355.680130397,12236074.019971373,15305605.411888251,5962846.573868084,5639108.722364705
"Manoel Emídio (PI)",90491.76199764617,54622.379257122055,151194.51809487308,63766.32583375019,136243.62546907784,89280.26217963078,708643.2596050153,516854.7192817281
"Manoel Ribas (PR)",169002.40741904496,125315.80808526698,183725.85355262313,165801.72601651406,158861.52575618043,153798.50845124008,163525.81693234685,136599.4878031832
"Manoel Urbano (AC)",88306.68268024728,359285.74152526393,552969.7384048378,4008074.9669959,4407879.360020779,5835489.369024017,1890961.17876315,2597699.345737572
"Manoel Viana (RS)",239252.7504979424,475391.95365917956,459245.412286943,402297.18401632155,396018.76379729406,375652.3252481785,341913.8110817324,351494.3997002787
"Manoel Vitorino (BA)",306125.86270543723,222636.39486623651,195454.76832958742,164523.7656781576,257150.65089186988,297773.9452594757,217575.1889010031,211162.3664564175
"Mansidão (BA)",271158.587703828,191492.7073104183,210496.29129542946,303620.9684778571,290588.51507032866,243689.18903849958,275200.05994027737,333931.7225814412
"Mantena (MG)",216253.78953727247,157765.7483055213,159615.4301494371,144849.00017380243,131231.18032333197,168326.03788484813,160675.9661366325,199215.384871967
"Mantenópolis (ES)",102965.80496062421,83404.41345643565,77453.38046192875,72893.27569648152,77122.28952347903,90422.40866492683,68293.33978980297,51422.191668139894
"Maquiné (RS)",222848.62243797368,129566.16274062786,129247.12596951601,76140.90337531238,120499.16798884467,74295.40084867529,68076.60998436902,79303.7599993441
"Mar de Espanha (MG)",55995.90564272419,57084.061893390746,45921.12791082387,71914.6029749975,76115.2254844591,73979.49611745638,71121.14506639002,66966.59270258559
"Mar Vermelho (AL)",96417.49453284212,35644.44285015186,36200.097228211045,33693.47784718632,34639.85863789771,41136.42424383926,30956.370225574432,23240.015022303658
"Mara Rosa (GO)",726426.3148146808,577649.921392225,515491.1614789286,571255.0574159685,594294.1532621834,615355.7619854866,671210.4252818419,655324.6979212151
"Maraã (AM)",4470.630862434884,5272.253298883412,14008.696011264514,167355.38123824153,100551.27504328977,65231.80339377088,238014.98110980404,121211.87086854462
"Marabá (PA)",7195337.838633987,14896504.2234704,8238178.855127673,10025179.921941202,12070407.595807716,10195145.854379278,21762089.850006502,5955610.073798524
"Marabá Paulista (SP)",277201.88244804676,226105.58397478872,240154.5476810846,214218.83793958952,238778.94453830403,235777.24361000894,250727.55381212052,246097.22456063295
"Maracaçumé (MA)",1379216.942566544,2851058.2006907775,165051.89542886082,155561.83000837697,112720.12714676805,292473.2762486249,434662.0037221293,116773.57228392662
"Maracaí (SP)",101267.10392603821,89531.6999192062,166064.1053688406,116583.41241483482,238077.98187842203,293972.7896050937,328119.7397631357,240444.3814918147
"Maracajá (SC)",27378.56004203676,25615.00300050464,80237.27875978938,123285.6273374984,138380.26776214328,144240.3479475858,143318.06887056906,160912.23636374038
"Maracaju (MS)",1518389.715189196,1269057.4461545395,1338107.0373522893,1203364.1770904334,1129509.007004444,1048830.0203505505,1147835.499272734,924475.2374176788
"Maracanã (PA)",261304.80450367916,795535.6777678751,253675.19253758842,158687.94483017654,573618.22158772,276861.30533301394,340988.15133968845,183254.99521587178
"Maracanaú (CE)",52621.84820115253,68038.89489767943,258287.41477954702,483686.1106275376,647772.4031178693,422139.823674293,461931.33096793166,522635.6598910007
"Maracás (BA)",471671.2088792845,277896.2415086696,307132.63311456674,230441.23310984048,275203.31054355705,343692.7131296623,290793.9486036349,348057.5767475454
"Maragogi (AL)",82414.50815909149,73505.64155993047,70060.57516680993,72923.96931198245,85234.07551352256,84171.91179968091,92877.02478023479,78390.74184647454
"Maragogipe (BA)",113120.64148295415,151263.67618397766,65323.53003992432,110724.55813893245,106969.46567729658,77625.6468856398,82227.7603411053,57042.38742136655
"Maraial (PE)",88144.38137396213,32298.24804940953,47049.84179704609,35562.72092639581,43151.32407420665,62616.711216110314,64989.78718839613,88363.17515779343
"Marajá do Sena (MA)",159796.8943980187,488283.5920151879,1191456.5383702088,1457878.1599287118,1499540.3646829065,1406261.701512458,1325223.2223253099,1393320.419913782
"Maranguape (CE)",147702.79825656163,97810.71527402538,156764.5301580112,280855.3617107255,257248.16389285843,231373.02435269504,296033.3077982132,307517.34319754405
"Maranhãozinho (MA)",3074160.7541436846,2940073.922088426,175237.54188862504,321896.2783955657,308425.3194687658,401273.8022798573,777467.092769225,107948.46503235653
"Marapanim (PA)",352788.1768598327,703803.7437925915,249974.67642406456,131872.85922561758,182805.18436176179,299529.2845208639,256329.62748197114,136633.50996859197
"Marapoama (SP)",7635.2582458877105,22912.66081520334,146773.50828920514,243476.86182994512,234945.8031783113,267891.97621055227,291526.2890748893,315978.34581644204
"Maratá (RS)",54914.23659197148,56993.835064518695,77750.56161985254,63638.55000530058,101761.24316726219,73616.742566197,52018.01405552101,84911.11728304658
"Marataízes (ES)",3042.98749526161,24040.77021493583,47082.50363283264,60748.06200795528,64551.59554871117,72059.29366037279,67891.33977890185,66069.21230092186
"Maraú (BA)",314118.4314727989,179680.2946463072,105987.36066407569,170579.639920266,166264.93763798644,251843.10739078932,172535.94553179992,155673.94529611367
"Marau (RS)",202709.0141469898,170191.53416687244,203540.33713905112,183740.23978478587,245139.92491276457,212882.77199179557,198363.87202461116,182145.64323011687
"Maravilha (AL)",49928.039365271936,28894.830458762008,38844.51796658037,36385.619142840835,51547.505706500255,49999.33367329234,50478.700255364914,53633.32046369222
"Maravilha (SC)",118187.75275073817,57729.39603197427,97186.90118742218,118376.54603848016,150794.37901102524,133657.95965359334,136251.63701276446,136000.81267051774
"Maravilhas (MG)",101798.07956103612,67174.21049825654,57081.418987202844,62533.52471784384,60330.7342470953,64693.855870500716,66139.1649272468,69648.56097064058
"Marcação (PB)",16288.121579667586,12039.673167208339,17019.48820975998,20246.728542179393,18800.20456022791,22759.98734130136,16218.460399002672,18619.193037074085
"Marcelândia (MT)",3371626.0706377993,9584641.552482476,1320374.3088196889,6665392.681218394,10711798.278687147,8035820.935297746,5245229.016060822,6696377.29031005
"Marcelino Ramos (RS)",91776.31796737043,57065.68866057103,83434.10825552056,90254.22191166367,101941.00546798452,94306.73291766492,84367.40933102781,69149.74710826257
"Marcelino Vieira (RN)",58286.44881343297,38379.74504794949,35932.59912302936,56555.27121457441,52383.37825580502,45403.020877024996,49024.558530994,47131.04585889036
"Marcionílio Souza (BA)",345065.93228306243,163812.50304134953,175433.57243705812,103867.18763619094,123737.21792380806,135500.918419178,137209.76465849622,144813.06847985505
"Marco (CE)",41680.036495844935,202764.8830089214,92032.61505458657,95506.14078069516,131860.1583764178,115435.22834089368,130143.68795280995,133265.7791175453
"Marcolândia (PI)",19786.875845603496,28315.704815949055,19026.058864824332,22495.227609098158,21732.03987497487,23809.864690031638,26301.490267645102,29326.801515783656
"Marcos Parente (PI)",21178.40855183753,22545.547321444446,22104.713794659645,59686.20881545337,51991.08316933093,61957.33998304731,82336.23136117881,100289.70911568514
"Marechal Cândido Rondon (PR)",262060.23721433242,189833.5241577433,292631.8474732248,399272.6553995061,369886.6035751993,410175.0878040941,437492.9270046156,389499.8997900755
"Marechal Deodoro (AL)",73579.43534531395,49619.04834172771,95279.85657316323,97909.95409108864,113482.87785882615,121018.67137593428,115086.77064342043,102284.90762932884
"Marechal Floriano (ES)",48004.8929374308,87979.20379445048,60548.048989032264,83005.44480373245,89818.64787558283,103124.72289528481,85579.1635153126,54832.22033578908
"Marechal Thaumaturgo (AC)",45385.932498233975,305014.62154493225,715951.4365620759,1051285.5829192302,1496437.3154556663,996959.2299816888,1010357.8921017401,925114.2299326011
"Marema (SC)",68322.5362070719,42554.17373737038,60426.27755620949,67678.87232028757,63516.31816525445,62949.605346842305,61299.471318794065,57185.291749837
"Mari (PB)",68962.62476199571,44217.04866637467,37418.6219412837,49392.134717375586,48680.96892541941,48290.15612969736,51749.357603422286,57886.09469189983
"Maria da Fé (MG)",84597.60217571232,54380.68832508606,64748.8710832076,55925.2421752265,55084.31391850135,55208.96822593745,48044.96711911214,43270.14487782947
"Maria Helena (PR)",145893.4683203615,130265.5726523413,137785.56110882,126442.74990709686,133024.89266399463,141818.90759498428,152184.9196253925,143655.24504878366
"Marialva (PR)",92949.07844327303,83690.49522545525,152387.19398714567,182638.9268739245,227836.69155178536,248297.8089573483,257283.50872977613,223273.1280475299
"Mariana (MG)",448557.0555982992,262081.93096141372,298627.7995542855,331407.9400272093,392385.3381938829,418698.05630512995,336504.6267278992,674961.2667655942
"Mariana Pimentel (RS)",105956.97470507446,112870.13256641918,76632.8497569209,55995.40471462958,98823.16409317304,82170.40245354075,85615.0050433846,99117.63241269618
"Mariano Moro (RS)",38580.85645652595,41647.95087579964,43947.979005706424,45304.80937340618,50975.29115111502,46587.32003902455,42675.988849666544,38004.71908908227
"Marianópolis do Tocantins (TO)",572809.4813916507,781322.9959547335,531828.8194892739,474275.2809423464,446129.59491653566,459481.75416828686,414033.4459099248,414626.9203406186
"Mariápolis (SP)",53853.8742516999,60016.04537743568,60433.620466433495,67799.22547208294,69065.5526866031,72345.3455792605,71226.21236787329,72048.02341510457
"Maribondo (AL)",97078.78646329074,42221.458183028226,66153.29390365831,75466.43777404034,61522.15525769294,60204.40724616264,61422.116034474195,53134.07386108323
"Maricá (RJ)",116851.23257921991,89021.58139584941,158412.9076139168,256001.0405865121,272289.8034265308,292402.489704034,340360.693385083,303569.896276239
"Marilac (MG)",77743.25764215318,46239.92482855061,43550.65812082649,31603.639795481984,37346.17303216605,39015.43565187967,36257.88913113264,39151.94306302937
"Marilândia (ES)",43802.8728719767,45477.80248611964,48138.68753115469,66593.4812849705,65512.7672406485,86375.97973302416,76397.85028128911,49812.967624294775
"Marilândia do Sul (PR)",139384.0819721127,83550.25287628126,86519.56495123648,85944.46407873524,92715.35407318211,82795.05503687353,87629.73045708849,75837.76939320673
"Marilena (PR)",78975.31365761087,60454.536293056095,73883.22549220275,92525.07295647952,92387.18631304894,89170.90362821337,91886.69435124203,98986.47215428279
"Marília (SP)",320198.6299810092,388384.1518537416,621824.3888498712,644269.6107609792,675945.7235817746,697231.9609805802,690667.1578125847,633336.2501821364
"Mariluz (PR)",132241.41614118576,109297.64570879028,93890.53741704469,82741.0822527754,84364.90101614426,70151.3339627515,93105.16132740225,84524.48525811739
"Maringá (PR)",120188.50710351796,126346.49355338297,732319.5469389713,864196.1080598427,948105.0047829183,989015.6595731965,999534.551155434,960633.6912870004
"Marinópolis (SP)",20381.28496254306,17204.976714028697,32688.26054451927,39161.57287163228,33967.18820370344,33999.46431873246,31970.582751720474,26411.337388043212
"Mário Campos (MG)",12504.242844116568,6973.966081771221,22620.324034421872,18484.069638209006,18109.30856459415,15585.279202638172,22957.6425317116,36739.34126897674
"Mariópolis (PR)",70120.44928421377,52031.90124402193,57303.834644585455,71725.24926703669,59656.679345011704,60891.47713888298,55882.667687842,51786.95710706765
"Maripá (PR)",3402.1821573121133,47032.13590910856,71169.31181245144,82199.04458972685,79102.56889350133,85104.56121649739,102437.35193947551,92846.01373779807
"Maripá de Minas (MG)",15972.806762236614,13007.58142446245,16901.706013775856,20887.712502219354,20391.973684850363,20095.383090530722,22388.785609685518,22212.530065015588
"Marituba (PA)",26325.780651499124,113518.2352373395,356869.4943226579,264447.52810708515,409650.664654841,134431.27406489858,108917.89100199658,105192.29766908773
"Marizópolis (PB)",263.0018560871269,5818.658927765774,12940.61362061697,27963.784014821904,25067.07978251024,25106.951258916473,31004.217352746313,26285.208590858107
"Marliéria (MG)",233570.96302270514,91084.55263010111,56743.925571564294,59103.3632106288,75454.34961132446,63312.987996338874,56786.07848919488,57438.55844403941
"Marmeleiro (PR)",268478.25528386096,135900.75572788098,123674.10127219667,230838.92137218147,249114.79566548637,227999.45833757528,227278.96506782097,216495.65159196296
"Marmelópolis (MG)",18264.138714451452,23297.057260850386,19027.35370284742,21567.799825841983,17363.57894330704,18690.716008971864,16124.935376232808,23335.78694710187
"Marques de Souza (RS)",18930.462680322562,59495.00447992822,79386.05671747803,58442.642866200025,76187.27810687017,57504.131480280674,53344.73891390155,99033.56949803143
"Marquinho (PR)",240940.01887655284,325670.0511460174,205370.52170717547,206893.84776507138,197798.04751522082,206857.6480306164,171898.6459547244,136517.91034668975
"Martinho Campos (MG)",321061.5119345958,395372.35829449,218084.24876073154,232062.7938119135,274909.95491558156,269309.77479922434,285168.34003718465,271114.02793378447
"Martinópole (CE)",14085.470105968861,49087.97240472914,29210.094647317022,31234.653359160377,24332.865227942177,31395.25847875461,31846.88656439059,36267.0918839782
"Martinópolis (SP)",415274.56640252535,290718.3859303113,358636.40836864524,333208.13521602366,327111.21866031515,305333.1044042242,307680.9724874854,292207.7325820782
"Martins (RN)",21025.431987069354,12610.06184044046,12085.239446631802,16167.403603516774,18262.598341773653,17368.89213115247,21030.55413105785,18590.952475904385
"Martins Soares (MG)",21130.84766020382,31609.11438197323,29563.200912682605,36059.74020800917,34108.92837666164,45565.84692601409,35190.330573986896,25682.808914406876
"Maruim (SE)",69351.02471331584,20387.183871874015,54839.468656676334,43330.983679109726,48017.880948594,52408.71066904414,50608.60674546829,80576.61561118232
"Marumbi (PR)",65920.79812058019,66998.7234818671,76518.31077425838,55954.64371192293,54376.86516469376,52457.68377429649,58743.15811928147,54991.81461824324
"Marzagão (GO)",97590.940591351,96515.90356934801,85510.0366760371,49143.65258080783,65609.60462237555,59718.43617447815,52652.928432369765,50636.24661668362
"Mascote (BA)",358452.41648588615,305615.4537607005,205848.65893460636,185932.26339634872,241478.8430098534,165071.7022396028,177868.4504252771,263462.0836353494
"Massapê (CE)",36827.177067789686,75006.08118460323,61957.5890582505,109436.76609249732,98907.57217642911,121019.12708801702,121276.24463641341,130764.46006361747
"Massapê do Piauí (PI)",12657.774059364625,57945.36814316047,57443.388132526605,29844.765105279195,28599.32832650453,31938.759152727383,38354.723918821845,37865.33418129902
"Massaranduba (PB)",140645.51337557397,66748.77137252917,61773.3465282268,38799.14528312221,38748.32424768345,40687.04210980492,41879.30297806009,40957.28883242389
"Massaranduba (SC)",121842.66796067209,151169.2821643596,167143.6592054283,150718.23839130675,147570.77475318004,204548.73986693448,153601.04513246784,111902.07895391184
"Mata (RS)",135127.10958689958,98406.25507028468,107933.31104534621,113258.29987240558,191286.0058383518,135218.98125826966,83215.5607407724,93031.2959666788
"Mata de São João (BA)",555051.4287033232,354600.13035062887,157094.48575937675,119185.58316922838,148431.4393740016,124220.7198306921,126425.77266032014,201309.97735407026
"Mata Grande (AL)",86286.41331685414,92614.03106388588,87000.80521297197,109999.1726005733,98038.00251761105,108933.32108221974,130151.61913319358,142148.2051251798
"Mata Roma (MA)",37507.46759729469,64127.56316616327,88291.02251383255,329098.9034975842,149959.5954200099,387253.0522311481,323511.50784399325,143860.03114723784
"Mata Verde (MG)",33573.25417400343,66168.4444453808,71891.80498898901,87698.6783891697,93295.17548722212,96977.45828417855,97710.10533687555,101227.02681970492
"Matão (SP)",179620.37438301364,110699.95356575899,249757.41597979414,262893.49865293613,281405.6069459045,317685.74928389175,318008.07972368266,274084.7307803174
"Mataraca (PB)",41086.816343367485,15044.057653178146,23385.40367850221,20203.186940453143,17462.16669470516,19594.005657879025,15406.735124734983,15682.090825464955
"Mateiros (TO)",38898.73902326081,229631.15434083098,713788.0696290021,845593.9259796669,377678.08905959735,431549.8527764906,527343.3851549205,677519.8708870237
"Matelândia (PR)",188300.0138184537,127940.6400583004,129275.57110324391,157964.59311988528,151341.06296361462,160275.98613323193,154808.83991059542,143981.9168216288
"Materlândia (MG)",100819.08441501376,205100.53690428718,69668.2972641209,135007.20210209154,87575.2246579102,120788.13671584362,102423.13622339284,137565.3437540565
"Mateus Leme (MG)",160654.06985767934,79092.28836697343,71305.42009142645,84812.6918814193,74789.60966354847,89782.43725892401,87855.07376222464,102010.03463358228
"Mathias Lobato (MG)",100366.81059839523,38038.96573607679,34801.63812267632,34405.80043189354,36882.46144703269,37620.33464571551,41319.240460126435,37038.94653614941
"Matias Barbosa (MG)",28996.181909654344,34982.557108754685,61118.47888079642,46866.22989839195,49155.85279127052,52853.60958721721,56274.037458457286,66679.68959286105
"Matias Cardoso (MG)",52630.106546470925,212195.57004413477,226110.24244575974,178151.16268204857,152562.200590086,177201.92899889094,174201.30807162396,187327.98066065036
"Matias Olímpio (PI)",40923.17321388138,30202.01226391038,25005.92646031871,75942.70707952556,29271.430972196777,27417.871614889675,71287.3602068019,55735.0542352187
"Matina (BA)",90906.24720665629,121354.50453358862,90894.27550663431,90791.65368869535,100979.57365671474,117471.18321129623,119099.57975001563,120092.63143606106
"Matinha (MA)",133058.00589347107,619411.3262095489,300041.3839710461,141839.523536382,178692.76937153135,347150.79270848644,257896.9369905098,220572.78932026794
"Matinhas (PB)",28534.233105567924,6542.034434543366,6941.851417553633,6994.052518762791,8081.651825742326,7748.561690016795,9786.354267203025,11677.875934016598
"Matinhos (PR)",16725.194735647066,19670.07607554678,27958.079965697834,54166.81413625914,60689.53120809157,69785.94521030803,69630.51309208182,46711.31607946423
"Matipó (MG)",188049.6099700757,51312.69247400784,68072.36724583244,73525.73080376057,82061.77609779571,72213.23619287259,88790.87770578876,90375.10619711354
"Mato Castelhano (RS)",68147.05159566432,70847.23293600598,37601.5407103667,27528.68903088779,42008.180554042476,25258.175560867265,24266.68539624773,24380.013522750112
"Mato Grosso (PB)",369.3933884318796,5466.90709426615,8219.382875297504,13395.679032710035,12719.691449381473,14446.433607051842,12267.89498956709,11283.83106512046
"Mato Leitão (RS)",4372.41797592928,17398.68284128836,25393.061135314725,33430.75709149701,38856.862545950964,29467.501679301604,43090.69521593047,28049.539945765853
"Mato Queimado (RS)",4189.265029142431,4933.536188642506,31485.536108069733,30179.140604496006,29654.190478430803,34784.46799502305,31562.89694043698,25454.303426881175
"Mato Rico (PR)",129631.86331665188,163882.64616989277,113016.61797012376,108755.46569530296,125559.22026002227,109274.91787243834,110712.71727416657,85720.4745855514
"Mato Verde (MG)",66013.08375215888,56257.04931850094,66514.75885544922,71300.59407006257,72089.10161505741,72231.41664238722,70901.6792314286,73097.294789943
"Matões (MA)",107911.79112665915,167753.61808260373,105679.80211354264,1438133.7232945533,1931473.1062352923,1096025.3596007994,1560561.3411258257,1321323.0102097946
"Matões do Norte (MA)",140973.79621224888,305518.6498408544,148824.27279222393,377797.47557769954,235208.99081834126,224295.7266503226,205580.4432658971,208083.5718262897
"Matos Costa (SC)",297401.564965661,196012.26107727495,148140.97869564098,88077.53159640354,113800.38719491463,99111.7888590101,97689.88762989813,46878.35838762608
"Matozinhos (MG)",111734.30135808357,70525.66142694282,101287.17319423215,83253.13431242469,83038.50993387226,82812.63461855026,79591.64750764242,86161.83809134936
"Matrinchã (GO)",758572.4746056162,357408.81847700186,345523.1139343367,322040.95074244635,311352.1911705064,314321.7015198507,307540.6745103181,325554.0594385853
"Matriz de Camaragibe (AL)",50957.983516056156,51016.6893107486,71542.09883256374,66505.85527765511,75085.86282686745,71186.12362681946,73426.61699037485,65937.33498382472
"Matupá (MT)",2039422.0148285313,3954383.1962137073,2075254.377824509,2516356.3486708296,2039685.6643562717,1951018.5319690267,2379446.000171056,1856909.5131638017
"Maturéia (PB)",5941.650430073998,9428.024847112636,13390.72801316247,15497.652695122544,15246.704091515212,16809.4707004771,17405.176282556466,15047.578824002705
"Matutina (MG)",59089.63870661264,79372.12533383054,63516.8464505103,69629.80694612813,68715.52088384527,65134.831017021694,65468.365010090565,66291.48997604218
"Mauá (SP)",71890.00324234308,568574.6031388654,-172411.00589532638,464114.14323756215,659599.3592600761,664122.3530291773,641319.0585758599,601576.4474252138
"Mauá da Serra (PR)",38894.7771703659,28006.577596338608,52336.376406202195,28565.542661788182,30334.320639741825,32430.06449436361,42885.80852077164,41744.922551857795
"Maués (AM)",512426.1458358995,1167283.9619779403,985332.9934896752,2460499.6383180427,4809656.923114437,7008480.12257111,3471726.9284587563,3286231.8936940925
"Maurilândia (GO)",224396.906570912,104190.80372516131,103686.18161029734,115626.02087518568,128348.35993971545,102012.1713919132,104584.95783105693,112947.61758887881
"Maurilândia do Tocantins (TO)",79065.31750362703,93793.12802663764,125024.01389112332,103049.7978754447,97397.51806128281,113733.67835991683,143295.04410044636,143292.3440921614
"Mauriti (CE)",127885.06918569903,154765.14043705276,147831.6943898028,189868.0703835759,237065.5151329894,249890.73222261734,271249.2390893038,233721.31367610279
"Maxaranguape (RN)",24055.304725274174,20534.15383346286,19685.799702610715,16297.571668551702,15987.934019902743,19019.07989387714,22040.9267380947,78132.36622644085
"Maximiliano de Almeida (RS)",109808.06593824415,76014.30503420674,72702.39193158915,68490.54702923966,92135.06325614917,70594.37261896506,58044.90503015977,41717.67626280287
"Mazagão (AP)",24394.804563993082,60656.09822819903,67061.09540031273,171970.38507993348,170291.3420751938,417579.6530248152,406731.4381857143,134043.05455478045
"Medeiros (MG)",128570.39729813786,206099.38045620316,140423.28248132914,144791.85978241425,156032.4872957608,163497.14493185678,165275.84604110403,169042.3069521886
"Medeiros Neto (BA)",401882.152215603,253179.62354825056,420811.00955220964,338530.3867192268,362580.84252395405,386966.2006018554,374516.8754185571,367219.5118119591
"Medianeira (PR)",154821.4858585889,121781.17818188798,188686.10946734287,215589.93389501376,225736.39081349885,230725.99263373413,222695.91056694396,216015.5388432222
"Medicilândia (PA)",3245055.731643916,3400300.076052324,2778581.1600122303,8247269.327708436,9858459.783088246,10558136.97971043,3637233.7340267324,4129003.600837511
"Medina (MG)",251754.39980012106,193514.15253072098,216326.8842181457,208757.54380038194,164974.30869075804,325390.79090635513,353239.4232283814,223807.2515871402
"Meleiro (SC)",95456.20152924681,73294.47471271991,128735.64554261109,150518.95007859558,164399.14097710224,157918.51662802324,143643.27636824423,147045.2910405762
"Melgaço (PA)",13961.815755763777,66130.86982167237,52541.661400065015,138567.8611774662,65383.65071135362,246829.296272096,486339.10968868353,169891.41051928615
"Mendes (RJ)",50178.04921196861,15249.044925055921,35540.7113368462,25027.302625429387,24223.605654033505,24642.048069312554,25764.439077910898,26390.312838037742
"Mendes Pimentel (MG)",114066.08634610249,54599.251986471456,68689.23336067682,57400.77746717593,59755.43146124446,62077.84493741447,68748.87559148479,71728.52804148605
"Mendonça (SP)",34666.74647201832,43217.82766809792,230945.18404842325,347808.4876956621,325847.7425237832,369408.9134349633,294417.0936758345,74461.74776689395
"Mercedes (PR)",6563.067838379997,45908.966938533675,51045.25660477454,70800.33414982253,80149.76883797857,68899.35569841723,79636.2071906429,64772.99932826669
"Mercês (MG)",46578.46553881788,57300.64190246579,51274.15218753052,61681.209956299106,64818.174313561634,71536.51598441757,68092.50210210471,74579.24812019322
"Meridiano (SP)",63870.0300486933,60051.1852408293,57465.79494856045,111039.54314005768,103989.99206001124,114883.20693041143,115011.72805518306,114519.44258993618
"Meruoca (CE)",9002.820560487013,11008.37999886603,12988.642775839511,27376.48497114372,22557.887562013624,24975.638491871752,23184.696097664415,25062.40249080258
"Mesópolis (SP)",10675.655362921616,41229.133951535514,53642.49118608072,31711.417181319695,32141.60758112967,28052.468456436392,28672.921425678054,25243.08238667219
"Mesquita (MG)",229081.20666597117,129288.48432325169,44991.797692356915,52273.91151923139,58595.763566110596,83116.02960393591,70668.31376870569,135088.2625593301
"Mesquita (RJ)",1792.0694326413454,1009.8684232589574,120825.13891084437,187291.8815743843,195727.422124476,199434.8078965513,205074.379091724,219411.62740482436
"Messias (AL)",32184.659478252997,15250.593436367544,31746.534375085143,28612.633474824383,24276.9055012229,29306.812343705416,44905.91215929533,50027.5924216977
"Messias Targino (RN)",26871.78449173706,10177.815495845414,20886.380396854245,23855.87187086183,28196.554895620415,26893.649722231334,31207.417963725366,38309.66007215017
"Miguel Alves (PI)",95479.55086201701,153983.03046316755,121788.6341249659,271231.13703627983,164669.8641983004,129433.0489613067,257580.47889272208,188292.3364424493
"Miguel Calmon (BA)",372351.97181908914,197848.3113740357,193296.65849984382,162501.06017117813,175905.69412895505,204450.2541591686,266510.9240334092,284828.1704911934
"Miguel Leão (PI)",6590.034620728916,8424.0738289477,3319.556964408729,17475.66510974768,12809.351440794175,16369.425726475461,29115.663526872086,26507.872329439826
"Miguel Pereira (RJ)",69918.84128861384,73859.31761026592,90352.86993082766,65297.09132017136,60476.22396357137,69708.56613497449,67497.5616799793,60332.39541272832
"Miguelópolis (SP)",117317.90682910402,126577.64302848703,141682.620989342,154446.46475145608,132351.57716590623,135812.33980198676,121839.74576975327,127112.95974171614
"Milagres (BA)",107159.74827027503,34889.55154821367,81115.49287585323,105475.98005930346,122949.87136126742,109465.50238318302,139466.3242526485,185413.47600853074
"Milagres (CE)",88483.79848184004,79494.04429865775,108344.33531016912,111152.36136408374,114654.86744806745,130230.14870745325,130893.97561584934,123636.86745321985
"Milagres do Maranhão (MA)",19416.847969551298,34307.20698924021,124421.0200115624,353060.96161101887,248793.2708350982,155932.98044291398,159487.60092061348,229851.5500974941
"Milhã (CE)",80070.05021882444,112913.96443504225,134298.15145931207,117907.81228633528,130098.17995434794,150971.3022110344,163248.42983093605,144064.00441577536
"Milton Brandão (PI)",24844.34207816912,55576.69760097645,40747.21106224643,51796.91474182208,66769.62091812647,56073.41553907335,95077.61101798392,49088.9737298688
"Mimoso de Goiás (GO)",349618.5681639615,321229.23291251744,206587.7282201855,254589.98383779216,210194.81773540308,200346.04073060895,252272.9994605953,265862.5763200881
"Mimoso do Sul (ES)",369847.02382586425,337790.8260990659,290000.301236932,326302.8348038922,317266.4787933572,349889.82826820965,342034.0681409648,276548.89320667944
"Minaçu (GO)",606072.6742186768,609226.903806108,467855.00394138234,698703.5662110805,748997.5394741454,769848.2653627718,1364206.3344617388,974884.3327745968
"Minador do Negrão (AL)",44816.74197616764,37420.922362729354,40220.42784114738,37812.51831392139,45522.73326267815,42682.80438716006,53394.23826598576,46159.80371678258
"Minas do Leão (RS)",123776.73550443751,147764.8284551031,-75260.89475154516,-205082.43801284352,100979.38979066629,-404622.47202043125,-407690.122607633,-418852.54561735154
"Minas Novas (MG)",278468.11742089654,499147.5338935951,477521.82407605747,459152.3325596388,304865.8125884871,253384.54798724176,335720.2370548504,385159.7034933638
"Minduri (MG)",48208.37437984895,33133.95904645749,42795.94132736326,56287.858997787975,47265.25208674479,49029.1548283444,37167.42130981007,44137.84835352903
"Mineiros (GO)",2520055.109577291,2059505.8243395458,1416761.0771075583,2011517.3294320463,1796999.446229735,1795580.2117404407,2323037.167071748,1935442.091542825
"Mineiros do Tietê (SP)",37725.359308528816,55652.69807623204,46749.1657563688,40989.1355947594,41303.23183448588,43564.16352028433,43404.75152042623,31066.510674763602
"Ministro Andreazza (RO)",549934.4534458235,1104547.183490948,303677.80168643896,516009.5209810744,580635.9768161594,620990.7723293112,1013123.246633325,428761.3265450872
"Mira Estrela (SP)",51411.83914057342,50003.17791571972,47060.24051269122,49869.76550202063,49998.839877911785,57156.96912959427,52079.87290019736,50335.44065750466
"Mirabela (MG)",242186.14935025,183927.69671973196,131466.964825078,143157.44641029192,164578.54321924096,125221.62564310798,138017.14287263688,144378.7921508234
"Miracatu (SP)",259280.07297967642,130640.29486639061,141580.60591137304,141129.1971828586,146164.80006548425,159673.37552736778,158114.518972747,141214.54773821152
"Miracema (RJ)",78498.55183289657,105227.11613930795,110288.37317603668,107616.25259744561,107679.59788305279,125172.99900471041,111578.71394782618,118553.19485206244
"Miracema do Tocantins (TO)",597912.7520689532,800174.3905462858,575917.5198376479,668978.2099351131,680678.1900589555,628756.2073662105,1100824.6057989106,1167855.1812447296
"Mirador (MA)",76000.89140104022,293473.27167074324,216684.9573736753,2766512.9581604255,1223866.5303149885,806290.0684269879,2930598.9173190813,2051359.4206569307
"Mirador (PR)",75349.0829024605,64102.65320837047,70469.94475573453,61860.509871051705,69326.33257515049,69468.04527845884,79722.37417526393,80216.07972027938
"Miradouro (MG)",128250.5471866477,54281.953772734225,85639.433908653,97609.03870651258,112283.83275824283,115521.3695678005,112057.37786947201,100665.96293481522
"Miraguaí (RS)",33573.89316986135,28650.228378545347,36516.15449885666,42504.137638536326,47516.966597760664,47991.6481129241,45402.33935231482,44197.86978643865
"Miraí (MG)",91502.62589375224,81227.1305248617,69692.36517736195,70296.28239656078,76020.21316902696,83166.33664606526,73928.52128127246,75911.52259548957
"Miraíma (CE)",49471.663071585834,86231.0597077196,97265.33055774609,76790.66288387544,93812.49301559152,86919.84499669976,105521.32948711568,95308.3733088401
"Miranda (MS)",2376812.713270869,1557343.658088244,1157071.7640244798,1195645.4514237023,1139733.850057432,1105661.5473814786,1294857.3804183311,1126964.0340277646
"Miranda do Norte (MA)",122545.89320430953,239791.51936228713,177316.41096853523,388995.2087977576,1204364.8728839152,232003.99347691852,195207.14789802325,275688.8649651584
"Mirandiba (PE)",57494.1446786584,40009.23815981061,78115.13586993497,107107.42634891017,109209.77787381185,101142.52845219026,106919.03801266328,96746.0579788648
"Mirandópolis (SP)",226547.58820678404,238300.96551838788,258515.48835007087,276376.6049647159,294692.632961473,260255.84479990756,263042.8936105739,261834.3239708977
"Mirangaba (BA)",159838.94100510314,157904.87939568388,150144.60157831176,126933.56553461548,156999.5897043703,165723.21659566768,172500.26284570037,225900.3009977583
"Miranorte (TO)",347974.260393128,516487.98432095454,322791.1117018989,415914.30026076507,395419.791855569,432755.22794699227,461471.635279065,438466.4344482669
"Mirante (BA)",146076.4142197482,183363.23040091968,93820.94236425757,87386.97520962016,86278.3729638045,131649.59965639023,92444.4673448429,79952.34190243653
"Mirante da Serra (RO)",474588.8747232887,1983429.5400170425,326854.24474050384,1020832.4953317962,908812.3029508657,653510.3910494634,705178.4122858583,470675.51816926163
"Mirante do Paranapanema (SP)",376123.46904683596,314649.23984110716,353317.0710868539,377445.78620102874,379625.41239775764,381051.3511239923,374649.24567951134,362460.4075689459
"Miraselva (PR)",48462.03955009748,29089.36972104413,27215.217093329873,23309.95188455194,33019.4444504029,34611.911630565955,33757.9484461805,37845.322293496116
"Mirassol (SP)",72929.89378730848,78171.49825210415,182977.47216117394,221812.9071544305,268489.48070309625,236223.54226425468,194613.32849028276,176419.5097012398
"Mirassol d'Oeste (MT)",1521955.1794460488,924960.5135343482,583255.8591981339,827431.8312895595,886321.2286444105,917769.8129849968,1179227.2824344644,588513.2592315321
"Mirassolândia (SP)",72915.00484270466,56531.842073037864,46166.34848117375,48001.336443707965,55215.8903984848,55544.53974201452,52653.04297217198,51285.70149973217
"Miravânia (MG)",14800.023623397521,61495.187329565866,49031.494043737366,41345.60155715993,45244.41665229432,41596.56170109415,43774.68846342188,41636.537721861976
"Mirim Doce (SC)",78574.17448628518,82018.38809386379,58919.66872610748,76248.59398080675,99039.9859077236,66902.57862462908,64813.87107144766,54958.78425709822
"Mirinzal (MA)",57949.667898061096,69796.56402097408,34717.326419584686,30757.33018748491,57882.58027316406,55493.838675590334,53896.25050189497,93432.85788516984
"Missal (PR)",66054.56753278179,91642.35326919417,117526.16250238952,142322.14847600783,143179.99758643648,152429.52328927044,151928.81486059373,138810.02434674077
"Missão Velha (CE)",50442.511883854924,74481.86140129574,94103.74387490068,148418.90064796706,141577.0210713921,159673.29300168768,138821.86103468863,149944.49795152058
"Mocajuba (PA)",1219371.7297979032,134140.50405347394,140644.74917434936,157867.43803016123,204293.2650325737,98695.4323689667,1075287.9722536232,265578.8528720286
"Mococa (SP)",269922.2852741315,237810.02595723266,338279.28759050014,397356.06982699275,403094.1290468958,473865.3849098736,371495.0183846536,337073.0748156119
"Modelo (SC)",121504.0912361892,45707.99094252474,48428.822728531,47958.52343521272,50643.73346540848,62742.90185039432,61145.532365353094,42756.34857697837
"Moeda (MG)",59799.58874201822,28445.55387453759,33221.549279713356,26353.742006472767,23036.082355663348,32856.498270427124,30682.287119090437,29368.70852754542
"Moema (MG)",53789.255734596445,61722.24640530601,62169.159446340986,75368.10240233035,98138.1831295445,87416.69715924888,79944.53644063856,75178.14881764218
"Mogeiro (PB)",149572.18652384088,49693.06207809932,51478.71024975129,46837.03163608834,46912.32870680926,43581.6491262448,54437.420357678944,59619.63544472642
"Mogi das Cruzes (SP)",201685.9438184818,269746.358237957,584166.8405890004,575861.2842878796,622567.4431122765,657992.8324672262,658644.2093199217,579860.9512414413
"Mogi Guaçu (SP)",351751.3715797815,249223.15123632737,455011.30506783974,407272.33980015176,456490.39938655647,458416.49088179634,445100.6593837322,403550.3527285964
"Mogi Mirim (SP)",104922.55909666943,157448.68870138496,237262.89486994286,274093.3908807227,307548.9061364998,308635.9511304085,323157.03971619264,265543.22582136514
"Moiporá (GO)",183115.69832283538,146910.5376373919,126437.94397502686,151950.94332284978,153953.77758708372,149292.45885458245,160836.15440833627,213540.98918481826
"Moita Bonita (SE)",26093.408239128206,21600.775619624852,26252.950393649862,33710.06730799585,33255.695394672395,34809.918002914,36471.69302204728,38421.24577166683
"Moju (PA)",5270986.644740215,3479321.748480244,3384485.1831951137,4363872.265797578,7547322.3913789615,9037579.569125032,8671141.938213248,6956498.13959051
"Mojuí dos Campos (PA)",2913586.1156405155,2712026.324350688,1045958.1041004059,3443598.0947386674,5826737.802905657,7860383.021046898,5365389.4294008175,5290693.534128007
"Mombaça (CE)",146508.54651701095,236097.00843201453,310035.8786513868,267784.9305699588,316982.1029058511,415009.58726592717,513133.6441576232,476839.1238604639
"Mombuca (SP)",16012.507002285216,17204.397320782104,26495.7020075489,30999.308892751615,33777.86704600806,42022.00335556659,39490.91843017169,28569.162824269766
"Monção (MA)",426730.0550939911,1368452.0689741364,693762.9057070925,492347.12626524223,679154.838435487,629955.331060917,666709.0500470862,786468.0149789044
"Monções (SP)",27962.406923052415,31067.654304162046,63963.4518835116,31653.679577176612,16652.750266523653,17829.23652820755,25918.77689257347,26823.494355806215
"Mondaí (SC)",148899.6509269668,67497.24992088134,96147.68916605956,108150.1162486472,126645.99269825914,137360.99066835962,129036.50913059255,101329.82571332352
"Mongaguá (SP)",48392.64462598681,16862.637063445538,44632.34905557379,71452.12185274395,86678.7386029483,74375.1712190061,128034.95320303393,75537.41439740972
"Monjolos (MG)",111173.22251327433,62798.80820793995,64915.169665588255,46652.56065216312,51303.27090164868,49030.77625013477,49155.327405219396,68673.44909933394
"Monsenhor Gil (PI)",35230.909108873486,39459.04893469958,68439.0357103292,78778.99195219652,227177.53011003986,59027.78584664086,80119.34749281708,95518.76153899786
"Monsenhor Hipólito (PI)",36863.58063807899,53884.45439915655,34380.99963836554,29020.54074455147,32652.311736261465,39163.69392016858,43096.24804966434,32024.554741799166
"Monsenhor Paulo (MG)",43369.671646353636,43461.98575322143,58943.544951299045,50376.84809454743,50733.720879036984,48609.7954447816,44510.54432240044,42505.891676373314
"Monsenhor Tabosa (CE)",83596.7670050249,96556.73129647892,139876.9901309605,101041.58222978603,102854.49748500955,132949.1333546342,124257.83984638125,149030.14259683184
"Montadas (PB)",8620.89183596677,4650.935366899962,20957.00696748889,26136.39555100899,21794.66435914838,22541.935145197993,23451.379415311665,20105.653063980564
"Montalvânia (MG)",204926.29215254227,159605.95959382594,151899.79031109644,169124.6564233458,181015.0120709773,179462.10598631398,152270.80840850057,268573.7758359728
"Montanha (ES)",219310.57461276045,249226.02622282345,308441.8067501155,293777.0770550248,280785.1362157507,271322.57331784355,312932.83148333005,269005.97578453645
"Montanhas (RN)",43054.178827032396,17465.327398052617,19110.80386299784,27210.82134725345,28059.137585497552,29409.0523477307,30015.84473758202,31390.621925697254
"Montauri (RS)",25837.2055534882,46267.51928220782,45868.51642171637,26125.673897336143,57773.04147793638,26544.55018784991,30876.194438520517,25918.057639635615
"Monte Alegre (PA)",22114806.423504546,708112.6964516339,1575012.424151227,4120330.2950444873,4799597.32890198,4824509.868206662,5636084.294523951,3500980.5933496496
"Monte Alegre (RN)",44769.19401965884,40593.411186239304,54792.428509180085,49086.18348581146,50228.72948528869,58987.18889751962,58688.21299213277,53201.10797546357
"Monte Alegre de Goiás (GO)",1049402.7051451162,886994.9358055561,573808.5863417619,620972.8609534885,587029.6917471008,591745.0105690202,588841.6785592518,584767.7770976771
"Monte Alegre de Minas (MG)",1110418.3274537968,717975.1706115297,595060.2618094262,611894.2808174219,622944.9587077342,639183.8825586354,570801.9435005995,530242.6213830408
"Monte Alegre de Sergipe (SE)",63903.68244468765,100565.0074915656,78172.44933055165,107163.05064338725,119748.10231204578,110467.29703644961,116032.95517242904,115528.04901606293
"Monte Alegre do Piauí (PI)",84873.17339662541,161140.48796895894,713927.0932416801,539132.2935123588,463219.3233724408,531571.8558571778,425549.6587027737,394841.65785457357
"Monte Alegre do Sul (SP)",20866.816363186248,29990.51137500104,43811.00069725037,36240.778554060955,30331.265698215237,29642.248578756105,30771.8044532024,24758.77445560233
"Monte Alegre dos Campos (RS)",43466.09944398934,89755.90216620463,118402.47613570151,82661.93833334588,75689.31991669498,82666.37880200577,91744.5384134846,99521.68602440186
"Monte Alto (SP)",96153.6646683161,89557.206254899,116512.34998260981,121730.53290479243,123135.98286261069,135085.56483116496,125602.01798490046,118534.41827474668
"Monte Aprazível (SP)",153172.2335704061,126015.48369739884,142636.98128844838,163687.31759373308,173697.06299788228,167640.20822554117,169298.17363452565,165477.1762145938
"Monte Azul (MG)",182399.1998461568,93086.36634890514,114246.64694619211,124943.22060418746,130065.28753564121,127183.24020423925,125004.10491088443,125104.25348275618
"Monte Azul Paulista (SP)",102790.41647496675,74529.80145266835,63647.72703188897,60187.12581666137,66918.28962004618,67045.70680675938,70655.40050230135,64126.06068844817
"Monte Belo (MG)",85543.47033916261,119976.35933043742,107245.02920256404,115858.51122248347,118889.30516003848,117380.23515395008,111171.80591550407,108934.55000120138
"Monte Belo do Sul (RS)",32747.70854815612,73966.64625797882,25411.656001164694,21909.472558075428,22024.001023256853,15322.554385024492,14754.458313446421,41958.83578747807
"Monte Carlo (SC)",47065.44114081,64187.75259851557,50083.02745450179,48213.67226342539,52402.553488595455,44545.69687047959,47424.51386242911,38790.73119847988
"Monte Carmelo (MG)",362224.8187331586,299753.37030671176,340516.73987754394,388893.68729267194,390636.0051432159,394033.63265180535,410762.9758999061,391184.84909089154
"Monte Castelo (SC)",183509.31206042264,172530.73335766688,201378.29776583574,216372.16486332158,206259.9826337201,190644.13310404116,185667.82141303847,117738.0465036077
"Monte Castelo (SP)",113394.06659876046,67627.46707366563,67033.21056149833,55748.85825300221,54367.386655613984,51207.12588557637,48382.06156483224,45059.17699899576
"Monte das Gameleiras (RN)",16751.721551631632,11990.148115594597,9903.304417463929,9193.247492684197,13110.285552089885,9333.873123645342,10404.72684704421,12234.063847256632
"Monte do Carmo (TO)",567793.6083410765,691773.9636313065,638282.4233053644,666147.9160592387,603258.9810861172,851013.8598980549,1260827.3385444542,815554.8196995977
"Monte Formoso (MG)",36106.41263846767,100243.75339261862,87765.08300134024,111638.94975497123,106171.1829734715,91404.07012670492,88822.94483788472,86137.48235706704
"Monte Horebe (PB)",6603.595605680575,13098.27181934579,19219.152126523983,16881.327393938038,23787.808909014788,30954.25168001912,25442.886198975983,26459.3820959863
"Monte Mor (SP)",68439.60745596027,52481.12892944919,90792.1049862384,121938.06835066364,132386.14600177857,128114.32469559356,131898.95939623922,120759.83127381513
"Monte Negro (RO)",877011.6934966808,2481367.9807376717,1167373.1003841353,2730513.872095791,2506116.0201521213,2092180.1437545214,2471906.5054781586,1227621.4459357825
"Monte Santo (BA)",345091.4132855755,324246.422093601,311535.1234225663,310290.057552435,322731.73211672547,399434.4061996368,497605.28828361153,429307.5082212811
"Monte Santo de Minas (MG)",189079.5841823339,173555.90837598895,155050.8731295034,136035.10596732885,118720.72034768734,118593.5071077347,117493.64518608732,106858.92441081109
"Monte Santo do Tocantins (TO)",214837.44027919858,267556.5835976423,239723.07706010705,406138.8383743343,344943.7331371787,338023.04728082876,331309.42545920867,307586.91740996577
"Monte Sião (MG)",63750.43720658677,53129.69304042861,81841.87094385548,87676.96620818808,94830.75429349304,88171.13217831476,79666.38678214922,84720.59811930366
"Monteiro (PB)",219129.62855274646,81656.52412488672,155498.00392830383,132627.00074811556,139750.0602486891,149716.2847199536,187522.49337281368,150665.05311219703
"Monteiro Lobato (SP)",78566.26546148375,73669.53611673162,43011.78334081851,49053.89732900498,41535.37628288222,58987.49537042263,53700.550132801334,31488.402513495348
"Monteirópolis (AL)",16810.490933560843,13531.300244614142,23447.399638128965,20193.407282520013,20149.123954597017,20631.912951856593,21852.53945227817,22657.69814727487
"Montenegro (RS)",326267.84482277243,261867.81885771416,294940.6152298282,258927.4076534485,355527.72867236705,255164.22425760637,246029.95104378657,327340.6017648459
"Montes Altos (MA)",386102.411920014,215774.72548794802,256044.37990554143,320205.0693253319,329027.3635735885,309773.52291569515,413368.41313287657,377341.0457455471
"Montes Claros (MG)",999025.4382788598,758541.0821859448,1486443.0618677968,1492260.4712893835,1382317.7447875156,1573415.3683561909,1512100.0898995053,1427605.3732317856
"Montes Claros de Goiás (GO)",1486358.8336033924,722164.4365047481,748432.0267255951,719722.5964642842,711640.9606221655,719926.4341488034,641366.4470170643,650163.9263505798
"Montezuma (MG)",69357.49331565078,235343.25169352003,145721.50201749254,92843.89596451366,100034.60689181846,98275.77617066696,135939.16744451443,174246.6194998163
"Montividiu (GO)",403386.4346829023,368079.6935661826,359305.4668592191,431604.3594990982,434778.57184025727,462049.8992613113,527924.2197927524,486718.7608583005
"Montividiu do Norte (GO)",455264.86019060115,427128.4353593699,276897.23990566493,391576.91992236825,449791.26121297164,459071.71960288245,441589.4531139236,382957.6122730298
"Morada Nova (CE)",276341.79112143716,253429.65777387514,288754.0899867294,367745.50597770675,373249.78178486973,440857.03565823915,540506.2107568877,549854.1736648126
"Morada Nova de Minas (MG)",786265.6459354464,361526.5376782303,186244.29012555344,182252.33684506136,208094.41608300337,192731.48062723936,224070.55623968883,318556.90602253046
"Moraújo (CE)",21122.54270891432,67656.69306079033,33893.17650560404,36390.56603247985,35956.89614413534,41680.57766575103,46427.38296527085,49418.49441072714
"Moreilândia (PE)",43235.835277989674,104987.12143440403,61501.35215144407,102959.02920309381,87819.00316956076,127514.46589026006,106676.18203906476,92190.84891981876
"Moreira Sales (PR)",96042.1646047699,123177.27353707163,110783.39043522264,110037.91687542254,100062.20274027386,85079.68876249628,104956.82520960033,92992.2901534406
"Moreno (PE)",49848.83969712214,43631.4594471918,61175.27870260542,76607.8843024828,83448.47150358751,80583.87393112844,72534.6800671975,77416.23526803583
"Mormaço (RS)",31456.516630294595,35801.03927645472,35254.213512648814,33576.86803980501,61808.179600790085,32482.665123395658,25358.52117794765,23222.028109925854
"Morpará (BA)",89434.33461240584,99994.54444337718,119418.45175789451,109575.75698286673,131898.76611129005,190385.23060919283,168995.7520792034,196176.75213042533
"Morretes (PR)",90055.8020097719,70768.18815299578,51516.13461050531,69876.93610280298,56027.13758865895,94401.18256775953,73375.48388035227,57681.732114410646
"Morrinhos (CE)",45284.249727499555,145620.9919577972,80434.9352250144,61291.94772104592,77167.27972134859,81259.82933055058,76076.68813960455,116683.05446443039
"Morrinhos (GO)",1333298.6897859275,1163858.6907087823,938456.5519244567,926960.3330521951,972001.3885451753,956460.2352228232,906788.6461091682,895546.9895561262
"Morrinhos do Sul (RS)",31506.70287544442,41866.34594966483,51218.45443655909,64737.84007355742,76415.14839305793,61191.80458557757,46450.73941301884,72199.91287867812
"Morro Agudo (SP)",223107.5016640858,228652.19907328373,345598.7368201307,332034.4440194279,301063.6812817592,284292.8732168332,324236.66962940816,293246.69519776804
"Morro Agudo de Goiás (GO)",100720.70849479706,78530.0532385921,82089.70647070963,96659.48652714047,98974.7925554063,102440.5111106465,99175.53522808553,113745.46562936524
"Morro Cabeça no Tempo (PI)",44681.48419150957,130737.22977345946,161839.98606262004,114925.50249289624,423924.0177632086,332357.89738481585,284291.87197517196,756684.6104861678
"Morro da Fumaça (SC)",24606.107421825454,24152.07275463443,62339.92936327758,54375.32268268832,61312.94314499466,66545.65645351599,64314.76977077161,61296.14095927767
"Morro da Garça (MG)",101502.71093272594,120565.03037700325,173965.295932145,75133.7833620567,78081.6333716515,86615.02988350994,92351.20386644424,92986.95886148332
"Morro do Chapéu (BA)",836050.8189273512,358667.18642278813,317887.3846443707,344652.8326450732,375452.2532289147,383757.7095810063,509397.3920969605,931786.9429310834
"Morro do Chapéu do Piauí (PI)",54136.47391184961,39503.50136946278,39091.60013552885,78527.39217728235,45177.725997354035,75053.0759900624,111403.97385907141,54942.57351445846
"Morro do Pilar (MG)",230305.90905209794,141138.3077980353,85358.60543982837,79281.2418672494,70465.9649299335,83678.32898714369,75252.4138151182,75508.47627763037
"Morro Grande (SC)",66081.12410118683,47173.688699841565,63214.78259731159,53426.825059532996,47290.45814612195,61019.124796426084,52617.86125097147,46216.4095738941
"Morro Redondo (RS)",75860.77125575165,79876.04347413214,100497.32677230185,71953.92146749984,107715.54098813873,83843.30059663331,83466.21084286364,67334.18613580662
"Morro Reuter (RS)",22078.279917482134,56047.498588178234,43856.68011305216,39745.490932079025,79228.58032089045,60598.92114478855,46905.09774771713,89648.61779801395
"Morros (MA)",80473.39634619102,535246.3303996681,86522.07263628124,318492.22251462116,83000.86045643823,196427.69410098894,91277.97939806446,78766.2874824577
"Mortugaba (BA)",44977.67836195541,75144.786504545,118057.40521796685,57300.133952113036,79407.86406000407,66802.2126486832,118870.59686732531,99791.62340675229
"Morungaba (SP)",20404.586542056164,48209.56339215915,44077.7465654548,50805.34297770406,45393.44192644425,49899.58390046812,45962.34754719303,44321.691820165215
"Mossâmedes (GO)",287807.0779837448,223771.05907222428,237764.93662465914,228769.8936573433,236569.44039776415,243502.03982819305,233694.68955656464,257369.32227932554
"Mossoró (RN)",228459.31968867156,483696.3564829718,572237.4255221667,1116373.1214340646,742089.2409617957,769493.3359923054,777251.9941639752,719057.9246662069
"Mostardas (RS)",703097.6280282029,598229.1057561499,653549.9403808563,356970.7777680223,847880.8954952344,613697.6527332946,550303.7960217292,503138.45719987975
"Motuca (SP)",59473.17237870524,48047.19914105826,40081.19520187936,35012.921344680755,38937.64955764724,38440.50611533064,47113.22348912456,32446.783053687934
"Mozarlândia (GO)",862345.8441413791,528768.2594931106,485005.26841395174,454420.04513272794,496830.4073799948,508085.3549005201,494017.05614923337,520891.2463278434
"Muaná (PA)",159003.82351727862,86292.63552313086,124684.54828445788,91610.71253784669,89700.12325879774,98763.49053489794,94387.42519825144,137364.56790906997
"Mucajaí (RR)",1769568.2841194344,4020109.136152604,2392995.912722187,2117918.8866902846,3586716.849442721,2372566.2520718416,2354206.6911710687,6900254.882130195
"Mucambo (CE)",18391.18323263242,22871.817033434854,24799.072630881332,38061.534704711914,45919.494157193185,66762.97437952095,80511.91997333731,81961.59223761428
"Mucugê (BA)",188462.28708947977,130264.91561349719,337068.28492856625,272816.1094814978,147169.5730519775,224720.96095525342,227274.66846373322,282314.2546342921
"Muçum (RS)",66151.22174843145,64633.05654241148,51262.99280967424,44896.330223987,83204.54418499501,40571.09274257071,45308.41807353431,107643.72877430503
"Mucuri (BA)",832793.2321714989,440297.4724710707,772932.4643567546,419618.3641888672,456932.6735077103,528758.0922662468,676618.3524252884,882877.1469177331
"Mucurici (ES)",210120.70190583923,161391.51169666462,239649.3318354895,178232.02597452147,184184.2204174933,195171.6827296423,205185.9960138666,188202.15787838073
"Muitos Capões (RS)",88395.1504933563,449604.8036512277,287453.0666933742,297357.74691442086,340749.4849140092,225825.8343147448,270094.9350976905,302392.3018618926
"Muliterno (RS)",45997.07383409056,32579.26059922421,38605.07842315275,26418.098990933748,32770.56003682416,23228.275251578172,22079.10500374289,16916.03928979275
"Mulungu (CE)",5333.026928122493,5416.0508283755125,12097.531451861925,16245.120636774853,19442.33826026724,17782.994050867816,23605.259759094104,23764.472201967234
"Mulungu (PB)",75412.85973521687,46486.040485151825,26580.66572008232,52501.829527544105,48816.84993218575,44111.01349984472,43191.11746568735,44015.54121519296
"Mulungu do Morro (BA)",77506.41368408967,68000.59705351335,70096.74181457833,150843.41130931795,127455.40248066036,85206.07249786703,96604.32785869497,176943.64926613896
"Mundo Novo (BA)",585177.1934318206,263503.4355141677,403834.9744885846,263662.19825181575,292696.86342338094,337690.49107554095,556189.6367499261,561359.3938009555
"Mundo Novo (GO)",1337774.6165568586,675661.8869437075,590301.070752971,502193.5659452277,502770.0325282272,514030.63051406626,528536.9214384052,571018.6998877047
"Mundo Novo (MS)",253813.52434178986,109177.40879585233,109250.46095345616,239729.00828637026,182985.28152544762,206924.21628332083,269916.7730453376,119151.45612172733
"Munhoz (MG)",37814.823634025786,37801.36123249032,38742.131957388985,33813.80795570626,40386.38986906008,41686.50422111632,35940.804238615165,36184.14181930922
"Munhoz de Melo (PR)",34850.97756786063,45583.14810426891,45744.17201991018,46387.15443007438,44443.890657511045,43918.12972646813,53274.81899696751,53589.472880934416
"Muniz Ferreira (BA)",107391.49518318304,71141.05592226864,30574.93680171144,29087.203404503085,38039.114053335405,37691.7988246291,42036.34596783615,31384.096304479935
"Muniz Freire (ES)",135894.96585925238,279303.0286094463,153765.5527455345,140761.5401165335,122840.97739552501,157605.35131554253,127609.04623692566,109774.01758045389
"Muquém do São Francisco (BA)",541700.941856279,345546.3107235046,402788.4022422761,416212.66965179064,398035.9451649613,410454.040650274,582410.6772783158,662426.9958589165
"Muqui (ES)",105496.47087253431,91852.60112562431,92541.25112333661,82306.77373723642,77540.51232039691,100273.20151195767,82509.84137795989,74115.45009240996
"Muriaé (MG)",337357.86780766584,203146.28423938382,349183.3759958415,334684.57090816967,369303.3508718154,353733.2461074631,342486.43088147015,334193.11036530783
"Muribeca (SE)",37081.32680089079,18398.6942123371,51753.34822466968,39077.3375917543,35598.25244340825,40819.338008262726,43156.82261488413,44512.15063946489
"Murici (AL)",172137.36560846606,96615.7130184302,70282.1454343764,100911.03299846995,114761.42189523355,100537.07855778105,100023.46369405434,87543.47091612521
"Murici dos Portelas (PI)",33053.53258815259,50107.87155550201,81275.01371247505,83944.82864068927,81206.9172033817,84211.58675284525,103678.22852949794,183955.62436134892
"Muricilândia (TO)",1271677.7251226513,1030433.8905713287,291539.1337300019,253575.0493175021,316942.8721692016,462692.0397170268,565572.8338063256,249163.8631136584
"Muritiba (BA)",40490.417643957786,32212.008855122607,53167.55629225992,38623.39403876986,44007.53162606429,41178.62072494323,41058.83446388909,37278.78555091385
"Murutinga do Sul (SP)",71906.08089966109,75843.32836887157,83972.25073450143,92662.11657476873,90885.55428248734,85917.14866525077,78162.98673756953,68615.92528490814
"Mutuípe (BA)",222593.05392759733,174199.41752046533,56824.74343431943,96721.05521955233,163013.48789448608,101472.16673775177,96651.13872486037,95809.20612542021
"Mutum (MG)",368044.1214811993,274984.43551890703,279433.80485566636,244305.69641671152,223407.68017945398,352199.8457400318,324589.4780741166,480393.0728897875
"Mutunópolis (GO)",419512.19820562593,310535.6634772074,254000.4210000846,309138.21862687456,307075.2581371342,297624.82092096505,324200.0429587033,335826.6421817633
"Muzambinho (MG)",95015.39777975393,111969.55944564853,99360.36310593502,74691.7249870041,82004.46977031368,104863.43815321663,91757.80102253746,87293.34064702477
"NA (AC)",244948.13393708595,817183.5034162195,1649.915384,51056.79634,52625.11144,53872.41874,45932.1797,43215.1037
"NA (AL)",944025.4795039564,1988365.6501704666,853021.577615578,521492.0002081958,560614.9820268543,574575.8467830039,1060368.1674507873,545499.4769013507
"NA (AM)",1826844.6169429985,4405070.462854505,1203261.7506217011,1134833.7670303038,1048892.8068897764,1069816.9706562264,996888.0811464111,959693.5930793543
"NA (AP)",331853.02717382205,674616.8052779697,888.415976,27188.70506,28023.45286,29605.06856,33762.1919,29157.1479
"NA (BA)",7865402.554795614,10310154.840934213,3829910.025984262,3706592.455428908,4081069.0912820143,4127436.044252593,5009267.007856933,4819443.940462381
"NA (CE)",2615719.0267176237,3966331.8054934507,1175657.861968004,1808557.1625913642,827606.6425305511,1462756.1353532395,1413109.6251037046,800946.5150069809
"NA (DF)",1604209.6178160913,3688341.84730038,1145719.54750116,62549.77108020001,66127.1510802,47382.3064802,592242.9438,646443.725
"NA (ES)",8453550.501773084,10088244.55164741,5473721.9410474375,3621832.4553696136,3660946.1582582085,3219212.8745104065,3334308.0117087867,3317568.2813681
"NA (GO)",4290846.325965951,7807531.393203303,518488.62697288103,518566.65211852,535176.6511185201,2059469.3417691,312877.252,340623.401
"NA (MA)",1712023.2107274095,2925364.454754074,147817.500905571,830100.756593833,897423.7790485859,861182.873242304,898728.7939999999,914517.5099999999
"NA (MG)",26405168.11224571,37683353.41029241,20380944.80495435,13285446.934569435,16754045.644361785,17106581.259157903,17110990.642850142,17626676.138623334
"NA (MS)",2782431.4891504687,3469608.0710582244,130614.60531587199,219721.13354092764,252797.95998848745,786810.4777906965,223563.48279372908,225606.17978174074
"NA (MT)",3168994.0085386215,5991372.6480543045,364713.41489814996,252415.564058,260422.613058,254583.355058,209192.767,192775.13
"NA (NA)",69070370.91702718,69107668.63087966,58618034.30262826,61046118.91781288,64726603.85027099,62905337.7994299,60855996.31298475,61652064.28878133
"NA (PA)",4803761.073041863,7469392.188624311,548829.895284438,923628.71528,952895.43528,947424.12428,1087852.295,1094551.5899999999
"NA (PB)",1431861.4171439263,2161518.3638818422,1083010.8761915946,605262.3459876329,517249.7158717489,1039757.4768746841,1005078.2944925178,485032.9559407375
"NA (PE)",3007182.3216970493,4876001.461834768,1084124.7335064309,1177103.9220192067,1379296.7561022022,1458127.5718351875,1432184.9767107456,1404162.9737402478
"NA (PI)",662038.9523508324,1112183.9091213155,239569.532817128,280369.3938,288777.1068,299783.8758,313978.586,307432.377
"NA (PR)",9595754.184733277,15073953.26762173,3115120.5964489896,1606317.4657992267,1661661.249452399,2754068.955901775,2702501.281989405,1634496.0618512149
"NA (RJ)",17164979.49835598,28137071.672179595,24758776.82325538,22833227.116135925,22845753.081274334,24539969.741887383,25382852.464188956,25173471.555793744
"NA (RN)",858583.9197706722,2641957.8705847654,1157019.9583021742,563372.9436736654,1077343.561670148,1018522.8748673715,1050473.7167129791,1041202.7451933518
"NA (RO)",1470913.964021127,2325778.5851232866,210874.884794357,203480.763075184,195859.526026073,186335.3856595812,167713.7471,155480.93180000002
"NA (RR)",242003.10215242842,489215.02573473536,380.749704,28106.044139999998,28991.38204,18599.43164,26580.481499999998,45297.5767
"NA (RS)",10266990.627392499,18488088.45254692,5302328.17965026,2804677.666533488,3103811.1795353396,3119340.246095679,2927372.588795468,2774315.923969753
"NA (SC)",6298465.9033537265,14262202.312905094,3410244.3400138523,3576015.1305972077,3943318.9454078423,4510126.491901029,4140706.3234221046,3709977.6177481534
"NA (SE)",997515.2673978395,2395599.4852176667,2626796.4136114772,946271.4307308913,922469.2987874572,1253663.0867014218,1230923.7629027753,1182430.4732100875
"NA (SP)",48874524.9870931,73630158.63318643,22929791.707595125,11400058.9596971,13235967.24962212,15545335.87262521,12826115.7781,13517081.569199998
"NA (TO)",686130.3541061098,1123969.592595531,176350.821502715,399918.941860745,460544.581146387,420513.850570471,432878.76399999997,462106.475
"Nacip Raydan (MG)",110057.50900115106,77818.33435657801,35196.74047056143,34430.53775872887,36522.41828003844,36631.35600561629,34117.462802405156,57655.40788458591
"Nantes (SP)",27340.295383107474,63075.3050911874,69246.52782770334,48749.39218699309,44159.147546978915,45218.45723544206,48502.92639544605,39625.271739162126
"Nanuque (MG)",281972.1404538033,308763.2152313193,380651.0218407092,385635.74003506027,352613.44479973713,327918.719674888,355644.5525156552,377870.2465576669
"Não-Me-Toque (RS)",71922.91896141341,60556.95232460439,85597.75927291944,72355.65309939158,108823.61261185794,78961.15616222468,96619.33340115164,108176.84356053165
"Naque (MG)",41900.54203009061,33182.61053996551,40018.293401762225,42700.48687086194,35301.71815723537,50593.16628028882,35630.027105355795,77570.72096383727
"Narandiba (SP)",123220.80046587135,89655.97619253934,322415.1548587734,546144.4219018628,139315.0625313077,93861.35920742418,79443.22648590962,86895.2202393425
"Natal (RN)",85064.3264369212,141953.6946305466,896658.4851769384,960265.3057384815,1006833.5380725162,1034706.6453755245,1047786.7865656988,1061378.72603274
"Natalândia (MG)",178195.93018119998,111570.8331608961,107667.27383328635,68437.55664589872,71603.72972906005,68871.69019076637,96654.76520883791,135370.42718494034
"Natércia (MG)",91281.61774210134,53541.97034168114,66055.54004305984,46742.83812662413,53385.68156830727,63514.51312073761,58660.723948468265,46261.02523371427
"Natividade (RJ)",118319.45534277252,96212.28910259856,137797.70110599312,120221.64149768802,120653.73053522444,146915.93903918454,139078.45026058692,136519.28828072076
"Natividade (TO)",1130248.0959648052,670337.4776282547,521395.8104031001,583998.3687728602,547738.5785253074,630061.2404022163,1355716.6687636345,770681.7342115532
"Natividade da Serra (SP)",308999.87557116576,176556.23081852886,100713.65650210818,97462.42567945555,68278.66880919234,88247.99619538958,80020.01191514969,61098.899251853654
"Natuba (PB)",85166.68266336135,31820.592194345085,40602.09554346442,30091.00682198282,29790.436550889677,28880.60039949705,32671.113055804613,48329.116012950784
"Navegantes (SC)",58269.82547883908,64508.90207832805,217139.94070078945,203047.37007565814,232303.79099099452,240188.45830356647,254528.9649158725,258743.5762948798
"Naviraí (MS)",1380666.142263027,996588.5108656845,979676.6197297537,837695.872719854,1251118.5023343968,845477.6699723159,986583.1333528608,608314.4978498451
"Nazaré (BA)",144122.7324462266,217553.04356848425,64206.86691200416,91639.26490075889,96851.83264088622,75277.67369097189,100285.46265079452,65299.072611635194
"Nazaré (TO)",161625.90493222105,157711.27268206197,89663.9043091006,92556.59999457265,115510.77922189458,129025.03841092667,139746.68269110224,126364.98743970707
"Nazaré da Mata (PE)",49230.217966553224,41091.02239762884,52011.28572010712,59077.22051181385,63693.980080980975,61436.09224849446,63294.72057567813,61173.2179473194
"Nazaré do Piauí (PI)",84727.03385787185,85925.91915840209,40838.221258450685,66588.1962543953,84108.5808205961,174188.06090071183,374593.8362763252,839101.7976456952
"Nazaré Paulista (SP)",34723.91096986988,84249.33368462867,70305.045517925,84423.38012027997,76059.29045600418,100287.80419516841,77996.97938861103,46137.84952264828
"Nazareno (MG)",76879.42948156148,87612.32710775622,80717.88837691695,88027.64424114418,86550.48082121265,99113.8198459263,95199.55621566914,113394.49767968668
"Nazarezinho (PB)",11848.441680349433,20115.432961900486,31110.961537628787,61576.745784246035,55337.34696281919,55684.75955196916,57176.085900877326,47005.76727886506
"Nazária (PI)",10345.55391941092,44653.59092633678,65989.44790085105,89357.300539822,78869.57199265067,63049.851892172635,173915.29549711707,122909.81840535744
"Nazário (GO)",105153.4673783961,98126.19134814091,113615.20194772912,182356.29643335936,197299.40833017984,200922.04184944672,141446.8412880317,127997.97105232027
"Neópolis (SE)",129854.7367942976,69596.88041445066,72761.0069017828,62076.879964252854,76189.0290655501,71437.99638136862,75073.55371058214,128694.9144692737
"Nepomuceno (MG)",114687.38461854473,88908.8164066611,113058.98746423784,123720.74172885144,124376.63028641377,120616.791618023,115231.19979775608,114170.10649707561
"Nerópolis (GO)",96398.33352457077,75691.32410904349,180126.1882773823,128069.74877463462,142950.71902143548,133245.0503933312,131809.3576611239,127142.95507959969
"Neves Paulista (SP)",65958.03987771137,64497.70246508717,66745.17538392713,59388.04906195201,58804.7595225368,63171.71459192336,65355.457525421865,63256.781837638715
"Nhamundá (AM)",347033.39203184005,683005.7602934837,686413.7020867167,566049.7421962672,832910.6806772561,829770.723356359,1049132.786543107,632221.950823108
"Nhandeara (SP)",151107.00464880408,129028.99997571985,130876.9430833791,90950.53538141548,142019.59407115966,127176.30595682541,125284.31827731399,110971.66092982888
"Nicolau Vergueiro (RS)",21855.677217064174,30306.63314208332,27130.151708288195,23635.895197746726,32394.396648091304,26095.238428408524,26020.41274527694,25745.80043191119
"Nilo Peçanha (BA)",118847.86174145922,87056.77297372314,61464.11077344622,162797.62831237208,148206.44466251318,112865.43715036979,122930.91355298365,114732.10477789896
"Nilópolis (RJ)",49545.68814246791,75584.12796146856,145655.99041631745,159681.46576307286,146042.46862092847,152047.57783501153,154936.2804737856,156111.4022043081
"Nina Rodrigues (MA)",28970.601427986254,37294.45428323686,32603.11410739347,170978.84799229744,39347.81401522716,144344.8054231342,108468.1084363317,89886.82142710788
"Ninheira (MG)",267515.29651196464,249705.52602498684,282917.10198521946,365005.31057243544,186119.5307004947,188945.7081009081,208026.86821230996,506005.72086850915
"Nioaque (MS)",3231167.677655076,1858073.5213276125,1214155.3749870283,1124316.5076173,1571959.3522372453,1034144.1229285552,1194180.0043487905,1039970.376777004
"Nipoã (SP)",50091.26243600696,38062.15528076442,70166.05771965836,33011.91056219688,35550.05667464199,33568.691576141035,32762.637128974973,32675.484170920037
"Niquelândia (GO)",2384995.904688158,2161929.6028719293,1695905.9781262723,1969780.0541444148,1874316.8378755373,1847548.1583125328,1853830.1770857647,1601102.2634017393
"Nísia Floresta (RN)",58674.59701480153,39069.13566365169,55042.672862410094,57692.563014002124,49246.62510458515,55019.97449699051,75627.76499922974,78492.08544725835
"Niterói (RJ)",169019.81138875592,231245.45148985082,897673.301707863,790018.5842844431,805793.9936816446,819329.2709900726,879768.6595042769,950696.6344626574
"Nobres (MT)",904725.4960195952,1159431.2990082267,711499.4229134746,667126.3268894445,546749.1676101553,636450.3001139696,596091.0515094096,560441.3578442454
"Nonoai (RS)",185872.78584906255,82116.96017923122,90840.60498529591,79241.27686454561,83298.54377292591,94416.68998651206,79370.4433632877,85388.90049825495
"Nordestina (BA)",109149.02888191114,62864.13928805781,61716.73410163517,55461.3583348695,67016.41761108258,70673.34160561276,85839.98307275279,88760.83029019884
"Normandia (RR)",37996.135391560776,601220.6344179115,184324.51388856943,137000.88209876846,297598.5533899028,1254437.096936402,474236.0557695928,255759.44020496268
"Nortelândia (MT)",391466.7948871373,266643.6853422703,217652.80081664817,425206.0158062831,478459.1626208614,723825.4681300014,607120.0850152989,315240.1508908232
"Nossa Senhora Aparecida (SE)",64156.02946528249,74210.24328542876,84656.16328810844,55328.01450896134,65843.69222796765,71826.8015522643,79934.20858809208,65262.59915224027
"Nossa Senhora da Glória (SE)",148341.8524990156,144755.05692117437,181618.35171714003,204158.17977974084,220696.47928795553,218871.22907737968,236034.28064094976,242581.64037418485
"Nossa Senhora das Dores (SE)",223518.93399790794,87872.52006329711,139923.25151161716,152484.2680144961,155678.3144502061,163771.329370628,165470.4375048751,176395.6104280055
"Nossa Senhora das Graças (PR)",66382.33513868357,60570.41562468212,60167.113883892154,73480.09162629666,71209.99069674138,68149.60392939787,72690.25709468588,71864.0087638357
"Nossa Senhora de Lourdes (SE)",29334.693572355827,19932.862232513977,31157.86448576806,25232.628496840327,29277.731762228574,29094.752987752832,32488.020266880656,29683.66312216076
"Nossa Senhora de Nazaré (PI)",31095.183670790884,35296.35108677646,38025.10266109266,47515.90949966265,40058.024506638365,38244.642434959,40878.46356531233,41973.18755807106
"Nossa Senhora do Livramento (MT)",1075676.31535509,1255998.7502536841,872891.7276639671,1325557.6392164233,1145908.7686941163,1255951.1056832944,1367100.613335238,1398958.5035360444
"Nossa Senhora do Socorro (SE)",44852.190183684565,44973.46719129093,215832.58041194206,193256.25789905016,218134.91385158122,262181.1923761623,275229.0105864866,277329.15486898896
"Nossa Senhora dos Remédios (PI)",18202.667856917036,26453.396435757462,35347.534954184455,75389.22749677805,39410.188883106464,29454.335846264847,65336.41329464992,58147.40757364868
"Nova Aliança (SP)",48380.33202191007,61324.99348850687,57166.03231150793,55402.34671223443,57788.25668001955,64088.79627713669,57101.40272243002,52533.424262414555
"Nova Aliança do Ivaí (PR)",41867.99658667099,41656.66015413607,38650.68272728134,42846.057185393096,47231.14731833029,42230.97244544525,54437.91510407713,53168.07953580708
"Nova Alvorada (RS)",69875.89710035294,73150.69294813347,76866.25256902595,64356.19813892489,100570.12258114335,55064.68213825179,49179.58047036143,41544.00059799883
"Nova Alvorada do Sul (MS)",1579613.6863052428,1137364.4210070516,947123.9681555941,1042418.4104034685,918556.2986701528,793457.4056983243,956056.2218092096,766057.413520282
"Nova América (GO)",112249.21651392365,67607.99728945353,69053.39246500608,92647.20510597972,79280.44081938159,81553.87734724107,75107.3749863995,78009.85578823888
"Nova América da Colina (PR)",68492.77945776092,47238.69458822804,104140.89926881195,36070.34705228031,31808.986345137342,24154.17671564869,28024.65849096869,32727.08727144906
"Nova Andradina (MS)",3777427.486649578,2007424.3963365664,1595836.5119165936,1391897.2381986184,1501634.436922254,1247858.1540213265,1295091.8007429664,1155917.5779362905
"Nova Araçá (RS)",51408.20294659936,39441.38477381197,59762.95939186999,55989.63125863728,58042.78428879392,46770.52902548942,43168.570410163025,40384.9824370285
"Nova Aurora (GO)",93793.30724179234,91137.99645032661,87325.16936761547,78978.42963422871,75168.73185687885,76261.93164035163,84540.7457996906,87602.93663408366
"Nova Aurora (PR)",72822.04543666058,85313.8470204669,92540.94592868755,120508.58737386239,128926.8394844636,130588.5906759429,133857.26480981486,157501.47972025737
"Nova Bandeirantes (MT)",2799871.1764306496,3885092.60751115,4310947.628739088,6884102.701276461,11465902.633456083,10371492.984480532,5632871.826792067,2905615.740745944
"Nova Bassano (RS)",94015.28723545457,94603.89091701283,132557.14484176127,135923.08290568995,145850.02800429697,140056.46829225088,117637.64585530826,107618.1233647101
"Nova Belém (MG)",45090.12107659216,30057.718077667356,34875.48101224319,38655.89604224388,29779.465065257282,44987.13727947052,29017.732609404342,39332.86911692951
"Nova Boa Vista (RS)",12459.76693771845,23592.79459684942,30863.043852529947,28986.366897207743,26794.61941083008,26747.762920311903,22937.134915503244,22547.054820140394
"Nova Brasilândia (MT)",686629.8572228195,1171809.4618413087,705305.292941949,578516.3609285651,589749.4286557969,599732.993073391,684816.0129881409,526079.928221716
"Nova Brasilândia D'Oeste (RO)",1457017.408906947,3496133.900598152,559419.1993335008,1014438.7291268037,1003336.7638639373,1015067.7921271246,1598850.6858793905,655742.5273042537
"Nova Bréscia (RS)",66283.5994332355,89319.7102166047,82206.96230943472,53217.44838851493,87949.70516005984,50169.3628422908,48714.87438683091,75459.55172661366
"Nova Campina (SP)",278038.6237846983,64265.761345495324,74773.71533944555,58718.504936991645,40761.70609509297,47298.17987255946,43182.497543886115,37544.36125553644
"Nova Canaã (BA)",303369.41864287504,296225.67149659526,156696.02464979104,173960.37086945292,172960.63602464422,210985.76117375167,208043.98550295335,191353.59461659368
"Nova Canaã do Norte (MT)",2609546.295874466,9076588.283078684,1451311.9603568902,2422659.7330004824,2344051.7624996947,2375005.574800812,2906698.5656666504,1750372.8523801807
"Nova Canaã Paulista (SP)",7215.373430605128,33948.3325733066,37550.37468108597,49149.67851033913,47069.53196160945,45059.92339401459,43010.3031823866,39821.995352626946
"Nova Candelária (RS)",13376.41764216813,31394.466962258455,53927.60206070433,69709.4339902969,67463.46147432877,74450.84750323786,73370.70441584803,58798.384278710066
"Nova Cantu (PR)",353213.45928482804,179315.33370565058,149570.5661502042,128041.23082159857,146953.63547398176,129500.28904521867,135667.0774890611,134794.58564130263
"Nova Castilho (SP)",18754.261547982933,64961.337367704466,59772.88817172746,55084.13850703485,60726.635727208464,63167.01944019256,70914.98356315828,44285.61943398444
"Nova Colinas (MA)",98589.2209433856,247101.89230255262,172043.75247173777,200594.90697595786,247831.41679346576,202116.6652353194,259437.4146726034,245830.84787860347
"Nova Crixás (GO)",3104520.5809140117,2191102.795788707,2168743.4660564973,2092460.5178077996,2193586.9476298406,2167866.888272035,2110038.398414987,1941311.327096888
"Nova Cruz (RN)",93619.189948472,36688.069851205495,76442.66563032384,98820.72757770245,90895.2479622581,87262.82537155297,87553.41481525608,106857.63154478186
"Nova Era (MG)",343453.4825666413,129152.02186990311,205306.99736071285,172473.3990241127,194991.59214240746,194018.65401898485,185828.2855469497,248031.63012351963
"Nova Erechim (SC)",36667.68808022781,24407.317882575808,50446.31506319302,71969.59481082874,71366.98448582251,72314.8212588095,72293.51950241688,60565.07727563245
"Nova Esperança (PR)",109331.88041421403,103352.70014391851,179432.3637583268,196615.1745693097,206873.55967344006,212164.7901355796,221461.31148362262,216612.80236316955
"Nova Esperança do Piriá (PA)",6512810.536113962,2151751.085181606,1950287.5881629954,1220890.3407747925,790892.5912915138,1663915.1142378075,2380339.9744184213,479664.50583770074
"Nova Esperança do Sudoeste (PR)",93482.10545648349,89924.91512506056,90924.2605930996,89659.17059106236,129917.81019368084,110844.11883281101,116631.8953643013,108577.6598050729
"Nova Esperança do Sul (RS)",78103.58911740007,53516.06904611073,75048.75226819936,104551.09850895248,127355.32648354866,79963.21384642518,56616.45419147355,54847.6044023321
"Nova Europa (SP)",28585.220733784146,31337.40825081947,62116.29171624843,77517.15730867548,73976.06990308258,82540.49097595108,89316.46430043134,68449.32849300034
"Nova Fátima (BA)",66842.46453824881,40218.060291431204,46032.03408043575,46050.401730939164,52442.46989497071,52146.11241615192,56317.8678643365,65696.00798688232
"Nova Fátima (PR)",102334.41014788675,95159.84580220263,81821.2721418931,60490.599128737886,60739.555806822566,64615.62527112535,68220.6605891554,51798.36494234811
"Nova Floresta (PB)",8333.858776498453,5935.549062478954,9038.21304057284,12097.448296661958,11645.239122847463,11727.050881582012,12075.93561820421,13720.585059028295
"Nova Friburgo (RJ)",157321.6463508265,254487.75804969648,396497.39942129445,395329.0687990922,354241.4404641566,385529.9789467924,383092.0683902347,350591.4989179811
"Nova Glória (GO)",152785.93813487838,128641.01520047836,117791.73556955239,148424.62399172632,143001.11300848183,144890.5938902036,133314.44965147076,107177.43232277091
"Nova Granada (SP)",131838.17749648396,137412.03184979048,136560.2728754842,184624.8052661229,193044.2818570257,181641.06122058502,182092.41900609725,178958.69992090322
"Nova Guarita (MT)",1845235.538813544,1387230.7760310464,382874.8303195153,571968.66410794,485529.4337940306,528592.4240876058,730901.7069164462,375755.18925459264
"Nova Guataporanga (SP)",10136.043389363205,11114.405089686767,11827.479396834173,13148.409769860878,12840.890245154653,13401.940856487117,12837.479827483465,12499.573441013961
"Nova Hartz (RS)",33146.715596882896,27727.042093497203,27323.861447153515,34664.02864416607,41518.486523303225,40673.01651134079,31176.186350748743,39781.44100241161
"Nova Ibiá (BA)",178026.1630948941,45687.334427140675,52360.59402418106,55150.855007143095,144004.8752040956,117061.16871432659,89506.5248779292,74801.80024698902
"Nova Iguaçu (RJ)",469155.8523558563,459845.0951138659,858756.8887934512,714375.3640444491,728549.8417949751,735308.5987835642,765116.6333874674,867809.1276865586
"Nova Iguaçu de Goiás (GO)",67868.93623515303,120856.12588290208,141229.18377292,203911.35371210342,179325.54978241798,219516.99145517664,212186.53280174136,273556.98862068105
"Nova Independência (SP)",100106.69248576087,68981.2767303914,77988.3788375456,85577.85560107333,76721.97685638702,71956.6488344523,78151.2382967975,70392.23380720214
"Nova Iorque (MA)",20305.67205011777,52490.242450070335,39165.8316626621,528821.4656669509,121149.66886306221,120293.26455541511,362959.7297767125,364352.9857368471
"Nova Ipixuna (PA)",1706760.4918173028,3605247.713596903,1108106.5639309692,1173049.2237258847,964275.8599941975,1281400.4525550972,1489374.4039886615,762932.3611256126
"Nova Itaberaba (SC)",85853.53091390227,53188.69329667872,85466.02984098477,90518.05590703238,96452.93695009396,81573.64889918019,84978.49134105933,66322.68189734918
"Nova Itarana (BA)",153411.29591762277,41380.37343775648,84723.8985181016,82380.80073586854,58800.07787910047,42773.18565896635,67482.53107645562,75023.33085115484
"Nova Lacerda (MT)",2638293.6587120574,2021254.2933907367,1212090.1778579345,1764718.2077415409,1216044.8082464815,2018580.3997299278,1987188.5814503466,2611235.3430055636
"Nova Laranjeiras (PR)",687565.3796767098,523887.6721007259,420118.8993637798,706737.1292066078,695304.4691571561,493653.36806596216,414517.13972152694,279849.182962028
"Nova Lima (MG)",44504.73144908788,68354.43879160401,236271.61034041079,350225.71996124036,320145.19219019887,328055.31055608584,363650.27248324495,391057.7418690666
"Nova Londrina (PR)",126836.2595560188,94094.5030047766,98125.9437829329,151532.05652597838,149729.34946802034,148836.79566374878,170063.12670014348,157343.89759830816
"Nova Luzitânia (SP)",26404.191151809304,20482.954217605442,27818.793864128937,31490.309505088277,31419.080380334985,29074.974050867728,31663.668192826968,27634.839367018132
"Nova Mamoré (RO)",985846.3581602081,7698028.506069695,4006913.482356586,10877601.209620524,13035411.896302674,13524973.11172692,8450205.792842329,2998105.8726966763
"Nova Marilândia (MT)",587723.5929307454,1127991.1643515998,386122.1919491103,460478.58309235045,590145.0153725728,832180.5363629507,1133185.1824297302,444171.1139233747
"Nova Maringá (MT)",2213325.4012986664,5656107.834222454,1607067.1163187863,2712414.242583436,4763487.055585951,4307328.597183461,4699608.450200982,12425808.567515837
"Nova Módica (MG)",98075.1189834299,72586.27267341832,74192.05948558092,66152.54660114368,73237.13800088647,72505.87627892573,70335.48957930073,68839.52253348792
"Nova Monte Verde (MT)",1852900.3960058638,4446577.118508627,1342003.6236875814,2485547.253888405,2867076.0000872174,4116326.749441896,2452494.027110753,1360186.3807606318
"Nova Mutum (MT)",3685724.0281808935,7949615.680462447,1603177.9103644632,1631236.829545444,2035224.808493513,2371598.813713287,2040653.6563667129,2196337.734521777
"Nova Nazaré (MT)",422171.5873446191,392937.9335309008,360591.8704617843,423055.6094210522,398214.14308848977,338720.7983241278,376992.4310415214,484198.9905203643
"Nova Odessa (SP)",19840.027634837177,26454.775996454875,116668.2080072451,136323.3847660803,156384.62968864868,162047.59740556972,177665.51239825538,177037.93964969914
"Nova Olímpia (MT)",767807.5482687847,812591.5976310375,693583.5350716157,880434.6069099812,772398.2045339014,3601461.8903568746,1367431.234631195,556079.7461798744
"Nova Olímpia (PR)",36328.54546658756,44097.33719067214,51304.94544959726,52195.566322157785,58324.503356439476,52573.80863693276,60274.64053401948,52113.858674466166
"Nova Olinda (CE)",23221.446458293976,26875.24203640115,35566.19528954534,68419.84835264688,80476.79223413828,81255.96322849535,84336.85474211373,91236.74293745641
"Nova Olinda (PB)",13404.65069164402,15757.557361909896,17754.328798034196,16590.252825792744,17554.28479460579,20677.916232158692,24054.70384479187,16960.291975033586
"Nova Olinda (TO)",498010.9370061637,607502.5202354258,474917.6887781666,480182.1095761284,526118.2152979594,559143.9323032132,595366.0891047376,632506.300207061
"Nova Olinda do Maranhão (MA)",2570925.8395681027,3038747.6646853187,438148.2212336747,281805.5511663694,310393.1407107067,326988.7593612397,687719.5775111835,154343.2953853172
"Nova Olinda do Norte (AM)",299130.9693173672,317972.3672072409,427121.4943432195,647928.595702303,637774.5175201896,1074816.5869480227,1054756.1031176131,738193.4026526746
"Nova Pádua (RS)",39822.966494676424,48033.8724053345,26348.5886355917,21145.30813708011,17481.035759313734,22753.0112290237,19934.08316948913,61970.799091687026
"Nova Palma (RS)",96034.15069723921,131268.9827130978,162979.59243517768,103357.89249547213,99548.69747951934,113825.12179774727,73263.07540469794,165843.1522983563
"Nova Palmeira (PB)",22096.093107281667,12438.156533828516,15322.61829552647,20660.269290990673,21845.811370253185,25506.178963693103,28506.873994203754,27026.053119976492
"Nova Petrópolis (RS)",112309.93589693106,149225.78958662105,132790.6022925929,93319.32221848395,113054.98384155112,141755.0375538016,112111.0663967871,217252.18659875996
"Nova Ponte (MG)",302094.00110202585,181265.87921594825,227617.7549469775,223197.87869162977,242695.6725376162,220501.20429459118,255266.1210245772,241229.14758895256
"Nova Porteirinha (MG)",6836.688783413556,24948.99199410316,63809.5742284654,20822.581808363026,18918.183751522887,24327.430048108003,26393.707187494954,21250.177050159728
"Nova Prata (RS)",209639.4545361833,247303.10601619,142814.09455519126,119471.92652404097,182471.78215287445,104360.97474378358,99130.00474490621,100794.83310784206
"Nova Prata do Iguaçu (PR)",187944.42098037267,107842.9804545314,117605.79610902083,114769.92174583826,115314.66384609885,109781.69496187559,111239.24212809639,101588.72012662019
"Nova Ramada (RS)",50237.77555060164,35232.64041059944,43919.33158887636,48258.22134155825,56566.993697463186,44345.370847818405,38591.21028005508,49604.84347108267
"Nova Redenção (BA)",143157.11411296777,90839.1560650085,98725.24780653637,43129.93778688661,63040.097293539635,53218.67462325101,60094.80868965938,70692.6788788573
"Nova Resende (MG)",121613.27163077734,118242.83147134873,83074.64522076209,56529.676401395,63091.06020695222,79438.93454479887,74720.33245662026,62759.897707387405
"Nova Roma (GO)",378271.2158669,309189.25875973393,266396.01788058353,333727.9338866852,335328.71910375013,269251.8306902837,293160.5190495747,262187.80436521786
"Nova Roma do Sul (RS)",77162.77106338175,38652.592865865474,50247.04333388956,42787.77528760327,51374.28631483142,42957.683288597415,53024.21898442356,262461.5374468174
"Nova Rosalândia (TO)",154949.01184531773,125205.69927337581,98144.61075144488,122786.52351235831,110253.02007791336,139486.2874103538,159369.2864628905,170347.45441318586
"Nova Russas (CE)",70527.22829442716,64667.94926615554,81117.85015800055,101899.59177455578,114168.49816432019,116673.94539203892,121123.24933961405,142774.48415229915
"Nova Santa Bárbara (PR)",6920.841519386077,12133.500687383199,16333.602940560546,12859.366635514112,13447.659079527617,15509.052077757126,17011.933744919334,13805.67956324589
"Nova Santa Helena (MT)",2019590.448925008,1849162.6248764903,431746.3957860752,1063569.90006028,1396184.5209589798,1227582.8334408107,1229142.9538519448,3999695.7393719093
"Nova Santa Rita (PI)",12382.92015177615,71478.7561070441,49441.525640062195,39713.71081518228,74413.57541657193,71772.94782802305,64216.43127338471,56461.5290046429
"Nova Santa Rita (RS)",36762.35041331548,69533.57443618748,175175.97659343522,327129.5720501963,324740.33488140313,364663.3769028593,315264.7224620338,306081.445935094
"Nova Santa Rosa (PR)",49614.615968121965,54000.058068168815,84106.82862538304,139816.7480769812,126177.0368038903,125859.86180353946,130415.41792160654,141409.38452576805
"Nova Serrana (MG)",103158.70887188608,84890.58053878175,121502.31261138032,157980.67606333687,159716.21441864272,168000.89453450657,174322.55738525218,170136.43985464014
"Nova Soure (BA)",125962.71663745212,77141.28616163998,98456.17010327335,121225.41126942239,173326.20311326897,228141.16828040485,188830.65241099254,163908.1066321187
"Nova Tebas (PR)",185625.5287611549,129538.25848281813,196837.50887954727,175906.0283359073,159988.47349346467,162106.42191382128,187544.59824088393,163980.81348487383
"Nova Timboteua (PA)",628325.8372815693,1595534.8638700864,197590.21840045112,157431.80730109743,219725.7437206023,169515.09421677914,245987.5629105903,96366.58092444886
"Nova Trento (SC)",73179.98932431384,50281.76285031857,192847.38069706454,69468.10026241711,60615.927414831174,75100.33667968502,74616.07015554835,47085.11982083702
"Nova Ubiratã (MT)",2558628.249277138,6844068.417055116,4136235.1737921583,5736136.296991281,4073513.3942895904,6348069.624931665,4602088.446881697,2952972.062751009
"Nova União (MG)",71830.29355300708,34468.46894070446,34364.04069821517,34307.82371227251,30175.205717488017,42042.00930657505,43838.71907145689,47839.59597352661
"Nova União (RO)",542265.9555806686,1457053.1273586375,342374.2452927255,1236135.0939470213,887145.8644898875,778208.7560851992,681778.185190022,511901.81905460474
"Nova Venécia (ES)",336829.6711411881,205981.78936816775,351118.1419122794,313279.6075542739,306978.05303643056,309308.65934244613,323738.33220795845,273897.3665376127
"Nova Veneza (GO)",58342.301876277044,67521.41175586896,63944.48387717146,74987.68586017982,71057.75533415399,68476.68269408346,76232.9287745425,77604.01230999856
"Nova Veneza (SC)",158203.62407718587,79722.66691670805,105617.90554818329,138328.786007819,133797.63197374533,153159.48991020556,138561.39018484953,128432.53618365675
"Nova Viçosa (BA)",728949.8658078049,558239.0527417121,395061.543060534,232388.0413228721,226480.46100117677,257050.82988520898,237163.37661296487,236052.3217647832
"Nova Xavantina (MT)",1685099.574833315,2876638.370616572,1111086.0360174521,1261979.2831106454,1385912.8845230625,1196505.7971058567,1194012.2997566892,1354042.9462816645
"Novais (SP)",8112.682574967054,14133.457910892801,20431.235749423842,19053.526813346663,21249.914372843206,18418.93771308066,18727.85402613396,18130.985267675358
"Novo Acordo (TO)",90685.49274898571,142936.609745511,238046.2899738633,477295.1732770216,277287.430639855,457683.0863764585,1176453.1643559658,824293.372120616
"Novo Airão (AM)",92489.58098120725,76266.56032678795,113106.84266350025,116385.68607889871,260903.49229991247,105601.42562719739,436714.05047860486,167445.6654430197
"Novo Alegre (TO)",46137.186625797236,50977.23042153567,52228.47995150332,59432.0217642855,60395.000289885465,70098.7611806817,112540.75886656139,73138.4990942101
"Novo Aripuanã (AM)",206225.26201534554,412630.91061599593,1591468.0472837575,9124672.512320707,14870311.917566732,20016238.92056889,7908549.253126448,12007351.548641836
"Novo Barreiro (RS)",16191.370427548334,26220.72142052587,35085.30294261424,35107.461516244686,31942.795816594287,35989.0988273235,32251.038729604144,30444.81756728806
"Novo Brasil (GO)",343983.3469035403,276246.26800935186,234557.0303116292,247723.58305613537,242572.03498652545,244398.34141148799,279248.2735406014,298426.775556822
"Novo Cabrais (RS)",30837.086034759417,72192.86268284991,76105.24495804349,121714.96959491787,143730.79875234244,77757.02701680033,60763.6798343927,57284.83535284727
"Novo Cruzeiro (MG)",369277.08942389593,426551.141823235,296206.44965659763,394654.7755445922,352716.9650813729,462599.2158133728,538371.002391801,440982.0284224029
"Novo Gama (GO)",69948.29381404739,46129.601256080685,112406.44493203056,121676.16230716063,116034.80682834894,122920.7723756428,135507.20659032319,142333.08907854336
"Novo Hamburgo (RS)",105559.61775661369,114651.73696294945,368080.09888632613,391896.8237556327,411286.999322653,437430.15546541545,422893.77749981516,422772.8930465137
"Novo Horizonte (BA)",57252.117101778924,36983.03826010587,51953.12171241286,43632.84098830133,41888.19702993348,45585.176826679,63166.3054369121,46999.286430793814
"Novo Horizonte (SC)",62785.60999420835,40851.37034022977,64737.96466527641,64105.286069970774,52221.63631544726,58962.197060311315,46297.18272292674,34079.95787151796
"Novo Horizonte (SP)",225759.86607551598,186816.73767259126,623360.1694098609,590485.9530342446,548786.1592096151,610877.8802342649,512748.6235984406,254445.49935869093
"Novo Horizonte do Norte (MT)",1485317.364707565,4810674.912439337,321661.6935220663,341072.23968412,363008.046228245,343867.1817449811,455507.8824295069,284489.0415128239
"Novo Horizonte do Oeste (RO)",813151.4640648394,1473283.214633096,380429.44699906424,551881.2675995182,676471.8200260018,576589.980312822,1081803.9061439976,379669.1353420261
"Novo Horizonte do Sul (MS)",644628.6517978199,274185.39599236875,298724.51877362584,249379.99440732342,438933.7734394352,244616.11503844764,238509.09684122575,178636.32633182456
"Novo Itacolomi (PR)",48617.61786989017,55946.052340152004,66929.56973720115,59464.00229035284,50177.5025773083,46713.31010688099,52634.62631801413,43306.66765004334
"Novo Jardim (TO)",14580.708797071917,95997.68093174293,71217.22778071734,170370.57577862716,175677.28476272276,98520.02045787619,593980.224085236,619943.3204844787
"Novo Lino (AL)",68504.95858969199,25890.556636549085,27831.562656619597,39394.80869456919,38687.28824411519,41385.857279004245,42245.881679588885,43325.003608499275
"Novo Machado (RS)",16225.082690319612,32183.005853418632,45079.46657680028,76094.10510793993,50266.09965609488,75072.22502542475,73294.86729539148,56847.42901365355
"Novo Mundo (MT)",2572488.082209727,8125614.0871302225,2394938.5942048207,3095000.317054667,2080516.1901805906,2796379.6280023516,3135796.122562039,1398754.3026948792
"Novo Oriente (CE)",105265.71138929471,123340.56163370564,108119.4974897881,119075.34096439373,135208.98735063281,144627.2284389055,165513.70073477912,117033.26799430733
"Novo Oriente de Minas (MG)",144759.03236642026,179422.9909447046,165848.15175507564,222676.34405372612,222366.55060546304,322010.0550502187,205977.12802168756,266348.09374595835
"Novo Oriente do Piauí (PI)",36884.93381175263,38567.72480263009,32288.480503668015,45043.08916156895,67535.71282097738,62713.00103610596,93568.2564997136,110176.07444765387
"Novo Planalto (GO)",497519.5730658598,363404.57490167907,287097.5038488939,314612.2162570394,296548.3939994461,324679.57321766333,327048.50234869035,315010.32415686076
"Novo Progresso (PA)",2188077.721254694,8563413.130875872,7417392.339291847,24307257.969437793,32577492.628564138,20307768.709092777,9867595.806484684,6662596.204511381
"Novo Repartimento (PA)",2442955.420316556,10573115.52954565,17323513.97156002,18740774.54965077,16383761.734495888,15678574.460675929,21919787.845490888,8503148.401905887
"Novo Santo Antônio (MT)",119150.70843988401,514541.4410181475,369676.9863238118,1267783.8705014242,879452.7205911755,692215.8290895261,1296458.2333984561,579577.9907706485
"Novo Santo Antônio (PI)",24963.925947677926,37797.66726639781,46250.832204137725,51048.97004986977,42793.54079205318,42392.62830193793,53355.15421104178,54220.55297362185
"Novo São Joaquim (MT)",1805273.9533228471,2615991.5574937165,1055598.9429350568,989158.5557835887,923628.0540390557,938252.242327636,938353.7609571744,963594.2111776139
"Novo Tiradentes (RS)",7640.326330479973,16702.481840092067,24842.152304522446,27047.85774127347,30132.57045956982,39871.22581266054,32969.56780508092,26632.756817428806
"Novo Triunfo (BA)",35312.082297496876,29680.581447188735,38235.50026604122,36893.744606852975,51243.364160662444,62862.74546361095,93451.73445620303,60172.45622205883
"Novo Xingu (RS)",9771.952652340102,11022.367741217753,22245.18240170131,28339.545003991047,23635.450795035376,28825.599357150608,31674.68548414279,26182.750577543884
"Novorizonte (MG)",26865.657377955868,78181.71638862163,29325.34226356737,25858.014438930113,49463.41884380408,30313.387878849888,77189.60641039528,46176.394029049035
"Nuporanga (SP)",94019.94189914397,69568.73191478766,100121.72721914864,73721.04497912053,74110.19809782275,72702.0657279651,71335.41477606904,58647.22064714487
"Óbidos (PA)",1067869.564584341,1429117.8293929507,1906724.7474910016,3905652.0020668353,3034837.378013848,3571122.735073482,2855887.6774163214,2618290.753869384
"Ocara (CE)",53536.98372010003,181828.8429945499,67863.62177859119,70381.76852556375,83663.05034239634,98720.496019239,140538.58160896745,99786.09472089558
"Ocauçu (SP)",96144.11240810317,83983.86130202093,80798.68694697198,80024.77063633135,68219.62985570726,76440.2662382063,70106.8615214685,61223.38099595861
"Oeiras (PI)",231049.8165436416,118869.73786426541,134121.0813863253,197244.6373487219,186019.34711166203,204745.0410518852,254921.4794238804,394955.91205734474
"Oeiras do Pará (PA)",970174.6531419057,305009.1836548326,472431.8828498138,585837.8678391072,1006611.0122055246,556353.8574613365,931102.9597036426,898876.6698155048
"Oiapoque (AP)",11394.40937902285,26313.27949376329,195554.44310295768,195740.82683341912,152412.5434875332,335227.907284982,376468.0618587373,248532.0518261463
"Olaria (MG)",39029.45394015779,25048.646326146216,31933.647939195733,32575.375739820316,23663.419021169917,26508.11332713098,26029.165834996817,22130.569090133617
"Óleo (SP)",41741.38028002324,50796.805029863615,52117.66823392675,43738.16771943246,42241.170233728146,39751.071165731235,36555.57161040281,31186.972200812528
"Olho d'Água (PB)",42230.68686833587,31580.500377981472,42125.38758601297,37214.783058870315,52462.90754453119,49072.898001326255,48574.03709904887,40355.56522572473
"Olho d'Água das Cunhãs (MA)",1152648.882293541,265653.37551307894,300021.7136193501,298261.52255806985,315095.50812339404,524056.61341228243,423887.42316865985,346701.4857245026
"Olho d'Água das Flores (AL)",35912.79899613969,22749.94492676446,48083.7425624224,43512.79517190619,49901.79354847808,53809.36603804721,57300.428163537246,54499.60166187681
"Olho d'Água do Borges (RN)",35337.325067550955,11412.142483474321,14959.342261944545,25309.271527862016,22140.61079492619,25569.293486702994,26139.60428048157,24014.305173119657
"Olho d'Água do Casado (AL)",44637.47181522988,44960.45484783955,33885.94024036661,38034.747966468465,35027.049408292274,36822.03802953884,33298.939938446,52370.58500676906
"Olho D'Água do Piauí (PI)",1041.9258084731443,24158.975748670386,18484.194291317373,42295.28315530205,44941.39303921573,94324.99570333048,46876.52701011516,34013.704432584214
"Olho d'Água Grande (AL)",52702.017628256566,28234.179475733617,23775.379619685562,29974.45474650066,34206.29853314018,35029.89377612449,35390.31609173441,31706.749590184227
"Olhos-d'Água (MG)",269744.3070740838,171908.32103005907,351539.6206890337,117560.27832089872,105411.93001830803,95181.9041737757,137647.93738051297,165749.13514227312
"Olímpia (SP)",239740.7642215094,154513.32225909128,200298.27892443107,228347.07649429239,249635.65231820347,263230.8342780185,262548.4125267304,229855.57617653246
"Olímpio Noronha (MG)",15089.456638704767,11894.378878933176,13799.454878031253,11207.307612172945,13497.550527169084,13302.327879354889,12146.350207341595,12825.561069234163
"Olinda (PE)",64431.00962400168,88072.2514246745,306288.1863043274,342714.9161853975,346108.6494082771,353497.2036729586,350531.382696375,347413.55780065764
"Olinda Nova do Maranhão (MA)",1201.0494292525595,380595.6894438808,147875.77995329635,86654.20685156203,119156.45052999082,146489.195261881,155063.83888662737,91221.52223614548
"Olindina (BA)",98050.53065301965,90702.45111039984,97343.43990882934,78248.75732611891,95062.35089816422,111466.02957347535,101643.36212809393,103628.57894167083
"Olivedos (PB)",26558.389131628046,18613.317477463126,20246.074022250396,32938.2942642954,28884.071400858167,21493.52816252265,19118.704118485595,18363.350606105447
"Oliveira (MG)",236368.47670225144,164600.727811119,230310.0861628736,267415.66462244804,257554.5655966339,286134.7986865458,279505.5093688773,273933.3251909402
"Oliveira de Fátima (TO)",38526.48373439258,62907.75440902486,43782.73088906931,44151.51762704895,43204.20877680526,66138.82355900612,65269.681148643846,71550.0243715322
"Oliveira dos Brejinhos (BA)",204046.1114333379,297184.0642617987,187409.02082000222,263986.8695471063,224361.8842758319,181078.18681851926,182454.5406684774,176572.60902079495
"Oliveira Fortes (MG)",23802.862281474674,16054.67524259661,24016.448097979435,24870.803060858296,22596.584658554177,25434.94048573677,20582.66050450918,21274.16589463826
"Olivença (AL)",40773.70221569553,21390.685826473797,31406.35792722559,37768.32866866137,32779.00861642153,31952.007872477516,49757.81766272499,34843.10191141973
"Onça de Pitangui (MG)",138723.67183416316,76243.23802914702,58351.67860528352,60158.52290032291,59040.98975900595,56061.013847815295,52667.40046468877,52127.73778578596
"Onda Verde (SP)",57696.220085253415,43498.65436327987,121258.5053111256,-43056.17113155527,-61502.93077736657,-58313.2066270682,-58436.0650048232,-86896.68883202356
"Oratórios (MG)",17364.887798188098,25142.279518495532,27332.549310260583,28060.075282407754,30853.73274196344,27316.20834433256,25674.801356792577,26408.89898538857
"Oriente (SP)",68823.36132742761,57818.63520392873,76232.91269630124,59416.26152021549,55780.44510264334,70122.51326161085,62699.58366050453,45095.207389002906
"Orindiúva (SP)",57638.34534157954,52380.95481833753,92134.97018767448,84360.19035364353,84641.90900021275,81239.7138166999,87688.81646516472,85300.42118994187
"Oriximiná (PA)",786093.8509589571,1711364.6380446379,1991537.3070355572,2873375.4143740404,2523228.094639672,2433582.477741986,2316539.2674568873,2076379.8605411823
"Orizânia (MG)",31300.91817659486,33043.9378547529,35507.07494738223,29443.540590578312,32008.107243776656,27705.082003786305,27788.616863335923,21516.47900720242
"Orizona (GO)",1044237.0483661329,614848.4623438423,569178.4631777462,628034.8061685617,635100.3796793417,656079.0709279,625961.6595736516,605132.3057977261
"Orlândia (SP)",106396.79639174948,74672.78337147586,166014.15861061457,131190.13084113676,121152.12959683099,159948.71527125008,180213.68301460161,162453.7594773673
"Orleans (SC)",226812.07186736105,142268.2093017811,152776.0290572065,195584.60051530332,209052.2807434895,256702.28437334465,212515.34543851405,170856.77162777493
"Orobó (PE)",65387.56256719108,28679.806309734624,45638.45266500826,53265.662668918056,60499.193784425166,56553.43781631631,56530.062473479236,67519.87457973347
"Orocó (PE)",90931.09823759475,55002.895546114916,45823.257619453805,72816.75288880292,60584.867482070025,62065.06684452951,59221.641031387924,68548.47189033723
"Orós (CE)",53835.23273331829,83227.1611390459,90738.19711006008,135582.96430553886,136644.25934852517,125146.19399765927,114116.10033834972,98558.4115386178
"Ortigueira (PR)",1550515.9257762192,716445.3876322405,805182.0388886735,967557.0667944106,1114465.0549165,920100.1794443092,889222.1913963208,744038.1517101828
"Osasco (SP)",156941.50525504208,265748.7879466707,1019584.8445392406,811738.9450249475,877031.3106734764,965276.8771404063,971750.1114853055,936443.9200754358
"Oscar Bressane (SP)",61748.8323758886,62035.52949043585,63882.4405280721,71621.37034349072,71105.67050413523,70569.17939708344,69785.02678434891,66982.4378183104
"Osório (RS)",217750.3427096643,176516.44408928143,330517.25459972984,310238.652840131,382147.4890229595,328201.1599439238,321015.44230930414,292698.33649420197
"Osvaldo Cruz (SP)",73929.17775056924,73700.89280011224,120902.12376751943,120528.27402731914,130923.36804725108,134398.22866492107,131454.69453375845,120567.86651068277
"Otacílio Costa (SC)",393282.68118211953,273760.55200479337,376448.6850882382,199789.63919959893,244356.50309694494,260711.9535815129,204281.0829863848,170784.1746833953
"Ourém (PA)",436004.4756772911,2101020.137323199,523626.2217642381,248030.72399443923,223164.60630258243,354708.885128297,517826.67979817203,392317.35638071166
"Ouriçangas (BA)",43748.93026439068,41866.591500865514,34440.11655651752,39151.44618816963,32061.72897297466,34843.01656590082,33239.328003749266,55983.88532299813
"Ouricuri (PE)",419770.8962670819,327838.6881938181,303194.78223556554,300695.4813559932,319611.752693882,382946.57673850126,358971.9148041546,335466.3520780122
"Ourilândia do Norte (PA)",2365738.274407213,5408659.307702277,1046132.3136193297,2755649.938647923,2118237.6480580014,2429149.3099052235,2177536.887203322,1348904.4980216601
"Ourinhos (SP)",75087.42298472057,98109.16845518386,545778.5554414578,525982.6144600754,539841.3942218124,551290.138965348,565145.0026420536,462157.9416271011
"Ourizona (PR)",28176.00520191263,23594.840991373916,25317.853968735348,27383.397083985463,27099.311460423047,24033.38516880164,33511.824873867285,30134.380709511715
"Ouro (SC)",86323.76657978029,72697.38251724195,107609.64637054145,119246.72851776888,135251.13334524012,127970.5115334971,129813.58190853085,104546.80086236414
"Ouro Branco (AL)",26856.71580350767,14661.203874502777,28183.81536766224,27397.815573581527,28831.733299913813,28419.00119662906,32320.710429743296,32323.59282002379
"Ouro Branco (MG)",66648.69184258285,45294.73296786089,64847.62529986993,75016.60877293606,86666.50233284653,82982.7012815404,87583.10843826662,91193.46987769996
"Ouro Branco (RN)",16359.735700231051,20659.724627840398,28338.344308304506,41277.76752769414,31183.85535227886,34874.93324675629,35122.419893758866,35041.615107153935
"Ouro Fino (MG)",166718.78607198765,183859.7369770456,141597.19979257177,141085.91359435747,151967.71825511885,135776.42692479468,138923.04540554903,125487.87048228476
"Ouro Preto (MG)",503915.7654791433,368765.88822392945,515362.6304819649,406593.83636536484,352448.99415164656,401081.93953098735,331441.0371698938,483652.575584239
"Ouro Preto do Oeste (RO)",1517386.4976983208,1833493.8049096512,836579.6450948104,1554313.8081565984,1213915.581708495,1138255.000496436,1657083.932347035,997739.0070905788
"Ouro Velho (PB)",53062.58918564434,16912.543740319546,19131.180735787613,17787.76137034779,21391.139673301892,20801.899470844815,20674.113622966015,20885.631697201978
"Ouro Verde (SC)",22242.118109120824,56897.957669894546,41940.99874034592,45711.629342736436,45603.459471009,53158.73071196629,42383.58257888599,40156.10059935381
"Ouro Verde (SP)",65707.13079433654,79175.05301278649,79460.98271641103,71925.92908369884,74785.34612353361,69251.74336763691,69010.66301887268,59345.79038420433
"Ouro Verde de Goiás (GO)",98038.14367523811,97478.9786189827,80051.34397567075,93919.40205900813,102368.54076978957,100992.11909187974,107669.05603790282,107553.73890585796
"Ouro Verde de Minas (MG)",61315.377173745845,53233.04317567904,58088.38753969118,49830.66358981612,41450.19039621381,43574.86479835804,45817.52279707439,52306.489319182
"Ouro Verde do Oeste (PR)",76753.7204083775,68765.73636606078,90026.44045465018,95919.25744153059,106561.47163378238,97340.78769840024,100900.45954847214,95053.76336799933
"Ouroeste (SP)",17785.390541092365,82872.53002498644,93349.04050064732,98042.46497549179,99691.08652026167,89866.71381140978,87287.16982978633,88163.60575897174
"Ourolândia (BA)",177320.26090907815,266974.4521692264,127473.72616436907,157935.98298858872,171688.5589028038,181442.59345786992,146646.1731309402,128292.2158990797
"Ouvidor (GO)",104881.3715157164,91065.65259682058,113014.46574218791,133911.14017285104,137967.71261022644,138941.33657684817,150720.8398632264,145753.6948793206
"Pacaembu (SP)",95785.35726410385,100450.67858660057,125548.98849156575,135971.82531217425,136226.61841314816,128281.25987482144,127291.16554586333,124833.89709392385
"Pacajá (PA)",4339347.055276834,5777699.715923241,10819954.00981925,23383515.304265816,19690680.39241623,22272242.077175424,14990709.376664277,8255403.414812387
"Pacajus (CE)",37357.24927656478,73075.15999417109,90542.21471597604,99310.07525803981,101399.36295512866,95225.17597130606,104689.47224346768,112953.39576114637
"Pacaraima (RR)",71524.77091119053,737839.9853137934,164914.80401458865,149735.04425056928,338441.4992714662,246859.48126787887,391141.082397614,212319.00419777518
"Pacatuba (CE)",29698.88649999689,28359.898661999436,59621.57595969968,116245.71106819581,116561.86654025844,123692.78826519211,131594.99158910968,143476.63566925956
"Pacatuba (SE)",148475.86091891731,56911.29545202923,55444.69776216247,52823.25862339625,60623.56146804202,59085.18665038842,58805.048552671484,51096.44532880691
"Paço do Lumiar (MA)",160461.48477701834,144314.98405712226,104821.18745428153,112125.72666100915,124148.69972433358,119513.08397241627,124987.26925667436,152354.01821542243
"Pacoti (CE)",8294.821351987064,13521.98143045413,17364.0079962142,14117.065808254072,16378.76769847178,11824.934918823994,20443.898107566605,27415.70600966502
"Pacujá (CE)",10473.995485550031,14794.031049446554,14033.763410034713,15423.286118140193,15092.432311936587,18444.879604841975,24496.411073012398,23458.965722001438
"Padre Bernardo (GO)",806407.0888179811,921207.5325904491,711427.0754116887,624193.0126855833,576263.5820744695,575064.3505445218,743658.8185664872,642035.1294835012
"Padre Carvalho (MG)",190256.92777816876,129077.06176292863,61477.273086383684,42460.54588953322,43191.37365053756,42443.20531479229,61213.05474988928,44394.6430529426
"Padre Marcos (PI)",72422.20158384427,51376.693162280506,36178.53148375158,28742.240350315507,26785.95324089323,27612.42417491757,32691.493220795837,33721.845444666134
"Padre Paraíso (MG)",292179.89048771886,95816.64517090034,84582.81325436797,138452.6118706958,100358.03457437344,150755.94075395286,130510.27716024667,105122.24922975873
"Paes Landim (PI)",35498.736747769486,25180.51429622399,35309.45341474343,29886.617726022432,89176.28342819819,56680.784578961786,55565.54610769518,49050.449377261255
"Pai Pedro (MG)",35896.50324444635,54273.140229836594,94601.11309355813,74377.94943702832,92486.78800723453,105172.80446975547,84266.23565322888,95006.76510323065
"Paial (SC)",30354.359799805774,23703.54637523942,32662.812710659047,35718.850714188105,37430.294590593054,39198.65431031664,36677.40560309862,29835.955664138204
"Paiçandu (PR)",29590.974270607574,36998.46449231758,63078.73827007458,95083.83894621156,102736.3020007929,98014.38396733315,116431.83095488894,118736.18071626265
"Paim Filho (RS)",84104.04898139533,57002.86706883729,91626.2063097818,72212.21027653772,79375.18438731793,80641.3146596318,59582.06278533225,52739.41908766215
"Paineiras (MG)",183189.67783000774,219234.9515127325,115903.03411956836,103605.27556316911,105036.33863318682,104970.84280571736,105245.47837191382,114673.24472989919
"Painel (SC)",24288.814323007042,101264.18701592975,196481.06233621697,184316.6063831294,215294.50571184643,117537.54700564012,85077.11446718578,73449.48750723185
"Pains (MG)",93186.51411477965,107062.21104972983,131350.40744850377,526882.9846232759,229581.8657471535,243251.89254002424,161009.70517837143,189833.68594212408
"Paiva (MG)",10946.99438395904,9738.107943420197,11066.076757618821,13558.64578104743,13567.309407557244,15594.067710423227,12495.282023673346,16160.827303002188
"Pajeú do Piauí (PI)",23307.322744857913,31947.23632472723,27494.40406650613,73694.12039429838,70754.75598237797,65666.67098148813,60310.661236511376,115979.99757790042
"Palestina (AL)",9319.745774175448,5070.10896885676,11946.496619487285,12657.988192495783,9192.249051030938,10021.942519946788,8997.361070289004,8626.989324796943
"Palestina (SP)",204619.13627642972,195471.75719171597,365282.59343369055,360886.0432736715,359995.8369414036,372663.45760019816,418604.8020981805,320721.9317384592
"Palestina de Goiás (GO)",735613.0678942605,435162.3417258757,307927.1675874864,309604.1410937088,297255.1170407471,303649.58123777434,368800.46425311285,408736.1086661623
"Palestina do Pará (PA)",1124673.5308324236,2312412.4916637177,579913.9527837797,431646.23468075413,436692.7950590849,383446.68694920227,639776.4751250083,241734.596251275
"Palhano (CE)",38554.69756866087,41231.299402387995,55983.369030447306,42868.15491127023,40731.97065095443,46785.02435443159,68852.09954596704,53313.86649868815
"Palhoça (SC)",81468.94202453113,63089.37058686265,317178.8487076939,329572.4680630222,336811.0199216231,341852.25082572864,386143.52282373916,397845.79172567755
"Palma (MG)",73345.40388633126,57888.542384132925,62049.73801394055,67716.20120178469,67439.77451092117,73102.93318114433,64565.92009581416,65053.58193006292
"Palma Sola (SC)",381999.3836064334,102304.5771619757,109457.70122874946,93687.76832499685,108380.25758710674,97607.14670523923,94788.56586269612,80721.31557947522
"Palmácia (CE)",15273.147403871144,12324.181437127816,18515.016559686224,34285.27143887215,30585.71807437955,30399.067465009935,52106.26253904365,60156.49486533302
"Palmares (PE)",153855.7925986555,51788.461698533305,103936.36578570199,122281.75433374677,152514.44172635966,132677.53040892328,127591.77187303957,119016.10357934145
"Palmares do Sul (RS)",454806.4715855269,336357.98020461766,385816.01080442785,257708.20428593506,344887.4617109644,353356.3497443427,272340.1560806583,243890.64203978452
"Palmares Paulista (SP)",21285.375754478406,17333.136447571622,18604.86020967396,16109.320768532907,18241.82325561663,25563.962310407314,28498.7426904486,22767.575255734748
"Palmas (PR)",479186.49644654535,610573.1992984506,438188.8134827459,402834.33802739484,420727.70484740677,379604.6183036913,367656.9821898336,260033.74052148187
"Palmas (TO)",388650.26475887065,551273.0108721933,657014.1985335544,810037.4188125506,902000.2932598051,852831.3861191592,1099151.1448688349,924665.5232713539
"Palmas de Monte Alto (BA)",179616.59571970385,234386.30416494954,252685.48113675148,287366.89884772693,336954.14808204316,351431.8011467313,334166.3444745965,310415.85286879895
"Palmeira (PR)",381212.5469003066,435391.03072854865,300035.170087563,409464.71043460135,460515.9354625695,441540.51870182,439246.979718744,324991.1621983682
"Palmeira (SC)",122407.57091829182,133007.6631617584,77747.70272035297,105109.44058355286,93801.48862700773,85458.568990822,86558.93051179475,61040.81265999271
"Palmeira das Missões (RS)",695709.7626327059,220187.16303884945,198440.85123474617,328104.91860097233,344478.6544284008,316463.6835747497,314596.66833987884,308064.78211975726
"Palmeira do Piauí (PI)",40942.75310013152,55609.71459615579,568732.2648193086,324785.4836301401,686725.1414635046,911521.253047971,886503.1446717705,1121207.1881796187
"Palmeira d'Oeste (SP)",125314.32500003336,91730.43693918044,103683.40470252068,144329.48115731002,123973.21125013576,126063.1449129074,125264.27277882374,126089.51152919594
"Palmeira dos Índios (AL)",248296.05124897105,140101.2463354896,268792.316794421,232592.3297945241,229103.71420248772,245455.03645789827,292573.2765530213,237643.76447425992
"Palmeirais (PI)",63511.94377622329,99983.81426699142,54997.44636564722,111311.04072313022,99171.40131344718,75698.98546291015,302020.11798958696,189269.83508809583
"Palmeirândia (MA)",77346.36873640041,523960.6789359423,199102.51995007246,84068.54090824541,154517.91178653325,178240.4604018413,293837.79542570445,157852.3201961365
"Palmeirante (TO)",410880.3835825538,595706.8641139509,682772.7341862544,676498.7635514264,1081451.56033673,713710.7712324199,803454.6742539447,709459.9764878121
"Palmeiras (BA)",81322.90368215316,32719.58385986388,36236.23046399415,25889.730133598783,27702.00043463239,28861.765482135525,40507.170249930925,50404.653667722334
"Palmeiras de Goiás (GO)",580119.9786545248,491169.8076712907,441594.95081253885,526723.942109788,486629.30202200956,485575.5124710217,453727.34212932544,442517.6384645906
"Palmeiras do Tocantins (TO)",212729.9243335889,238768.29986714435,135067.01671155004,168949.39893888828,149193.7146190606,157831.62950498355,264085.5735764642,210214.2901338127
"Palmeirina (PE)",106865.34654638165,45805.099405570334,51791.51995218373,51142.18601222326,70692.51730650973,63909.41194134395,63151.93809814415,44754.57084149082
"Palmeirópolis (TO)",525903.1468227304,334469.3425522667,324118.7916983809,383218.0129556325,292159.30533609254,358313.10919218906,559297.8847187953,479565.97564194474
"Palmelo (GO)",29637.956263012526,21386.49420013633,17807.540195119378,16855.85060491786,16119.703840595288,16859.656408528746,16410.31620041937,15389.645788500236
"Palminópolis (GO)",157351.11235203632,121580.87601766708,133287.45926589955,135884.8802513097,126442.07823723045,128407.91765612496,127346.4383092607,119096.40275607354
"Palmital (PR)",536546.2716675567,385748.18589324644,356980.16281690384,320012.5859282494,301183.5199594738,282490.38963076146,306775.98912628944,266194.4876333679
"Palmital (SP)",90677.22873547407,86507.51937666982,146630.0340317341,156077.55920887736,145984.94974675882,187608.6321307545,189091.38711639956,147113.3316031201
"Palmitinho (RS)",66456.47040356843,44764.72422022271,66878.13903179114,93980.47109300255,98041.57045803263,99231.83860335844,97064.6969177036,79473.07781708684
"Palmitos (SC)",211220.64934198512,119157.33502824116,202671.5799169407,272510.9880733718,300688.7807356787,293584.7425212999,272906.8397597637,223142.22921922352
"Palmópolis (MG)",109064.72124345563,220609.64905675696,204386.60533952963,200358.9668459161,112706.93725825581,100315.67250141488,83657.2198971034,118027.30954619878
"Palotina (PR)",149814.51431691446,123270.418893434,161815.24219327548,227658.82938134467,218103.1257013136,222991.87689151018,238601.82110597778,201708.92098126953
"Panamá (GO)",161059.76279850994,86968.81010189507,92840.09905228877,102868.53721879386,108977.99807531036,109264.7630788153,120282.81256310797,89102.24831942123
"Panambi (RS)",86074.37923681013,103128.78287909176,153974.71524156138,145562.82896982532,162067.9327403329,163548.57332389898,154751.78087534942,154207.02884637995
"Pancas (ES)",197047.4275857604,127425.97684954885,142839.30501660335,173953.24129529437,165121.92430933163,195913.48117558868,180926.57317805776,108096.17361421333
"Panelas (PE)",72437.3614366776,54699.317229592634,53143.873787911776,52186.28116418495,68966.32213755294,70386.02048933382,80411.14244996497,81125.83963461113
"Panorama (SP)",81292.5655399503,89371.14819791375,103042.89621852545,104823.0777871416,103286.80994861443,93528.51298193962,88220.26696557451,69137.94024676643
"Pantano Grande (RS)",467762.5474203268,368736.81914915337,392807.88149712526,209768.73996287986,340660.02617055346,229503.74600450046,194353.30306275297,197687.1539475188
"Pão de Açúcar (AL)",74278.01897065324,65429.53588705181,86192.60125502884,77556.65058830596,88119.30997724787,95396.81166081662,110829.54680506286,164463.71901062873
"Papagaios (MG)",343959.4468080364,162848.95162646804,129019.24064560012,113347.37007952435,126238.95560755266,117889.06942371522,118016.53666259335,126958.76500634565
"Papanduva (SC)",315987.4080274813,342601.04559998127,250070.85183591023,227237.42002627114,328729.4487861001,251508.15748229012,237228.92996628195,181580.96665152907
"Paquetá (PI)",2688.9387259679715,34293.198094475294,40875.85098555941,28851.9936262268,28708.138610286664,23299.034210156737,28102.295277407302,73643.17728341791
"Pará de Minas (MG)",376769.34898221947,304220.24468008475,367700.08693155105,363864.5116505757,390210.7688026035,390571.1284200596,372515.33526740293,361487.0442236178
"Paracambi (RJ)",45838.83169189191,45393.76575358583,77134.68646605774,87919.82254163382,87557.05913390254,94909.65663811346,83818.88535263651,88096.17873722118
"Paracatu (MG)",3374254.8456888283,2356461.9467317867,1749147.8718033093,1907929.5281482332,1672626.7347766168,1749158.2074240455,1890987.9533641816,1938125.4150236605
"Paracuru (CE)",58735.994792780824,103704.1234316532,91530.19213259406,113900.19469506571,123344.62394582928,120305.30587613022,141163.5578480337,116104.92619802941
"Paragominas (PA)",27137628.451327983,10887270.086460158,5183160.823241262,7401539.3168714205,9627984.693567922,9701783.313825857,10843968.529375227,4163145.059030426
"Paraguaçu (MG)",139016.06521845394,147954.98024507728,115934.22452014491,98500.29516713445,113623.95591236175,109100.2216244211,89613.83495834554,90962.32815105063
"Paraguaçu Paulista (SP)",314891.6523727196,259573.68148123502,792813.726849207,886960.2811327358,514700.2783043568,470056.4723606252,442904.2728267832,343704.3066093654
"Paraí (RS)",85844.31201177379,71319.71198451072,138900.05651579757,199361.49998167035,222251.89872371822,142308.34562220948,189752.4137328477,195830.59713955392
"Paraíba do Sul (RJ)",131416.11619062888,110106.72103425597,169952.35891193114,179122.53332039507,166351.5827062617,181784.39227419,172801.31235177422,180660.28631931051
"Paraibano (MA)",24073.797032882616,80033.41322537816,72085.74209390492,389450.9048653285,165411.92988885994,173850.86947104937,288663.56849211757,201796.44540977402
"Paraibuna (SP)",229564.29197427118,209744.87293194333,147970.69978797232,121104.80784762105,107965.84354436613,125553.70293796204,164794.18492727983,111484.99937483473
"Paraipaba (CE)",71659.68624382558,77387.53116638017,93373.28154279524,99206.031439336,103041.24572416452,132708.704272474,100193.44081636824,131722.08716227065
"Paraíso (SC)",154448.3714847259,67888.41150403848,85934.62026137274,69457.03641514598,73226.63811587206,77298.87805719602,64428.683546583496,58209.50782688154
"Paraíso (SP)",48671.31549960583,24824.100396235808,42097.548352778176,45836.219967903744,38976.14885087792,49343.07074668517,50724.314924529346,41352.723771540426
"Paraíso das Águas (MS)",2529728.7016238472,539766.8569956896,293390.669682955,881924.0234648375,1032176.4827079343,882835.7444861905,1038179.2186880765,928226.7201499873
"Paraíso do Norte (PR)",59942.27389346263,64329.41103045559,65759.70559755916,145755.26116676576,199144.99177499855,180136.59666676042,156611.82467557068,162710.08938349003
"Paraíso do Sul (RS)",117339.26713117606,159511.2287314591,136461.17356977562,102445.79784356349,165626.60273394588,132890.93071265996,110434.05073426239,189683.31756093257
"Paraíso do Tocantins (TO)",393510.3224350454,412434.8608170968,356553.3633157118,504622.2416601111,531587.6582099808,534321.8857178298,614146.5026266158,658060.4528525395
"Paraisópolis (MG)",91428.98941528771,92290.31563830136,117310.74497383891,82103.3542124305,85647.95729691106,93803.47386017573,88063.09434255246,85084.72692318834
"Parambu (CE)",145098.48346057776,217445.20573298237,208536.02009730143,173818.39533234795,184651.9753094069,201184.6234066316,188449.20862818882,177481.24972573773
"Paramirim (BA)",115720.06470737988,91612.64878073147,91846.40437404001,96979.27406150829,107321.32733912575,108166.51145477571,98745.8121330374,102244.66126598805
"Paramoti (CE)",28876.322962010418,36813.34989595764,53017.87042019737,36762.93389654935,46549.78963598474,33961.17473968125,64123.210054173585,63299.00444401958
"Paraná (RN)",13240.088268556203,8674.55611438573,16940.396713902264,17337.791286436805,14899.427117255165,15289.06577977968,19292.764001694213,12918.568064647392
"Paranã (TO)",1911905.275442853,1570587.055099227,1154887.254547548,2281491.4585805717,2320956.6614577547,2070122.251362168,2714015.1975940457,2847602.6558823134
"Paranacity (PR)",128958.58959809573,110029.57472129291,122143.33767196488,106455.64358486938,114217.87086343097,91594.45165004808,117208.79550459581,133821.78040512023
"Paranaguá (PR)",91960.61983489073,76281.38668863056,456812.6572706662,469081.4298172419,472162.34599046205,554454.3233646887,536802.131333327,541945.9923737689
"Paranaíba (MS)",2863944.632251293,1548009.311793508,1305609.9245797873,1294068.7793910536,1234144.4866033485,1201394.6370565176,1222258.9070743094,1321419.4517029715
"Paranaiguara (GO)",549319.5018866566,289336.3919502022,299526.38056400727,290533.9783124031,300705.6967292284,297641.75774569233,277335.1333443885,265466.84717241145
"Paranaíta (MT)",1843972.775434138,6724170.243885326,2126949.9067137023,3825809.6120957467,2758400.6269605164,4445569.8995486135,3972215.970754184,1453674.922901611
"Paranapanema (SP)",262170.8687127554,223392.83689177915,258618.0286638279,211545.93696256727,192336.6214266346,200886.44681061286,207335.9246641745,173374.7000123439
"Paranapoema (PR)",56096.54330168797,44173.202412982646,57487.25110414809,54341.70136283863,57440.61331810006,54484.14325821238,60567.898373972566,64230.27894510239
"Paranapuã (SP)",95259.41487000175,42692.79205856187,54881.54009037603,37597.3592824729,36523.16510132632,34218.470659804494,32145.096928437502,29275.696920891976
"Paranatama (PE)",38033.454371232576,36670.1576079713,30397.053867478742,38528.845569423705,42131.438167060565,41909.63704524984,54651.22801130911,58634.58909272954
"Paranatinga (MT)",5486711.913563237,9163167.76713753,4837072.233599258,6222815.708936426,4224362.013932028,8859915.296291243,4958503.535282994,7451261.397907143
"Paranavaí (PR)",483453.8826382488,390990.0894416408,474773.9403511501,455418.2143586471,479897.6665879502,495497.87846028246,500990.3690581107,503084.8597426531
"Paranhos (MS)",801007.9721974452,363441.21790440695,240470.74282085875,330531.2525014776,240168.9596183327,233970.56367790463,245443.27716803967,255273.61340050003
"Paraopeba (MG)",267767.4173291506,174742.04329243986,185399.40900398378,228518.13445853392,233422.21535245783,223235.18245569954,223977.92107725076,229996.3565954061
"Parapuã (SP)",114728.51403580394,95040.78313239382,113093.59413935569,134078.51475718294,140204.85265763715,134486.85741101555,144822.66848565248,122122.15021654329
"Parari (PB)",4542.939108687202,15413.159786383598,8971.238069607036,20086.79484524666,26204.397477810857,19332.835652888174,17821.862546697146,16339.18627890542
"Paratinga (BA)",181297.43248469345,270464.25715323916,234178.65962854566,156847.9360169148,214895.39195689347,264513.3808730665,225075.61613720036,254939.23635473836
"Paraty (RJ)",153458.01180667197,135164.98494403664,71815.49512205286,103802.9365433928,121557.9510991283,200832.18416617857,143593.42654829327,102124.69292491415
"Paraú (RN)",40443.44249488524,24336.06366633258,30194.651891609818,38682.24239823673,37460.48899186499,30718.807791480507,38048.289452000456,34508.84963633248
"Parauapebas (PA)",1222550.1752151938,1909475.088182526,1165616.7958672992,1782764.1606993463,2464808.726933835,2085084.365943013,3412898.2088864897,1548295.9084400132
"Paraúna (GO)",1306463.8258880402,797622.3673178869,657376.771108886,678969.1233668237,687769.577916788,771041.1904189043,732172.5673615568,686198.5527417078
"Parazinho (RN)",48421.99741867147,23723.13812491202,17775.663543436465,18960.665031560315,19536.129749367243,19325.40739264654,33267.75826984585,53459.35075645287
"Pardinho (SP)",67902.08256002323,62284.77462334241,104237.71769596061,81381.33493252062,80616.59167591008,85575.65004282314,84178.47143729018,84947.53933874858
"Pareci Novo (RS)",38749.949204371595,34066.56211700633,30249.271716047697,40429.772734358805,42550.65105076579,35539.98354808118,23420.007660437277,44240.63393165821
"Parecis (RO)",1105393.2952137312,2412682.3343367036,669637.0239526021,1179210.901960493,866013.354346917,1114484.8957402809,2268973.348285317,1263000.4011126414
"Parelhas (RN)",30774.317659734857,36334.437813025834,60073.35321596264,60347.86924094441,66749.14797100557,93960.02113491065,93176.54650382638,82089.6900189981
"Pariconha (AL)",8364.408362290107,17643.43648883688,21331.190517996343,24211.3898035485,26358.2810644313,25093.79827631906,25331.576621775934,31368.72028825238
"Parintins (AM)",707006.9685313624,2306939.3858195646,1075587.5712658763,729186.1769926338,668321.285900987,612418.6427338736,759434.6443698135,952766.58598782
"Paripiranga (BA)",79975.96740673143,78074.08863061461,93182.55075824186,125029.24180690976,126785.45186249456,140055.22347930272,147416.62076747935,144558.23697522125
"Paripueira (AL)",13427.019431055845,13245.457146102195,24280.43844341958,14481.464355791297,21490.772999055545,38096.32023277893,30907.70754585438,26563.32590190928
"Pariquera-Açu (SP)",105901.82010137584,61793.79597212537,232756.5202480756,162275.15671987706,165347.0544609938,209012.98384704915,178736.85845236795,191766.6871747231
"Parisi (SP)",12113.80618615017,27674.856156017664,28003.563949042342,30110.038548515884,26318.698196008572,20864.41908764745,30783.67587560818,31601.461714165438
"Parnaguá (PI)",168467.39105528165,208039.80396030965,185050.57253048522,524491.3390035502,740890.0326811442,489465.6035469704,827345.6326241937,487188.6155043295
"Parnaíba (PI)",85392.6032581589,89703.44222833558,165638.2220030187,218332.93690873892,218968.56115543089,219043.20815576165,286142.27533007006,281892.9396159016
"Parnamirim (PE)",131372.4321417839,225367.66023978987,233604.42929435644,247694.57323373435,263861.21167657425,336242.15708642435,299511.82046269625,298284.7143001225
"Parnamirim (RN)",35048.727829776464,50159.30960722041,474944.4878125389,316720.2984353351,335070.9640015777,358321.0225416498,340554.4073963917,357302.4427346336
"Parnarama (MA)",180528.27515435038,983774.1629659657,433662.0118849519,2231282.3599944026,2025760.2636255084,1387040.748676235,2853611.6272726133,1599288.021449447
"Parobé (RS)",47933.39938159242,56740.10129411077,77513.63714146234,100821.57468762164,105702.91285910388,117816.60278139114,110017.54375454412,114658.29852727764
"Passa e Fica (RN)",11674.271590195187,8762.658879973522,20621.538919975286,20099.876471839452,19131.214980064375,20441.413655886594,20395.62683552213,39396.033130927055
"Passa Quatro (MG)",64923.42570243169,52333.9902787202,82289.46778705395,64250.256795178706,63696.40198104294,81244.73054348378,66020.24397986208,62867.80958395683
"Passa Sete (RS)",128878.26507867439,122375.0919988603,118576.7568227025,57767.411331636984,130439.43660830465,66543.38110504068,62443.361292920395,77117.05346896948
"Passa Tempo (MG)",170525.8590804563,91425.43997745962,79809.87888350594,106753.01504584453,98535.46252374459,118708.53333770181,89045.11605904378,86722.19600106114
"Passa Vinte (MG)",64533.67587628212,35697.36090949003,40936.35096663191,36748.20743386339,27920.066713275286,46098.22605889228,36440.58236788076,28433.906484363994
"Passabém (MG)",130189.55981647065,61684.268798110796,16947.821671338672,23693.750883010904,20484.045268964142,30371.14660541475,26969.1521217394,25874.17759179261
"Passagem (PB)",6033.861082097349,21303.289375272165,8927.038667863892,6704.899472447833,7339.59888196196,8269.85690989021,9342.210209662508,13245.635958306908
"Passagem (RN)",10725.242509180876,6162.215677836542,9822.680024045976,9178.656161331606,9291.539009473687,9237.609540252766,9057.714161165124,9953.259787640838
"Passagem Franca (MA)",92021.93173363147,103327.69109673932,121077.48395950752,821684.9343252965,550900.5314021156,518630.65990105656,1253445.805991379,531763.3316626025
"Passagem Franca do Piauí (PI)",1963.958144601472,27441.36556080934,25116.548034979125,94465.37464805829,69655.84473901008,51518.056257314005,296868.7504523971,54340.81834589511
"Passira (PE)",124091.80282596791,47259.750023432316,57449.74438967385,68120.53383655573,73487.10098065663,64536.549247288756,78791.36352951433,71744.60082227577
"Passo de Camaragibe (AL)",56067.63078945535,69367.33244856798,48943.62039611386,46922.77393041509,47136.11698668113,49929.03147218522,44558.07416072752,38447.97700849222
"Passo de Torres (SC)",31033.585793770686,22158.65528215724,23868.483808995505,39948.86281307741,48833.511249086114,60908.45398899348,52388.07078694948,64986.51753813195
"Passo do Sobrado (RS)",76634.25864933961,131075.38121875873,132645.87448445018,130177.20792598963,127725.44046818177,99808.11820413073,93520.18439901389,122178.88980027857
"Passo Fundo (RS)",426474.6638384556,224695.4234599749,453832.7872580063,517203.3630142369,564692.0656861579,562196.2703616321,542720.1670217223,529123.2371110528
"Passos (MG)",541416.2381502158,534939.0530800837,553897.9079139814,526993.0426934866,530761.4282907477,540571.8337881094,569363.2304621554,640448.8004660301
"Passos Maia (SC)",153480.14290931274,289767.44100337353,161436.19870964868,231934.99702874647,158977.550131191,176730.5658462428,125823.1186728597,81819.27786589653
"Pastos Bons (MA)",69857.954905531,203386.19096294694,139139.63291137334,1324431.4219072438,279814.3185012525,409518.16448766756,403975.0862214148,533059.0101139186
"Patis (MG)",51230.38817842978,113283.46173934944,81832.08353776284,83192.09631864345,73605.61953372214,66166.91122193268,92571.66378030785,101937.43460803415
"Pato Bragado (PR)",820.5087225877502,24217.784081897444,36091.506271738566,60102.9807212477,64559.23413806504,67210.3406957863,70124.99615098925,67570.45928587731
"Pato Branco (PR)",202257.98931290404,116212.65327960947,287711.99446160044,324099.60099611373,322857.4886875435,328137.8629451329,321171.2379833175,302026.3088644783
"Patos (PB)",45182.20911940194,93526.8982869014,157155.4551481122,170564.15539771464,167688.012415039,172732.6408690273,173309.07398122127,170775.14671304464
"Patos de Minas (MG)",702582.6743096096,679637.304785413,954156.7986654667,1217242.8671663266,1223850.4409021973,1238918.2452419954,1296129.0620985578,1252554.0308276883
"Patos do Piauí (PI)",16306.216741960821,79633.8760662687,79721.84696595307,45344.85076285297,40946.59617665173,49412.72576537021,74286.5982463713,71223.18480973407
"Patrocínio (MG)",623844.2931201467,674686.1305652013,679157.8618114082,684963.613236411,661848.1630685927,668968.4626212666,722189.4699224177,731168.1467091417
"Patrocínio do Muriaé (MG)",32849.462340431426,23773.03520684586,29843.321319038747,32759.605020795156,35830.6243248689,36663.527745018306,31909.519106728076,32569.673631808117
"Patrocínio Paulista (SP)",171232.99365510885,162509.69756591658,193110.6050246664,224860.0384673311,217850.79770799488,231587.59363968903,223963.65696367435,212459.95221814766
"Patu (RN)",61744.468098350626,22604.326347418893,42471.985481515236,60928.94930520325,69970.89278464213,75203.58251048162,65618.45741461196,85441.81243468939
"Paty do Alferes (RJ)",41876.06403754514,60879.960301382285,79644.24247435185,119233.32438280653,96148.63717095577,104957.94155563998,111872.83061287273,158356.22410021554
"Pau Brasil (BA)",129990.59199414556,147150.31301623143,160250.08791442573,126350.50921473825,144653.49987573846,167241.4601336335,150867.74122062206,201128.4101388814
"Pau D'Arco (PA)",941176.1649283237,2663970.8018971365,650331.4896807588,780563.3348803871,819443.9387028815,976390.3316769969,826601.5479552546,555392.8423299986
"Pau D'Arco (TO)",2265055.717647601,1523493.699551645,294441.5857512841,266587.79728189396,329228.6319484381,471827.7891283836,726531.6704796721,280246.33959296317
"Pau D'Arco do Piauí (PI)",27443.060563813513,49793.2046755463,57273.82679586038,82198.9553820974,44752.48492768455,50205.46766100257,65841.17545092868,78052.77952148297
"Pau dos Ferros (RN)",37304.81235824661,28095.63713062253,55619.11014892359,74805.02874572536,75917.24026767277,80638.31138927507,81238.54099801843,76572.55282849584
"Paudalho (PE)",123635.79667492589,36411.031046780954,96392.33241731711,106564.922880445,115724.56785414698,121043.97548824325,117948.93944542768,114990.13717272734
"Pauini (AM)",106867.4389592974,189018.4995211027,413295.024801863,1886622.6142275566,2510862.973961825,2078958.5520930074,1067290.153195364,892565.1062448195
"Paula Cândido (MG)",83012.73630206312,45740.27223888596,36632.993046393516,53228.374272542096,47594.183415143794,50377.72558559922,51336.25537868019,54525.831014884796
"Paula Freitas (PR)",135765.93650346083,119185.36475590315,158345.46588360702,149395.54918605924,204556.96483526306,189813.42248131672,154968.07066311242,119250.39028316042
"Paulicéia (SP)",81285.24512670185,134121.15791017722,100443.92881421876,125423.7707441393,131338.07234207363,91033.44232674662,112707.42524651716,78917.81540708
"Paulínia (SP)",23225.301384537925,3587445.1226559742,3743364.4585082754,3772350.2863745,3942012.584977735,4086910.7717310614,4510321.489254153,4587095.197647345
"Paulino Neves (MA)",5256.857943004227,38741.01607072983,54881.602114646295,161610.37335397533,96762.94925894294,130187.62920858049,245443.58935046656,275653.74034811
"Paulista (PB)",50804.087398319134,45784.22658347343,79205.99939419505,108456.48435255405,104281.31566334786,107585.20241842477,105199.93209466308,98349.54669038346
"Paulista (PE)",44829.75099101309,61814.2486517501,180789.69099343097,271922.0011115869,285593.7772509464,276365.96526602766,285939.8963344718,276170.732049387
"Paulistana (PI)",323155.81418423605,299905.1514993982,231165.8682413334,164284.00153678135,172617.85136404738,223944.59593197415,257313.37270293848,224219.056242635
"Paulistânia (SP)",94213.00502071933,49347.38464317881,40360.356390312154,24822.18372176059,18186.64979912054,23547.58799162012,22969.845365359644,23827.745720871684
"Paulistas (MG)",118023.03902017194,60818.64341573666,38388.480764959066,70664.89419176668,59046.424015413046,123802.64906830595,80133.10667898851,119910.84231058363
"Paulo Afonso (BA)",168002.57317564444,185970.96182109095,228757.62515717302,190224.5126725923,206017.40053537852,212945.64741100863,238334.7538198289,255230.80836942143
"Paulo Bento (RS)",30434.62837058735,13603.53184354366,32187.737852911476,32113.310488237465,37472.93048566591,33062.593004597744,32945.897377069894,30273.922958277846
"Paulo de Faria (SP)",189804.76497328363,191202.70003404253,153432.9873595887,168892.07998958908,168362.48525997947,166540.8000514154,150496.451458586,148073.13549866423
"Paulo Frontin (PR)",75650.66965371979,161555.57509235822,97794.08648628519,92937.8559480504,160551.1092062731,84016.87126449683,66874.29861467525,37251.26583809114
"Paulo Jacinto (AL)",82978.05828602055,20176.681159871023,53171.26402883368,59630.63626131559,44339.365130366816,44137.46540329074,46988.22476384648,35156.60223741292
"Paulo Lopes (SC)",53061.5585598217,54407.42794195548,81790.91573606143,84216.96632060618,76286.38484179371,99800.00661008821,111286.55328549014,108227.46208132981
"Paulo Ramos (MA)",1200510.5953587787,834623.3569466341,754723.8670811983,679644.3046578254,855039.1668747966,937898.3688714836,653617.7197398775,589625.1469585281
"Pavão (MG)",200911.34783239494,109593.78782147127,170620.63526349756,119503.12491500237,111705.1687953161,177376.15199157907,118316.8409901291,119768.76500065731
"Paverama (RS)",89387.37795404818,108956.06223446538,102456.65232867094,81305.62231156066,249779.8552128661,68108.06185117796,61700.61309819834,75684.61722578162
"Pavussu (PI)",9138.420270620225,51016.41988377018,34084.54840251826,72784.47956239365,43797.608424901235,60377.38712987155,79206.08156174298,328972.70348177536
"Pé de Serra (BA)",168787.49301846966,86293.00704420489,85300.65092109476,75158.1987797485,82296.37804651697,91772.51207876478,95128.0151171889,93528.93832284027
"Peabiru (PR)",106519.93780712003,77780.6696863349,91313.994906259,103898.80680366389,100155.9588232503,96113.01542506328,111694.58907797019,101946.97619624692
"Peçanha (MG)",826505.915278902,441407.8774720897,202748.85755582372,212757.47373554952,240136.39528006685,302022.1522388238,268577.6257996126,308183.28854090656
"Pederneiras (SP)",263852.75588064117,145124.7448363928,430620.53333949106,377058.995375601,378242.68875850557,370622.0288373625,350129.837665739,272295.3532638972
"Pedra (PE)",163826.44017573583,105711.31172606359,177121.57261694703,182266.17998232506,205395.10865278248,186944.30007396152,229378.85021934993,224136.70353196832
"Pedra Azul (MG)",328996.34394849394,213157.51241805937,240590.79032531354,303317.7481188022,181634.02687809893,256803.89927158336,269013.86754940596,373265.0116638536
"Pedra Bela (SP)",30709.86542057444,47206.09486095482,52044.4432651429,47385.00055349068,49214.02375744327,52002.68226687276,59384.29937410415,45815.9689476012
"Pedra Bonita (MG)",71398.85268784458,35360.78711249011,34451.06708533113,35692.3669252517,61197.67307649464,43713.32479275467,49089.565854005006,43266.1311853792
"Pedra Branca (CE)",94479.95516723364,172174.70495899205,338724.8336723971,226594.63760470296,219948.4385577086,275781.8534810912,438434.909411542,376366.06639467366
"Pedra Branca (PB)",10059.841464457972,15589.755387320061,15041.607616253103,15394.616533233879,21550.48428933218,21229.596467046227,28449.914734174963,16589.73660651911
"Pedra Branca do Amapari (AP)",791.3512830187306,522738.9044032791,147764.3408667051,183485.01585090507,156588.520096353,182875.93782973223,480985.28078488406,66195.9834335372
"Pedra do Anta (MG)",48522.35804357478,25633.295882840135,19727.375009695286,29406.433196993377,30231.463630353275,30279.257797765273,27698.916257467634,25300.873247108604
"Pedra do Indaiá (MG)",101271.81552022226,84755.68415908846,55763.609763498396,82815.18305281796,96204.5514654641,117463.7699974857,85325.46384745695,88204.96914647183
"Pedra Dourada (MG)",16499.237561412378,12260.603659249218,10618.748175160541,14974.19726861642,11696.785619123792,20341.686066150483,11109.968836128624,15054.19621582909
"Pedra Grande (RN)",29702.850559126993,39940.15563727721,19637.468591465913,13898.56089536113,15458.675747506004,16736.629321173594,22950.547624463896,38513.40106988243
"Pedra Lavrada (PB)",25569.716876576713,15608.436416440552,18282.228630853315,18700.646753523906,26369.47821552189,30804.583582591393,24944.081038811222,29770.738543604395
"Pedra Mole (SE)",16697.859830454116,19453.817919495217,15785.464598263396,16146.2725391789,17321.152448468107,21688.488947112794,20263.77692364413,18521.585677277926
"Pedra Preta (MT)",1565668.839384692,1171681.7646105378,932601.7809550308,1144389.9465738258,1047220.0221871971,1117092.9601618624,1124769.051789714,1125347.4743320835
"Pedra Preta (RN)",56694.77782635301,56579.044209379346,19616.272146566313,38820.742411793646,42194.27683638147,40238.0513869748,68792.37809478374,45315.597158824385
"Pedralva (MG)",120009.71145024638,82427.22893741852,97108.47585929598,54473.13699035756,66661.42353390368,71339.93619504779,59484.67529020327,50147.68084257239
"Pedranópolis (SP)",78385.06434809802,72850.8993704592,56779.594971956496,83431.7970134279,74864.48401355051,89643.86782977352,106221.13156017268,97048.80003043533
"Pedrão (BA)",54528.04297288194,21426.71245540023,32313.761917545813,46026.73241401595,35328.01479581193,60863.16260536207,45411.421631487785,38180.36879953749
"Pedras Altas (RS)",195619.22293579273,141144.74544321903,445849.6925331011,417765.71152942075,536408.5966927763,501231.3781063463,401536.66203162464,300307.22331608884
"Pedras de Fogo (PB)",175524.42656399537,66939.9832734165,76188.07148822256,98796.278891924,91518.54556613244,80706.05977643892,81982.64056198239,98519.31923413537
"Pedras de Maria da Cruz (MG)",98221.06982014603,217537.85217298838,171038.67781222655,180241.0266181323,200411.58748393273,216416.2443520021,195195.4322223098,209283.48142573354
"Pedras Grandes (SC)",72699.24906816606,32486.15409804627,41974.01886443933,52356.11533759162,53390.07932623991,67730.34321003375,60062.31084923635,40678.18902079896
"Pedregulho (SP)",291504.2494887753,159439.02248605972,186011.09313005366,140322.14482996135,121764.1539310725,167409.42230432463,102123.03865536515,91550.82989701917
"Pedreira (SP)",20341.388780161782,32852.63288907955,101588.97573614304,86919.7712245606,102690.77463030914,92686.4086094186,77947.01489200487,84694.0832087034
"Pedreiras (MA)",115022.20479961482,102453.39731653049,84885.24494608106,111069.90685053194,142857.24232019787,121859.22615287446,127045.53581508988,116574.89787410991
"Pedrinhas (SE)",27962.89200118072,16509.36530986479,13645.072227034305,21282.1053509651,19709.166958753325,19368.534421316737,20107.152809411953,22320.93194425317
"Pedrinhas Paulista (SP)",1630.4039229683797,20244.004401386497,26284.80924103281,32283.554741478893,20400.761746093172,28537.934502293178,31733.952357709644,25614.23454619446
"Pedrinópolis (MG)",105239.69725574636,62232.49802050445,58740.394655833625,66546.35088060188,72943.51720572797,71881.72294148298,69066.14730148815,70247.71509583628
"Pedro Afonso (TO)",399750.9937832444,881730.9358151581,247862.59996644902,773824.7856520732,780375.9082240264,1339028.7814265478,1156309.1499077145,885061.1355095452
"Pedro Alexandre (BA)",152736.53606001203,111811.7467642446,123345.34473072556,126190.78910338772,130922.8779566832,140416.0447570014,146673.10604411858,145026.8519167839
"Pedro Avelino (RN)",111229.29327860396,110592.10017583086,51231.6848754228,135349.7389915303,144860.14239145332,108183.73232278458,160918.8228772857,146692.8594480917
"Pedro Canário (ES)",123974.00525909622,133482.9365558839,170240.9114811181,179812.14902529155,195957.32354512025,194619.15556937177,195856.52481972813,179600.48521254733
"Pedro de Toledo (SP)",82377.38788623214,75587.19082628358,18926.720286140328,24976.767327784295,32560.15203061257,34867.58148200895,32551.099114916444,14555.294545946157
"Pedro do Rosário (MA)",520573.26442534366,3346685.7012460073,1042898.3870435616,388379.538489706,561419.6792531287,629007.4992933243,1292389.2568410402,951956.3643657725
"Pedro Gomes (MS)",2131590.348577908,993304.5365718519,747842.6911729592,845554.9982180186,768142.5468839919,1016644.5684399515,926745.9190680467,885003.006962604
"Pedro II (PI)",136204.92229396966,77968.7754972334,74668.475657361,111149.80466133062,120403.08052176714,107753.80953459679,109363.13569571674,144071.68577185206
"Pedro Laurentino (PI)",6424.905464284646,47967.88292068068,37584.77373138384,75407.53197255556,129831.21810021455,95083.80846845535,55724.61449035734,107482.83198839503
"Pedro Leopoldo (MG)",133099.77750307068,92421.67137211536,314227.62575374724,287309.749037697,471038.32206184365,835832.6441009078,141754.33801818738,510336.26886669715
"Pedro Osório (RS)",365604.6078950901,254475.4486334754,288123.65196133696,231220.0882959537,316005.17577480286,375044.73807068204,244406.85661086463,175943.19466030772
"Pedro Régis (PB)",41517.90099934669,15684.939810864213,13650.760099217841,13794.02054789995,15811.054147134615,14709.929915823368,16309.071655756685,15609.385923543032
"Pedro Teixeira (MG)",20742.148880520916,15242.78278365751,19948.062399572525,23015.519658530407,18304.111436108815,20650.832795887476,18493.37031513599,19206.259970538948
"Pedro Velho (RN)",86595.42942227294,29029.6976095344,38427.961510189416,49798.34055603953,42262.22942703245,38200.708757810906,41204.15579005793,48668.160178113234
"Peixe (TO)",1537617.7113846715,1062326.7646302942,1172304.2184368558,1043263.8374017936,1148080.326596668,1293760.6253107712,1611375.912798459,1345980.0093997647
"Peixe-Boi (PA)",420680.921727893,1600673.3102373302,215709.39339590163,124923.71289924535,190825.30001703236,133491.3794085532,249790.46783234933,72860.95768130329
"Peixoto de Azevedo (MT)",2488513.2149444614,4374558.452263426,2821991.065955309,6405476.73530295,6822378.9034005385,6729415.330422814,7439793.113436577,5134669.134339065
"Pejuçara (RS)",106771.75279093778,61342.240948020255,54264.80818152384,81165.97474216121,111435.48961235845,91885.66136636715,68666.6676966106,64291.714414498725
"Pelotas (RS)",671386.9520872365,573185.6505190565,1069779.180094638,1004758.679041736,1197339.7635360246,1151744.6511987217,1061306.744550923,1031670.7563575644
"Penaforte (CE)",59990.355311669744,17999.61750134087,50082.243772955,52523.1282699509,54957.31154940318,53620.33943216887,59018.24058997161,54092.449620577754
"Penalva (MA)",169533.89428522077,722017.6594646056,542173.8092102477,323535.98987079534,314081.47669120796,466365.03786439484,573180.151841962,705654.3476352216
"Penápolis (SP)",197014.1029068111,212875.6582002036,240178.35349271997,224575.03227412485,211032.01886775988,227767.95818698307,249246.4858225733,230959.49176753958
"Pendências (RN)",25048.110823306386,56468.42574984025,30036.220899446133,45831.832364446665,31146.035486046905,40431.94526001267,70329.98708310084,98896.89204359983
"Penedo (AL)",257401.54284937604,134839.32247778654,130587.39646896445,162692.9113011407,156853.16335989183,159740.6301447024,156618.912209319,150258.81422232234
"Penha (SC)",33644.87955691157,16777.531896734243,49884.64673772528,62149.80095780772,73003.5425698846,100194.99991228229,80665.73192195717,78757.51376243147
"Pentecoste (CE)",130275.26068561374,116355.08934027965,137872.73406931676,172165.31191922267,181493.73239681515,125330.38093306542,156608.26800005592,164917.759531692
"Pequeri (MG)",13258.206278674417,12491.992643772986,10645.019907259615,19984.323229976348,31874.00058647747,19743.255781713244,18737.58577066838,18375.51869545861
"Pequi (MG)",70022.39729362489,55393.00656488004,44902.213690730016,49760.62029094569,55223.05955529182,51832.544414034266,48069.168045659666,49969.76325859047
"Pequizeiro (TO)",4596975.825781687,1934196.744138959,315404.64920784085,309021.0120323702,332204.6583665469,528846.1170648133,659097.9373495696,302699.84018500225
"Perdigão (MG)",71537.2770277752,59531.63266275189,46158.00217662953,56387.91290919004,59462.32868137219,58714.06187724593,56580.42508886625,60080.69699317487
"Perdizes (MG)",769247.0287225739,547957.6671762737,542220.0733613967,652905.9436394353,730614.8765667584,687843.690763668,714679.7472858566,705869.563977501
"Perdões (MG)",52069.47972783499,56850.289772384254,109555.49212091725,117928.91678157296,122016.14160970574,118016.12735339896,113866.32855841864,112987.68999782552
"Pereira Barreto (SP)",422362.2110018845,288686.1985587301,255414.5580983332,254626.98767100717,220456.183670121,220233.69349070918,211901.1398096626,250848.29646612165
"Pereiras (SP)",53447.776753459024,65085.953085599234,127883.04764774468,156461.2100196442,203525.87828484672,239444.60864528437,241060.2638646111,177971.6523671163
"Pereiro (CE)",43703.08539251258,42371.937685920784,50469.79443744181,51107.288656825425,50022.301576028076,51078.17353319309,52788.94146643323,59377.63905387788
"Peri Mirim (MA)",58904.024987245866,409336.7535128076,77081.87824483529,63723.58128193576,73945.44779623611,111191.98057177014,117716.07627216069,76349.56372102015
"Periquito (MG)",88897.7847360724,129092.14598700897,94294.025094353,68547.31484251612,83000.95004898438,81566.68537712368,64905.849374844336,383756.85839384154
"Peritiba (SC)",30713.312014392282,31227.828364374967,43733.72191584969,53464.33129714549,64425.82751876266,52436.454891711364,57987.89025546824,44091.36180832836
"Peritoró (MA)",102475.69488122588,248234.22741189104,116257.37729542424,320150.7433844403,718090.0279536846,403082.46824623144,369465.7720562459,329373.76842873526
"Perobal (PR)",44024.5166815192,108926.00729088213,113263.86840643433,83512.92353309842,101639.61715849995,87087.05804650222,102999.5616475594,84234.80319590494
"Pérola (PR)",123615.96901122728,85857.59332670385,95429.77777686717,102591.0983948571,110542.92982341543,102576.37505387915,113959.51451753164,113405.49405501982
"Pérola d'Oeste (PR)",73924.90541083323,50665.28328561531,58499.97544200557,74702.53480930509,109721.02924455187,80904.811382212,71215.03033540561,50720.25871314642
"Perolândia (GO)",205927.8583226906,211260.56923224515,156560.4173559468,181754.61190316864,191963.0292527379,194170.497893624,240814.6495549606,232113.86339460878
"Peruíbe (SP)",78111.19206236322,70670.02770917212,78980.57209897718,90409.88850922894,109190.70759854538,109447.60163858559,116968.60132588967,91514.71895398377
"Pescador (MG)",101947.674436603,80115.1751396323,64560.457345642266,45722.16624605329,48888.429559005766,55981.154111541335,51341.58056171741,62181.04824610017
"Pescaria Brava (SC)",21706.803179680544,1662.554141048141,3215.469511092752,35508.45736213347,31120.01794474367,33294.25226272597,41345.711449916955,48443.16201338149
"Pesqueira (PE)",145744.44513973696,83542.60377479301,215213.73873007717,150678.782215788,182556.74693202958,186559.7176370453,220216.35111644882,213160.53795269664
"Petrolândia (PE)",95045.44963419066,51980.92037829262,93129.850069921,107629.24537980786,155203.07636760813,143919.92934689627,163150.22781890284,211455.12075685483
"Petrolândia (SC)",110042.59762895171,93373.097589291,100593.83187223152,93972.37328961432,104427.05490491023,117153.46626839734,103860.97251018792,64543.28014894735
"Petrolina (PE)",328362.881928905,427571.87031416537,633729.4008355123,-82281.77196579328,117576.66912501906,-138182.43314008912,-139952.44840989707,-220259.56794923905
"Petrolina de Goiás (GO)",238350.17128633888,183077.47105110472,210472.75967083152,209991.90541581562,224181.3630847693,218195.28831900205,221046.43704600687,222082.15031030477
"Petrópolis (RJ)",140252.9643690118,194974.95913098735,504585.6032926953,511961.4302903354,515124.0424375596,502603.6922399099,481599.9124931297,459371.51969374495
"Piaçabuçu (AL)",153567.85103382517,37121.71128244874,56037.776521322,62393.65969987165,50286.46157748734,41728.42156952777,38429.95411460231,29789.739976884743
"Piacatu (SP)",61227.669223537494,74408.88466545493,72826.8603694368,72833.27204496093,79995.32760356447,67803.66842447527,71109.66756855792,65155.161642575644
"Piancó (PB)",56778.855433117606,66285.61834382355,104475.00540734238,86960.26049255411,105826.47915997237,128910.94168610961,122386.51209201696,84162.34200006818
"Piatã (BA)",80734.25912405847,87332.0347918772,85966.61457413768,128834.57428474464,113008.34072524298,169100.32723375424,170103.9835261561,141969.87731380382
"Piau (MG)",24307.869540294152,34654.59386526653,25033.98500824995,37533.7904072264,34980.585404284255,40583.407543811925,31899.212888858125,28437.71200682864
"Picada Café (RS)",19510.001620497722,146175.22101533887,44358.81320262716,28878.31335234553,50474.83615418225,50602.015968612905,38812.95211019102,110749.31354478886
"Piçarra (PA)",8861060.488708448,6187695.635834008,1298211.9951044742,1001122.1743951644,1095421.9711082703,1351510.1145558658,1304605.3089179355,925309.0251723703
"Picos (PI)",145221.9768768479,73613.36054643725,192078.41511383923,209856.80359960048,217045.83187340526,235286.9696631084,263993.29741550866,285653.7914913796
"Picuí (PB)",64985.392826627096,30119.959270699586,51472.95888916732,103877.45037297875,82225.26735495958,71267.68789736845,97238.78883751025,94328.58571615453
"Piedade (SP)",126547.6782221923,149821.26141582796,139186.44845966762,215897.2406831121,180807.42452872006,203903.98329215607,206080.66571330946,142317.24297054362
"Piedade de Caratinga (MG)",90146.74837308857,28871.544409848906,16712.127711470308,24128.156479441852,29255.253082239014,35816.31964833461,36652.99370996895,20976.756393208736
"Piedade de Ponte Nova (MG)",27575.11484273564,30919.26194503402,34689.85559310795,37289.623893720585,41881.69135595192,39814.14662427068,37982.72854218406,35709.940712567455
"Piedade do Rio Grande (MG)",77895.57658829201,40561.83944102446,42407.09596481799,54469.38738889952,55498.11727143416,65476.96294640208,54582.71412637213,55325.2441015659
"Piedade dos Gerais (MG)",70976.72263097689,56512.918771349905,42387.69741138585,48526.0704690255,53313.894888331684,49314.41569265851,46712.77396604425,55738.14821406905
"Piên (PR)",75756.45529503061,96827.21987353466,151874.10196188733,106491.95795027883,86622.09766599741,121338.15884501691,66444.30991988629,33165.73774996299
"Pilão Arcado (BA)",350677.34002273116,601069.4076046742,344305.5684106539,695031.6242551189,862492.8673251746,1429650.335105142,1655120.6060746342,1396357.5023957195
"Pilar (AL)",46664.87024344019,24806.11048934171,58867.43572072212,78499.65654021082,80891.531627401,84730.86579753605,92060.32317310614,83594.19591913375
"Pilar (PB)",75864.72839989974,24469.863600583103,29865.569823252998,21221.708828116487,22971.298141801177,21688.155070529097,27851.163820009988,31357.567738775375
"Pilar de Goiás (GO)",308651.8873469514,228545.35146937415,260082.57697782008,339833.27789445035,309031.680409854,351119.5297261272,372154.85212537186,381334.90970113315
"Pilar do Sul (SP)",198563.59332239852,118824.86904582754,114306.98869174799,186650.9636427851,143101.2871664907,155717.4850721351,144560.42323137997,102153.20145290856
"Pilões (PB)",53173.66949133078,14659.163411749569,16363.41801635971,19179.155770173955,25123.88464582097,19625.285283796056,30018.417647537593,28458.748804806924
"Pilões (RN)",10732.533910003875,8052.054486097158,9622.106011381165,14155.94198169741,13034.259991524637,14398.677277291436,13889.94614061297,18334.831080438777
"Pilõezinhos (PB)",32253.263921649126,9908.324077768468,11877.202077412954,13004.432690724525,12497.099983532502,12591.430062194158,13275.938661976757,15078.45300530682
"Pimenta (MG)",87555.38918267257,80971.13230916507,100508.7799494797,129487.61948273332,104175.16717491983,108167.73925536392,125047.74041248317,124397.72025398849
"Pimenta Bueno (RO)",2110203.2870189147,3859803.145328197,1321617.4422511335,3785019.120001972,4236976.870018375,4069784.1773519185,5257720.305405395,3913186.9083888936
"Pimenteiras (PI)",240968.75380355175,208083.41461096623,284393.9654061652,165046.29158265976,311373.33503538347,408008.3848711703,272258.89633872337,283958.75453247875
"Pimenteiras do Oeste (RO)",1400014.7498399222,1562810.4162057126,748864.9686786981,1374359.4860435377,1104065.9081282797,1569879.649051989,1908370.581796062,1199970.4228699221
"Pindaí (BA)",78338.94696390335,66813.70936939085,72908.24126638159,89821.67210837123,104890.40281309746,112864.48134321725,120747.97250213972,110198.42981457748
"Pindamonhangaba (SP)",271739.43924009055,200210.50613338008,367225.02762941056,478040.749015832,475347.57713172206,510023.2526607706,511358.1687857964,466813.69046712393
"Pindaré-Mirim (MA)",107768.0495475953,137776.63037521634,88815.40425637524,93305.48433925545,145251.14801229263,259417.24028169378,136981.78645356235,202643.97831300495
"Pindoba (AL)",55285.2096093025,19118.04082168103,30934.095685738095,36766.95614285613,36395.90255485822,39030.0071594438,33761.773182610246,32142.55188477608
"Pindobaçu (BA)",65285.439076970746,73708.4631354173,60513.02238061491,43028.2150069831,53561.039386805794,85254.7543359444,115166.24182627273,110937.64750188676
"Pindorama (SP)",44860.49034888877,26966.41391594284,41188.353909982565,46528.000357689394,46584.846186548624,52895.84434745544,49278.84502297886,36549.255687785786
"Pindorama do Tocantins (TO)",169204.89918273047,634043.6553730937,316905.5011559949,363306.6659693011,325029.57733325654,292167.5660614917,604209.6133790605,351160.05749785266
"Pindoretama (CE)",10594.659909701859,54450.186765806415,38213.27550072323,56565.43617010086,55135.219723663846,56793.57784292654,53621.93933657083,49974.85518720395
"Pingo-d'Água (MG)",34380.69790895054,26918.06850712624,24745.011117750317,30983.906144361805,18526.395113005703,22729.373702598936,14456.39393024146,16955.30563601875
"Pinhais (PR)",17655.711657663887,25860.57928324849,154260.23966272175,163647.02692044113,179958.31841241263,194526.3228974335,196672.4236392533,192398.5990274449
"Pinhal (RS)",19310.406843650133,17316.088530795794,29569.793714026255,77736.526530413,77552.81239506684,56952.77851634319,55982.75950793931,60397.33619316862
"Pinhal da Serra (RS)",116059.01173555426,117358.86358540732,116584.4163423561,99207.97259421936,99787.4871255283,106529.519080077,114406.81241347251,126303.98060938959
"Pinhal de São Bento (PR)",38979.62449739534,42093.54675765278,44892.90364739306,40183.77170261396,41667.26608386827,42195.7362853618,38227.838019014926,34466.789862233025
"Pinhal Grande (RS)",78435.6742850281,156713.20873907302,110739.24705541547,117864.66723297494,119118.8498078429,100064.15621599859,75120.0794710561,163264.33420203484
"Pinhalão (PR)",47638.353012561405,91943.21291424702,42677.72720385274,37869.61046881047,41224.3250230321,41627.98180660095,41723.80752682702,37478.05781783185
"Pinhalzinho (SC)",70642.0703499792,48546.823932963525,86746.43609898075,115991.1112945588,127058.35571059448,116013.25862709929,118347.09500260254,107131.2278778881
"Pinhalzinho (SP)",25105.025993004558,42183.11357518483,65191.61188670148,61582.76552814849,63459.90699027872,55901.20333046444,56617.20954428872,52025.540818751295
"Pinhão (PR)",976559.3859813878,633433.2736686801,604594.0780822787,539050.80608145,672934.433594154,697873.554167266,452702.86879398586,304727.462164827
"Pinhão (SE)",40902.38470393007,29488.685695300785,33564.69817849648,29150.12988417759,29745.493648428488,35299.95946498071,45707.87901147978,42471.89753407649
"Pinheiral (RJ)",10080.19698936789,18450.993688286268,41825.963874985464,44325.752481339674,41445.17379544119,40218.285470459814,42638.24949071911,41585.78351265617
"Pinheirinho do Vale (RS)",16004.043125721151,36072.33318008771,53493.6480069244,70347.89982781524,80577.19691596105,86140.85316740737,83130.28854476527,61143.82871342624
"Pinheiro (MA)",309355.0160303699,1971292.0815345254,510596.5877048934,427076.24393882323,594288.3471616362,704262.6236148257,1155136.8081462895,710890.2498983986
"Pinheiro Machado (RS)",541206.8343031222,462931.0072610822,496053.10888077423,437741.8884542735,620224.1897263443,627183.3797098662,531696.034252862,540999.2294722697
"Pinheiro Preto (SC)",19279.080903788465,24415.67446302688,28277.824043492452,38627.10679007063,39378.0685949429,41532.32698400097,41058.326096131736,26671.463738643284
"Pinheiros (ES)",171524.04747201453,202304.90143763993,242917.66587888813,274388.4848013697,256213.87433448978,258023.24364289138,285781.1638848873,263637.0014423196
"Pintadas (BA)",113075.51647693894,62196.431826170025,89478.09871944673,74518.3856098315,81863.1683417287,83356.41846926723,85946.6306051384,92778.18858061799
"Pinto Bandeira (RS)",69876.32422682513,42695.47037596453,21677.261648196043,26434.870382750436,36830.875779842056,40715.01181532838,25255.15613657159,249125.3570884603
"Pintópolis (MG)",169549.02071877013,504103.3158457996,229990.22330255338,221662.9706440324,214819.35500344835,198576.6550954481,218414.58534817718,234331.77972313832
"Pio IX (PI)",183963.02990860216,236510.30610508347,146195.6257978868,156195.44117060126,171244.6208588253,166311.60535227341,184859.3486963035,218947.82604704518
"Pio XII (MA)",260499.53829016956,239852.1080596662,258458.87224047404,263885.49342261767,221381.39709043328,301776.29523936636,626177.9242627962,1563911.1832258063
"Piquerobi (SP)",109586.2598096011,138073.66301072005,143006.87885391485,154857.11714082176,143471.56964589283,149281.52361893043,159515.41827226098,178575.1819299452
"Piquet Carneiro (CE)",40315.53342247149,52430.8549762077,112205.37285744106,128084.47948928145,124994.32496286214,161022.37932513346,173554.58309421115,149595.55913158663
"Piquete (SP)",38422.389385451315,25537.126274680028,36784.540626613554,41774.61171266456,43335.61916790121,48433.87873646096,38851.60936003048,35643.439659790274
"Piracaia (SP)",62343.15127156404,110914.42069248333,96417.3191797027,97165.47668592972,95049.6618191765,121819.74078821825,100322.94957947455,81403.11374604594
"Piracanjuba (GO)",1035580.2363470707,792582.2877737288,669986.8996676143,659855.5196749899,621898.7501608935,655913.5744190059,636669.5864642597,607295.5910807281
"Piracema (MG)",122861.98655170391,75970.97603937819,69969.95352816579,74102.69240267958,65561.63337528256,79675.7519763915,70311.53995651398,73012.55062183735
"Piracicaba (SP)",366552.2323920824,360145.4649113434,943613.8814345434,901949.2380326921,1023329.380506621,1062892.4543899614,1052326.591686129,997783.3076169974
"Piracuruca (PI)",397366.0760109517,164606.18463770061,219030.0791429358,256103.11531455678,279297.3996336345,254019.13425192202,341348.3881508376,586040.8001379928
"Piraí (RJ)",190112.03375134338,103297.178186811,165734.635181553,137161.29690356733,139392.04633494318,132449.24186363284,132173.74991187287,130910.41210522181
"Piraí do Norte (BA)",132615.86766262123,86737.40212818749,57426.601088774536,116505.51705678723,155004.7750159586,115144.4071667515,80724.67488051577,72993.27810023831
"Piraí do Sul (PR)",411355.64318222343,448901.49292890274,299080.4625900191,291265.45077376545,339359.49232944846,351174.4185099212,313517.09060859855,271762.0009100581
"Piraju (SP)",200966.1466390202,133306.21428312093,138961.4176240929,143672.40653007646,147124.05014146236,153537.7923550842,148424.62624426093,120931.35536704255
"Pirajuba (MG)",81959.98040085583,121128.66387776131,115829.61259915603,152372.2054711551,162533.3388776034,174830.0487867719,144872.23528783533,140072.13589375606
"Pirajuí (SP)",508710.0189486045,238824.89270015855,233933.8589183061,247526.52863914333,270197.8941877907,278635.7978315918,261295.45760007028,201860.18547933374
"Pirambu (SE)",23631.843741721157,17244.715673821735,16707.13786594914,25154.924702751974,21214.25651684354,25894.712333505227,28007.74468773646,14956.715745503823
"Piranga (MG)",259454.52570234932,222835.30410496372,83524.3924330373,139313.70842371072,202200.90111672666,213533.9264643138,171924.07115191297,222719.51167804658
"Pirangi (SP)",49691.93988902973,33171.73100992821,137589.08869823298,46426.6483524429,53781.08412578781,64868.13899839011,63973.307311304954,49132.41212442676
"Piranguçu (MG)",44571.927629806305,43188.43247834382,69649.40763718863,39250.75324831476,36225.41225026805,34549.45669686586,33251.227797762906,33217.58617559288
"Piranguinho (MG)",33056.34649964697,31864.594309944772,45362.60533182421,42942.76446678836,45811.543644472775,45091.53272141154,48345.99526106343,41197.489609206044
"Piranhas (AL)",32404.57253622176,67881.43089506534,62438.32567191853,71171.3159830369,73071.44508699143,72427.88777463004,75112.88959310643,140332.79330907055
"Piranhas (GO)",802830.858391973,594659.2826167956,638614.3478219783,612056.1670543755,651992.1905260255,613137.0931752155,651983.8077867156,563738.1054768093
"Pirapemas (MA)",156776.31562368185,154465.49011396547,90962.08380431599,356148.7581299577,136271.68558602736,185518.39460407547,301803.31669115473,329616.9492507896
"Pirapetinga (MG)",50265.943279031715,46118.7302319037,58288.43967971527,48696.55930157603,41666.75081641801,47832.670651323984,46609.34629906868,46868.17261046919
"Pirapó (RS)",60313.66520736584,78884.00312472234,70658.68275751287,96970.68077904507,93143.03061427707,96393.17390981173,77938.19164480067,86377.57638439612
"Pirapora (MG)",151967.17556741904,94212.90987905032,229203.66777701734,158748.27861518637,148880.1687207316,170160.1946328254,154028.0197108414,167717.08294672478
"Pirapora do Bom Jesus (SP)",6137.59434737462,15019.797874193484,29202.530704411565,35771.01440789239,41578.498499113404,40440.58464603337,28122.176027602134,22538.81015949626
"Pirapozinho (SP)",129211.71983287537,127071.14092417125,157134.8949469872,138571.50391395803,120705.16563144687,117567.6286592993,128611.53473274893,111120.04154273059
"Piraquara (PR)",164067.33339881746,37515.32549754922,72786.07580233006,84459.05316620915,83954.65261675233,86845.35828656446,96397.3604559568,91365.98727783286
"Piraquê (TO)",1016525.6383367403,1480365.7863106504,565253.9881545886,478294.38521136035,626362.2323145776,948510.5235420658,956762.6321267384,603663.9868295961
"Pirassununga (SP)",137437.27373107875,157317.08828456726,277657.3121718051,289551.47860427777,297833.09976914857,298895.07835243933,294443.01908230886,287878.7933502565
"Piratini (RS)",985101.7414373701,855501.1984513702,808438.0238668285,795674.2454433482,1023270.1901363553,1337957.054109461,941028.5318799053,734421.2062786296
"Piratininga (SP)",132794.8859273108,72517.5860016181,114942.81925862507,30556.51591570038,48984.166871946436,57412.22638710113,63822.06491952755,45448.5580556538
"Piratuba (SC)",48899.34277578154,37478.957990707844,56404.52694038181,59690.80705255922,63029.599556446956,61922.090881184675,63812.32301206187,49374.5489499211
"Piraúba (MG)",29009.635746441698,28684.865222187887,28990.42436455237,36372.11005244571,37707.48766939968,41075.05685859204,35416.81163283233,33326.76888765683
"Pirenópolis (GO)",827139.5963465658,513060.2835482294,442861.2000678667,480943.44492638565,645932.6865687149,482780.75000756077,547009.9042055523,508017.155625028
"Pires do Rio (GO)",468170.5907323982,333701.83665060316,338316.4193087195,378083.50581737066,402125.0274278581,396942.35555686546,402934.52791456593,391261.01548050763
"Pires Ferreira (CE)",18999.149830247992,28147.601418718878,27181.216405328774,36893.36767488405,44449.78189298593,55636.03336812459,52825.0603966443,56740.57741389892
"Piripá (BA)",34198.99896895679,78528.432524631,69732.11035286389,54921.98898187982,55828.17338485239,58587.61149867235,55788.29664649568,47707.3427364184
"Piripiri (PI)",220201.57027882666,130907.78827718612,135242.64015231654,198151.59968685659,286150.0069117593,212271.14022063286,212339.97623765483,276387.8619333807
"Piritiba (BA)",374063.63789527805,98450.01845644561,160644.91111914357,121764.95422788772,132281.6495256895,172418.8715821691,212821.0408566144,198350.2245235271
"Pirpirituba (PB)",57170.7834068766,15516.106367156784,22605.333814673188,24840.07865437044,25858.86505373421,26656.68294718387,26190.39404814199,27902.418685674
"Pitanga (PR)",666922.9098137242,343140.2151223468,429906.0813021957,441439.509123006,410781.6428469109,415237.62928383774,425907.21240062045,313020.4183791567
"Pitangueiras (PR)",8952.582334369412,23115.99946229414,21429.208785272876,21284.379044630277,18834.23130489259,23213.302571270437,23326.385832495005,23543.334450943643
"Pitangueiras (SP)",97577.57741084191,102966.46167203427,197613.23690412106,217386.1659922565,217808.70427968254,250274.8402386816,250399.98025420937,219171.9960792802
"Pitangui (MG)",168938.67789719556,263712.65849689726,178867.98725243506,164793.5918362422,183216.51544499493,161038.7636565308,177009.7989940974,174316.91441578604
"Pitimbu (PB)",13698.672273402859,14160.847125040646,12009.251119671851,627310.4833598374,16452.62188911597,20870.17713466426,21882.580422383347,51180.2883137056
"Pium (TO)",1204982.8416067357,1342865.6731262193,901184.6042450279,1284541.2282466544,983826.7136548656,1665779.057483299,2516009.0284183756,1497255.349001423
"Piúma (ES)",60481.66147882365,36603.02662136939,48845.20586143003,47540.249351811006,47765.2026343616,53123.58130626873,49491.08186581219,41254.763394696485
"Piumhi (MG)",218903.58317853083,222046.68395925482,235201.46170066236,221798.21460123957,214295.50838723866,209697.77415711796,212532.2405519099,219881.20877234198
"Placas (PA)",1051960.3219699909,2801972.980141733,2336025.9195311214,9532828.305689465,9533019.341961019,10085086.824243562,4232761.350480504,3745339.704750776
"Plácido de Castro (AC)",2304862.5258478564,3565957.973659346,1557657.9969011873,1312136.264793936,1064545.6281059228,1344819.9209618354,1360373.0249162053,816023.8999611947
"Planaltina (GO)",634874.0180587227,686860.6095742515,441822.40705884603,472258.2391297401,483185.5809684755,558400.9242182823,539094.9667844048,478091.23045763915
"Planaltina do Paraná (PR)",124006.39505483933,108984.46122092972,126419.66915055458,117133.86879634246,114831.74282705924,123003.07487515721,125978.8008650919,137301.1323156106
"Planaltino (BA)",290585.4749056905,111973.64584403612,118282.15819359598,61357.57108677553,85793.05807116792,96847.12102986882,129545.63834549935,216280.1672837398
"Planalto (BA)",275364.5315425323,272908.0655279502,244861.79307722,250921.8272545147,304367.21094537864,278885.0657710379,266549.6417176484,345220.9989913381
"Planalto (PR)",101093.95337480903,83681.16256028113,104282.03291713414,132134.63884442172,195399.1396333532,136526.69549684474,99868.69001630765,94505.3269857196
"Planalto (RS)",79275.8085679687,60285.57277241254,72825.23655677323,80402.62425482935,74203.23543065324,72467.76933113785,82926.59348463797,59293.3724054501
"Planalto (SP)",147531.3661029799,86121.48585979806,73387.40127975977,83764.80323224972,94092.06903457546,86462.9626956693,106675.78336970034,92632.8693112404
"Planalto Alegre (SC)",28455.790702707443,25605.28117025742,30920.359924844313,38365.880025396575,32859.15021296296,37921.11659699551,36231.33879037384,26389.899166360166
"Planalto da Serra (MT)",533259.3622007507,717830.992439622,507084.19172459864,358685.2728335523,352640.09249339136,382556.70012590766,381683.9086397018,377513.09552857274
"Planura (MG)",50152.298676166676,94928.34959453136,61066.29684789904,101274.37724631593,106693.94672402987,95217.12058119656,102201.68506939623,104975.97073172632
"Platina (SP)",75857.93758139435,63688.75847813571,67732.52609357523,56655.65868604339,47322.46582659992,51451.78221145441,47086.370257514995,43003.97202442172
"Poá (SP)",6292.3292237007745,8176.712142920315,93806.26099605345,107300.36526808499,133277.15237419872,147133.93831494963,168850.00818466616,144498.0015078545
"Poção (PE)",31684.3551940736,24285.447160523167,53350.15542067296,34502.34425117172,49109.70181761696,47502.24554052588,60092.4922257929,58515.38173744314
"Poção de Pedras (MA)",342229.14124050474,386884.47410303523,229832.29807932297,280398.9904702588,315710.31831108953,317815.194231623,300671.104125263,352317.31762423104
"Pocinhos (PB)",113484.33026425197,59957.3333873531,46473.72769743734,78456.98903541273,63341.77840979733,60809.11573824479,67815.05871501507,80243.75312040962
"Poço Branco (RN)",83069.62525199706,53347.14281069723,40371.74613386261,38038.19052899083,39568.01128297415,41388.556221313476,47664.67306517134,48596.0034876821
"Poço Dantas (PB)",4301.986565445041,5628.275460857687,14052.079696586205,14850.380458442292,16527.91642244692,14676.522271133617,20615.62962189181,18237.571616064513
"Poço das Antas (RS)",21634.765891833173,46272.66781732365,43967.985084027154,61965.782844211295,304315.6887861086,50790.754703403945,38444.667492120345,58147.98489015043
"Poço das Trincheiras (AL)",50401.26958218577,25925.05167456567,40233.41788001628,37415.991611192214,43102.79005884908,43859.59660878817,47496.27366104273,50267.65527272277
"Poço de José de Moura (PB)",1860.7737710826168,9645.829403768308,19597.85917844503,21093.61581203362,21447.974964648478,22188.057406064127,19759.64000806471,19142.24276941096
"Poço Fundo (MG)",190367.91071184882,173200.00325590634,130288.8103318336,111482.37297326046,144622.3732967649,136441.63400748253,124093.09984454558,108778.46047382365
"Poço Redondo (SE)",176070.9926444646,258465.14167856035,136346.471023988,158143.38036770772,186566.21399416347,203000.73708064985,211446.15510842061,298643.8518214354
"Poço Verde (SE)",59816.48467068413,69680.34114077062,86170.26991427992,76708.00216392416,76091.58444420688,96034.19573109206,97145.13451825244,98315.08864070136
"Poções (BA)",196673.28335070636,195210.46371456896,247012.56174859448,214814.53438883668,256302.87895740155,287689.2059544353,292126.40025365615,286195.3698075444
"Poconé (MT)",1751604.7912027368,1322693.888582674,1408265.7937916631,1889622.5966907712,1803222.181955664,1866199.4720585607,2063133.6762679701,1876649.1719999316
"Poços de Caldas (MG)",550058.6230803373,488219.26155175315,935874.1656586757,227902.78706407532,258372.11609605543,273033.9336317213,271530.01724223356,273110.5102588384
"Pocrane (MG)",234641.74969111625,94008.24168684772,167049.2572785716,105951.99676804448,122648.36728058361,117554.83662115522,134383.14366781802,166487.09128017168
"Pojuca (BA)",209408.716797909,179867.26442119983,92964.7227460857,71871.90376331842,95117.01037301261,106213.99725984116,113275.91482628972,117707.71458166676
"Poloni (SP)",49080.944107309,52552.210079645665,50716.26497058493,47402.06814703386,50844.8423551234,53714.390051075345,54435.00960928909,39235.81440087103
"Pombal (PB)",110905.18594419587,69381.62805723332,132940.6046127953,166682.11374528415,183735.92629358746,201835.36075210178,172006.28781196073,150589.46257119643
"Pombos (PE)",60243.062808111325,34616.12971604947,73277.04021031946,107856.03567958144,123988.87987663149,117190.54556618577,114177.19753131102,103994.32645641864
"Pomerode (SC)",47463.701032429126,41472.700184150664,79000.7275468134,81483.89741559101,78260.95271987646,85113.84094550872,77804.80098792771,73459.28963803565
"Pompéia (SP)",233981.37784961806,203355.82405646914,223008.95580257563,225823.8793224442,213341.39229204127,220969.4110507775,222653.64145104843,205157.44631958613
"Pompéu (MG)",850632.9610080823,1005617.9535480622,578690.7413756843,547183.7536147062,517878.84953564696,567214.8284369855,577240.4670384602,606210.65916865
"Pongaí (SP)",51279.54047713202,47165.91129986434,51487.436841614246,72155.9018858215,63609.202566430584,72174.547545522,60076.07556992656,58299.165795655776
"Ponta de Pedras (PA)",495185.6945980836,194538.2247578871,166813.31605437997,153013.54966277737,165974.87302075556,164953.7947155318,162414.15269040668,226598.48939154745
"Ponta Grossa (PR)",576863.9481595848,481469.42638153327,908012.5237306614,1057553.1550427813,1114486.9399631945,1181064.8697779786,1211504.843196974,1124818.511583725
"Ponta Porã (MS)",1977680.746421211,1380224.334782144,1032939.8567459079,1252420.5269965506,1116546.4321564424,1015429.5716238299,1043187.1600732617,910388.943070126
"Pontal (SP)",86054.45243429861,68779.09012572371,192100.90459896444,179717.69977245486,176160.86022574487,171800.97410933775,183842.026968463,172372.19449360037
"Pontal do Araguaia (MT)",816879.2477585231,997887.1272448368,472012.1762148404,430655.5485475359,426322.8948292448,423106.507541545,493777.8784447368,401452.131584144
"Pontal do Paraná (PR)",18004.089334318207,12409.523023915983,26684.952365419143,52319.26952388149,59462.69265589875,60998.847527232545,51448.95187673063,39319.74996775304
"Pontalina (GO)",512347.02019254275,416950.43671588035,413207.3155089383,453730.88314734475,453802.1725040785,459768.6179503134,457701.5575650478,453286.61494201
"Pontalinda (SP)",20110.37062468446,67798.82342600153,59593.77985055793,66723.02755509582,66774.04995305897,68933.39586537189,66196.38034190406,55756.81975042025
"Pontão (RS)",112498.4617312226,87291.25254070162,68717.25025530823,69059.05784637008,92666.07973177098,64420.18218435395,66227.09354796528,66547.380318999
"Ponte Alta (SC)",214184.5007415956,204105.6404225779,179718.89512231614,146126.37235604803,145958.94615998527,130955.65982649814,117654.04384332598,92839.70066915808
"Ponte Alta do Bom Jesus (TO)",159620.10915735384,243011.9274383313,176419.29836672288,357079.20901861833,291979.26163944526,369931.4265720438,697286.5187591242,641605.3225767514
"Ponte Alta do Norte (SC)",127869.41979067169,138246.01197985202,115441.55005148808,102315.58625469214,89631.67088690579,121917.07645829087,87317.21006643846,56205.272104952885
"Ponte Alta do Tocantins (TO)",317472.1772557042,611205.3464873872,369623.609680777,728220.492221617,611767.1873360104,564810.3261593622,1800301.769035551,1916499.8776059335
"Ponte Branca (MT)",188798.2326987984,182068.19269063912,98345.32436131936,122882.70971900254,111214.7821095,117765.36660297334,113696.71416896267,116924.1148963718
"Ponte Nova (MG)",187632.4199143334,101758.58735781099,147583.06290636404,179068.3891533906,194616.165106666,209294.3639574313,196516.7270525693,188271.49486498735
"Ponte Preta (RS)",11336.539858079084,42019.3798936987,28873.82081066367,29179.380576307587,32507.761763202197,31704.262745781754,26201.875613537297,27959.521845488896
"Ponte Serrada (SC)",373728.9568818776,192151.48553539324,114606.34138102179,101164.68091515341,140185.94172129026,139782.40928763084,111651.1292356267,87589.23793458482
"Pontes e Lacerda (MT)",9499858.361595217,6980407.267028716,3241210.656107938,3344380.5071729906,2124651.9646970974,3532521.570410279,7905523.4822352305,2146056.2592306403
"Pontes Gestal (SP)",68268.8919088463,47451.50135285025,100212.07917087384,52466.08988383294,57091.20758634758,58459.24181258486,53979.36833168081,54789.014076306485
"Ponto Belo (ES)",4417.282877639743,88933.21366543754,110944.15133048668,106345.02265642647,116750.96291934836,114675.78996737636,110905.31735112044,103445.44158735542
"Ponto Chique (MG)",106459.92634224892,297770.2411282918,126822.04978586343,87144.67608206416,95243.26290796234,96711.88486923966,106304.0213069945,137212.94302200648
"Ponto dos Volantes (MG)",257203.55576881525,84994.02468306459,244603.49580676135,219339.4873052338,129772.12684032363,184828.00873076476,178096.090649092,250332.7536683481
"Ponto Novo (BA)",56570.39847070364,92683.51662419185,78610.30518920449,57540.417423089486,55292.66248007289,61503.437335805276,74552.72085886647,75443.56950295466
"Populina (SP)",95930.79746585543,80199.49446110986,77707.30006970474,71793.22193540617,70858.67450701701,65506.89346193959,67481.25942617486,61455.759434098036
"Poranga (CE)",51659.21576674618,51937.71905930814,43530.188971986,64259.617504260495,150871.28700413945,132439.72596433217,164692.58057344035,83885.86064783382
"Porangaba (SP)",98532.66654053461,66151.84927063818,79271.92702233688,86017.7963342198,88471.95539831284,101211.55815420044,104076.0988240788,99466.09008570874
"Porangatu (GO)",1938644.0534419878,1389479.7347673094,1366127.3988844277,1416147.2263191834,1526752.8629247926,1478244.8700617654,1666120.3610556456,1634149.1090788813
"Porciúncula (RJ)",99580.1452443315,73243.66772621233,88171.0797411809,89777.24245440132,83586.93505475452,99397.76457508325,91187.37519373918,83559.12095915318
"Porecatu (PR)",110703.69631398005,99648.66688688872,96258.39659713082,110191.6427612184,124976.96561246981,106622.27002599163,98407.13609531046,99178.8814074647
"Portalegre (RN)",6696.689859670085,14257.423154447955,10498.981539648132,16578.34041849586,26293.9009211828,16550.89018924356,19282.383589596007,12597.479808409296
"Portão (RS)",133801.84406712503,154784.34152153475,187487.68210718443,139366.83710622968,171395.8541888845,158625.01875114508,138123.84248205807,200311.56839666888
"Porteirão (GO)",112427.7253712505,126046.84321059707,154246.21091832346,155639.2367836808,167211.36965234793,175521.3134081658,173383.77764550294,147890.83510975164
"Porteiras (CE)",46809.85194217865,37957.05492426374,40618.701181627584,65977.99892677767,61889.35643223979,72537.77898294922,80151.39147752513,71227.05670719064
"Porteirinha (MG)",212537.8615395271,200331.18824796844,232128.64044102703,202272.06968226845,214972.62816784673,227936.83682837192,245129.24049355637,224579.22407123644
"Portel (PA)",2153972.268670197,1125335.4299086866,3106341.9957496533,15137345.012747746,17768799.222469218,21617462.85170412,9342686.655006519,9135294.17403728
"Portelândia (GO)",119176.4396462856,132622.65552283445,146201.84717970307,200239.80207756592,220741.8365492959,198219.2503047952,181821.06564769728,202173.7456742755
"Porto (PI)",59775.48925548737,33333.77376365197,31808.48895089746,57288.097962049644,37518.88880834264,26588.307084978303,47211.44978377376,39639.39978646789
"Porto Acre (AC)",1548014.7375583523,3424286.6001162236,1655641.3898030445,2854895.797960116,2747336.4665410803,2907556.9689216535,1876889.440643376,1401814.8946156458
"Porto Alegre (RS)",441393.71245854924,486065.2535714802,2299685.5967347245,1884047.1114525285,1955975.5937386192,2153641.286683507,2168348.601305954,2147602.1031377655
"Porto Alegre do Norte (MT)",1694943.8012480834,2414687.8508301303,829287.9502625795,1981259.4517034634,1873667.5232133172,2172610.2832164774,3466040.788037637,2334091.731659509
"Porto Alegre do Piauí (PI)",26034.059291136815,35930.583887671186,64273.50179750143,80811.82912781344,75547.22710001413,73380.7066418542,477129.12203793804,134536.12902104884
"Porto Alegre do Tocantins (TO)",49787.01461723865,86694.14362713617,66613.20615717677,116631.52032593988,64993.77738459194,115909.3059830658,207814.77114566122,173397.31223630052
"Porto Amazonas (PR)",38722.67020506661,35572.287191942916,29630.03339739504,30797.08043801855,38154.9786339614,35646.96211430327,37943.56412504901,26490.327724860264
"Porto Barreiro (PR)",168157.84308305613,92253.00205746783,106977.69085184419,111150.80360373315,118170.84222256142,133307.63194822872,99337.31508596452,78392.68886898416
"Porto Belo (SC)",59747.69042180951,36841.47417820926,73564.84148286168,74693.36599642501,91639.45502503515,86637.51086544488,91077.78856124905,92538.26041002826
"Porto Calvo (AL)",115885.46082402812,91528.91386404078,86752.92749446788,90712.28329925702,99472.01017645729,94471.55587611496,106780.25803126472,88794.20815498514
"Porto da Folha (SE)",119352.17857638023,141752.74337407487,157980.87326875277,151266.7100563007,184593.50919847735,172644.25389738183,191810.38505387088,189299.1077597261
"Porto de Moz (PA)",173574.47807350193,3881079.839886421,1744859.7996420884,3255540.3478143453,3995164.6792910816,3951174.4438924603,2701122.9648761093,2001351.6863532718
"Porto de Pedras (AL)",74996.54395977515,120534.65357581437,51279.077931189684,39064.73455866215,39850.70878612688,38438.29240051584,40638.85538240199,29276.008916464438
"Porto do Mangue (RN)",4955.175408425479,36060.48513429716,20997.113124578897,51592.93064322554,49262.48255121857,31868.97228629224,28607.82550931354,14879.317840213867
"Porto dos Gaúchos (MT)",2522798.3848508345,8255566.518779722,2405874.6389660006,2416684.266436938,2548815.9249873543,3580496.919916807,5305744.419921473,3815388.6434693662
"Porto Esperidião (MT)",8353989.318887045,5627530.337181671,2021733.8128002093,1993628.138589286,1548200.8387576551,2829208.5662882216,5378441.78977272,1599130.9640111416
"Porto Estrela (MT)",449315.35748490633,713000.7768331078,501514.9803332694,501010.46468026686,395123.71580473817,589298.1254798427,694327.6274187455,468457.1273675862
"Porto Feliz (SP)",119491.33622922399,117736.90523624697,204049.5705024378,231121.23606078935,269271.1581798943,248793.19463030802,243858.3724587317,220171.0116359783
"Porto Ferreira (SP)",71431.26830407618,55638.48793663195,385295.5695392347,483174.1897172566,492046.0872069785,493569.00860437145,561272.4601287949,306575.64981921535
"Porto Firme (MG)",105562.71788771596,58981.51687404968,35118.89929044293,60384.6764228912,85508.30903891588,74919.78833667054,71099.8115647524,53157.49906334033
"Porto Franco (MA)",637026.6205360022,376007.1101728076,409533.65684039495,641530.8959623703,643859.8850020891,567767.9552206945,763352.0021429335,621707.0053157619
"Porto Grande (AP)",1062688.0552472833,665575.5766866237,236495.3447939977,115894.23722306821,253419.85503999432,984631.0100131821,897307.4250139799,89338.86853245443
"Porto Lucena (RS)",59468.52607209838,61111.25823486076,70866.13335683048,84330.16806018274,77868.68686733246,106841.98736801495,87713.98192948867,74043.75432838226
"Porto Mauá (RS)",6769.973268261264,16454.179487773872,26473.968683328425,41255.45574708673,33630.813512125016,40084.13016594323,36855.15986961209,27829.081084053327
"Porto Murtinho (MS)",4775665.661800663,3018989.326663867,2547858.6714482782,2412026.7163010286,2981244.3569398755,3210529.6207793937,3758193.9299282595,3049216.3732553655
"Porto Nacional (TO)",1189547.2267919013,1342878.7744253469,851948.3151751416,1027318.8233084359,986931.6302700895,1069783.4864160207,1231562.4886778938,1033955.6457874273
"Porto Real (RJ)",6843.743873839237,15884.585301537214,62933.86846349491,51566.53029184126,54393.0663426652,58984.52085477309,60582.21837306344,64583.712663298546
"Porto Real do Colégio (AL)",89663.5302491965,137885.43610386527,89092.87627670399,71248.28742756425,78269.74667400404,88310.24575653908,98822.29198099853,99319.43034578503
"Porto Rico (PR)",113207.88535081438,62920.64694634292,68014.39742952505,61107.3729862083,55666.22890411501,56405.31804704116,61326.740805439775,59043.23760151777
"Porto Rico do Maranhão (MA)",3109.2731769687152,22549.00772113357,16444.25873012303,16545.767862758297,15174.125934361802,18422.011200891415,15651.59915092862,11534.303646322187
"Porto Seguro (BA)",2211593.9529444687,1028883.4199135447,371821.42434676003,405828.38251772354,531176.8535193945,485712.09613061993,547913.2505641154,562450.872424939
"Porto União (SC)",267271.4857685095,231769.35354625617,332636.4889702446,260930.93117414968,310466.4178842013,271767.2388167841,241089.08777765036,152251.73690922733
"Porto Velho (RO)",4444759.48451979,13254817.882253777,12218498.34860993,41042772.57208828,46711279.97788854,42589101.91124309,23317930.762452744,13933526.007067181
"Porto Vera Cruz (RS)",2727.458333730406,25583.392343981915,30038.52134018394,35468.04351627963,37338.64544395998,42681.65524801764,38445.604298541504,41028.60047842857
"Porto Vitória (PR)",80040.39905974774,50121.5513462285,69359.17994963788,45382.454756621475,53329.09158777648,63218.74131035145,43048.942421087806,23196.602726536465
"Porto Walter (AC)",23889.74166435343,187399.28416496786,541708.2430169696,957527.2530178962,983253.2157431574,857619.9658457562,922370.3554200127,719107.9659688735
"Porto Xavier (RS)",59177.05812546018,75953.91847196767,99486.92416786226,123739.40999076758,121002.02717229594,147502.30272470106,107652.84516131098,122371.28017760978
"Posse (GO)",445999.54202122346,314629.1888220564,444438.1463910841,477223.14059608267,640474.6874353138,535800.0419577176,526582.9248256215,469925.5060143906
"Poté (MG)",305673.2719443746,128814.5065791869,125862.51435142543,160903.40344490058,138423.4099278456,173948.66934570266,202261.90029093839,175613.20270326582
"Potengi (CE)",42762.02832244994,86379.01238838551,64505.737844940486,85154.75588396622,95153.1359704799,111101.4990352614,108627.08420192148,85103.2227078347
"Potim (SP)",14235.47201768604,9911.879184964078,50052.33396553452,51592.17492879201,51062.47806729471,50828.4007522204,44511.98040178641,40564.712297135804
"Potiraguá (BA)",282455.09876071644,68367.80196710266,220855.34422997697,177748.88041898474,197912.26059899785,204426.17629234892,204276.44830010275,218110.07362853986
"Potirendaba (SP)",88365.57437859206,90629.81460624473,133440.48340521177,168363.93527060718,174484.3617434359,183470.01777980567,169783.544576203,169386.76245298894
"Potiretama (CE)",43018.23844077702,57784.29542803852,81642.86155324041,60124.69655177509,58954.83268967601,62117.89669723901,61941.4718309374,59115.84587284513
"Pouso Alegre (MG)",198074.39863653705,177842.0470364634,408122.44606004667,352445.8962653688,373901.661954207,384646.7736179002,406298.28230359795,402621.5932315139
"Pouso Alto (MG)",48450.3597686734,52517.86890676317,69794.63391535521,72075.79621340081,67756.28145164961,76240.55064394615,72707.57964483288,92592.45784727874
"Pouso Novo (RS)",54298.608294489655,91083.63982896708,90911.93223488789,45420.29597870713,60379.33005771963,33029.84756688801,30804.906781274723,205087.06152048838
"Pouso Redondo (SC)",171959.073504521,138286.22782771487,159732.7381165822,186494.65448431298,211774.90589788827,207824.680576295,186782.43657095893,169519.4810363305
"Poxoréu (MT)",2917413.8226595935,1927704.5232266702,1138201.7022562427,1372948.548367911,1648989.5719401937,1387693.4866420564,1342972.1796762226,1318664.6462351228
"Pracinha (SP)",2025.369420462062,20502.549699645406,31989.570367416847,24358.016223623417,23917.67396962017,23576.707659764565,25603.768621482974,25986.329799273466
"Pracuúba (AP)",1117.5967132358246,55167.62299611968,51984.914429642624,55680.48629260443,42733.12108979957,47795.964145359496,80252.41703540896,50020.044911276396
"Prado (BA)",1984919.975852406,1335993.1447589989,271417.2943592796,321951.0123994262,479560.7018678402,360543.8156588666,378363.74504273664,356895.9109655906
"Prado Ferreira (PR)",7318.50495364299,31711.066413898716,28484.716383777857,36268.93370292991,32324.960907816356,33901.07999617465,34270.15736149942,31101.674211983984
"Pradópolis (SP)",37156.41463954928,37637.873498709196,645988.5314065847,108116.66977753241,109180.3117772813,112956.1995455101,109790.14231112934,109242.42331074346
"Prados (MG)",71325.31948757476,41850.47175227575,40343.080962005915,56834.145046467675,51280.88865936977,51496.89212278585,52829.44831071027,42799.572418526885
"Praia Grande (SC)",87173.2178614762,48363.09045490735,54721.58018253495,90955.01205297305,78771.87402546415,92763.42032976348,77050.69361316433,68298.29653911226
"Praia Grande (SP)",67130.53974659242,86245.47084103896,280064.65667871386,379571.32835663954,405423.25216355186,405228.7084819335,418746.9634258803,407795.2602544053
"Praia Norte (TO)",97434.09390916947,163437.44705332335,157330.74258176907,181325.17839735662,176107.82419723374,165138.62376342196,127796.33350693485,77410.50588934378
"Prainha (PA)",7014304.115950451,1339230.1919972184,1967449.2735597945,4775238.432926038,6021743.738403547,7113168.575778428,5167159.162953064,5559739.135579626
"Pranchita (PR)",90508.64185978902,57723.52120974813,64625.28753708212,67629.19945866396,75667.74473857314,67895.13609885571,63250.859737708095,59182.41257620541
"Prata (MG)",1683677.7179619938,1156003.9093587655,1284440.107645811,1400156.0248794595,1374948.09521336,1350443.5678121326,1472965.4205059048,1340309.8188925902
"Prata (PB)",40698.215895193236,16923.19945195625,29259.264193502066,29310.49241864082,30933.47215133823,38925.97444218536,43148.5762282282,33201.210720050185
"Prata do Piauí (PI)",36587.153189972196,22378.552840730415,70821.31125256325,35439.03303821468,18601.071684325405,23238.548761321803,34003.949162484045,33446.706569919865
"Pratânia (SP)",34808.64370945757,51482.40207665556,90274.23929626899,79351.46629783773,53555.79055953685,50717.45326917151,49137.513636833304,48550.61683461197
"Pratápolis (MG)",72465.7133263266,62550.55737151348,88353.73992807048,63173.305015524034,63990.14246249246,62192.215058925874,60333.865510441676,72275.22877363344
"Pratinha (MG)",110384.3519004797,96965.79190380598,88311.68579123433,88552.8472362312,88458.6385798974,84224.75619420448,89884.90654775404,103865.6357524444
"Presidente Alves (SP)",87545.17962646224,88167.61696341659,87149.32906745766,60344.75268195772,57052.67944873191,64264.53240890816,68156.86378279977,52492.40164337275
"Presidente Bernardes (MG)",128679.02345707093,34133.08879056554,21126.220116191012,34525.80239163507,43889.07273898499,47924.98629245619,40836.0113701516,36009.84754199217
"Presidente Bernardes (SP)",311929.2641605086,180777.04434446222,263106.42927517544,319858.28217986564,286588.7604511564,293610.91983720474,335492.6194290527,347762.60074032424
"Presidente Castello Branco (SC)",20673.682644792927,31388.808451893165,39139.714297562095,52443.24447026407,50285.5716628086,49792.290273641265,47261.66767586569,38318.28338645929
"Presidente Castelo Branco (PR)",47616.80385001683,45080.196635618755,73991.06565347273,66633.26411754919,68111.5220889025,74745.51504634092,71257.18621999735,79152.70294242262
"Presidente Dutra (BA)",32092.758149987876,31757.22296719853,21394.024464159298,25414.73513801136,27572.33146543974,24216.912717067164,29529.531785544543,27220.460588108417
"Presidente Dutra (MA)",419824.1732045203,243928.8954483076,292302.86664379534,482495.92215304193,368227.0152658167,299034.3829817049,314930.3716186051,386895.9218988229
"Presidente Epitácio (SP)",336588.2654560102,282838.51541174424,373270.8037650761,368361.69776804745,369441.9760878986,352704.23533093365,360462.68165881577,312041.00959820725
"Presidente Figueiredo (AM)",635269.9738908102,1326801.4529422834,755424.4442066542,999046.4251686322,1384973.5328062575,1124309.4584949336,1070059.9531912808,637338.6380818011
"Presidente Getúlio (SC)",188198.73107430356,114650.17553567262,108340.85897252304,134852.19969625984,149812.09435315532,144761.28483437712,138075.75823785618,118825.16496034012
"Presidente Jânio Quadros (BA)",53610.12358557012,138938.74744168235,145096.02272171437,129206.09601940583,121225.24553467518,143181.45236038277,175583.06654191707,142384.13984927782
"Presidente Juscelino (MA)",84538.76665688776,815173.0037015609,69833.6569902895,98154.07519941605,87448.302987983,54523.904436558914,28163.657819611934,191219.74772981822
"Presidente Juscelino (MG)",180463.1985920894,98726.13200345146,86444.88493087942,60885.1132528073,76694.166412217,89951.92095012614,87471.65403341166,168493.2042705714
"Presidente Kennedy (ES)",204728.20344505913,263949.28555104183,256623.68276110792,168395.78092352676,165448.28187487074,185437.1289453604,211606.91107594618,161660.95225727325
"Presidente Kennedy (TO)",325442.4922554758,260398.6268538972,183287.87248688145,141210.45229356288,174052.72574502786,185163.20424535824,281516.1872218576,201258.45060094222
"Presidente Kubitschek (MG)",20299.311251610663,31223.325705745083,17269.168443802555,20908.949640431354,16732.54375553801,17263.895267768985,18904.894844343846,13162.66259823775
"Presidente Lucena (RS)",15099.130128928104,44264.132640217846,41396.28921910113,30966.709172586052,53077.503007435385,59265.31233080537,39975.6548604569,60416.983291583776
"Presidente Médici (MA)",796860.4284974835,2035317.5008800062,471693.26474856015,284850.97126993205,257997.64060567442,241425.86624315963,434859.0273111786,79111.07628565286
"Presidente Médici (RO)",1671055.0496955265,2472804.2522043413,713861.0012106447,984185.2137978239,1086275.2814478097,1193060.32846103,1723768.2171529846,901600.1784002896
"Presidente Nereu (SC)",94870.75407881805,44984.840934823325,64444.5875355856,41406.63822208805,29224.508653423487,36538.54331233285,39689.441542252505,25538.92645200402
"Presidente Olegário (MG)",903167.7690425661,606313.3369162226,538267.9093217212,601090.3331542434,580379.80360226,617564.6643269692,620879.6470346735,664106.7013765535
"Presidente Prudente (SP)",188494.94508286798,181445.28964647552,524488.5814982238,565980.6355421828,600581.3256579234,600877.4901155477,609957.8069110509,605220.3139166483
"Presidente Sarney (MA)",46200.07533505412,991721.0099650389,335133.9985435275,228231.9906897187,248442.46429185965,215399.2919710542,495562.97266887326,176905.68569582363
"Presidente Tancredo Neves (BA)",490807.80696168664,263538.84398174146,100724.72815338454,155850.17806371345,261367.74467601825,205369.92525887466,215837.5875823232,152303.87639112616
"Presidente Vargas (MA)",20560.182147341133,59021.92595992683,23344.175249913358,96390.3979647565,39019.04744696738,25673.89990557896,47042.78897427273,38609.238858392986
"Presidente Venceslau (SP)",219985.99453273066,204519.23562689056,237899.53365694766,305599.57243895525,325668.9069550466,330993.93086970766,341108.4459914778,342885.4410151399
"Primavera (PA)",113190.01046516962,582501.0990303373,146774.60062977317,402187.0386595708,438592.967928749,445445.6680936175,463956.9571452585,501826.91584912746
"Primavera (PE)",42087.461948467244,22007.54294780931,26604.606841324716,36097.910655538144,35340.88156974559,33229.24074749327,33270.473157183085,33451.41386670009
"Primavera de Rondônia (RO)",843394.4866364828,537236.0868830514,174734.79857855782,269085.46279610915,305254.9725765177,312581.22102511826,569504.5931384657,262710.613315063
"Primavera do Leste (MT)",3081615.4399284725,1576223.2139943556,843140.6984495069,1138311.1850235981,1448269.633658363,1481823.1999412235,1427506.3749744173,1456998.7892293837
"Primeira Cruz (MA)",35618.15641668537,41552.091208198224,37004.05074983095,74376.37250205148,42612.377272855425,29621.500625053948,87833.9992017894,44871.148518047776
"Primeiro de Maio (PR)",42533.271617149374,39201.083233397214,53427.88386068674,61826.06817067129,49714.68037755221,62401.394521407135,65823.81058796836,62921.94320606311
"Princesa (SC)",30112.405803167312,29902.825420375382,38063.51935755492,37556.58744862222,41009.13430788215,39111.77163130939,39431.30764294872,37176.9449863643
"Princesa Isabel (PB)",57132.77951433687,29499.690088382784,65648.88531903038,77568.66946525856,92720.46255654476,103470.26883382403,127726.59742851391,100474.16066453663
"Professor Jamil (GO)",83163.82851827407,162810.4461381628,110702.27798681842,104230.89564993086,105172.19358734648,110834.54320393848,105923.62901708842,99618.26600007332
"Progresso (RS)",91479.89099684753,105713.66502801457,119599.44676412287,79520.95624119189,110892.14624232831,64315.67349214791,63941.45423479373,68183.24889850765
"Promissão (SP)",251301.30952202293,225527.2853423079,321108.2726460122,306267.7062509545,260315.10892959838,258176.31687650393,255821.71080941032,237370.55249133235
"Propriá (SE)",34200.69099528004,31048.644587308678,83828.16705925466,76170.61112300896,74629.77146934962,74072.75687057467,82993.29206725645,87856.47224483646
"Protásio Alves (RS)",49224.04089238433,56963.03700394807,63950.13366044281,50850.30116986899,81816.1375263401,73969.10911386735,64766.47561608119,84692.08374719843
"Prudente de Morais (MG)",84170.51100973865,37592.3345169965,28416.66378709593,183540.7709304123,208803.86871659773,28752.00615623322,34455.752903927016,35778.641379857545
"Prudentópolis (PR)",1039819.7507655773,546412.0344060671,1140728.8741570737,1293398.918682364,1309729.7828797712,1051978.7422529797,988806.5029058042,590804.8089530161
"Pugmil (TO)",97566.24746937954,106150.58861814918,113626.95618711197,97528.332486294,131786.65493917707,155022.64408414825,130669.72763182239,128858.08818642356
"Pureza (RN)",154510.3406659407,149722.46764348852,68769.43740246746,49874.20622599485,56081.17065469696,80865.93402055243,98761.04445069842,67351.94541771297
"Putinga (RS)",92329.83721848321,84297.52934213702,87407.80928660929,66908.07852539649,115430.58899915921,60321.78324205959,54589.83908189313,143228.22023567196
"Puxinanã (PB)",19170.5779360817,8578.771513984919,17167.304888311897,20716.158519255277,20472.4291230906,21453.943882768162,26033.644246496842,28047.022017460895
"Quadra (SP)",10124.432085311639,32894.95903640353,58983.97715782478,66724.10485840995,63782.95358830345,67621.67409800223,77154.89468584428,67131.66631882226
"Quaraí (RS)",753438.1465931366,777223.0327570129,923794.1490539669,848897.3218464324,829386.7891618945,892889.8297662239,899817.2899076075,1043516.82590645
"Quartel Geral (MG)",127672.54230700672,107908.21602509782,91229.43282166525,88153.09523681481,98257.92635643139,90273.51241985317,96199.59607429664,99794.86463020097
"Quarto Centenário (PR)",5049.753572640856,40723.453078989834,45392.35247778803,67619.30222686283,72759.74282195524,72581.17470491501,86716.77531003076,91711.06997448367
"Quatá (SP)",151894.63527850603,149912.93374168893,449088.95081171166,154180.738499143,150210.87846069122,155453.99512441986,144422.20917226194,130782.55995294618
"Quatiguá (PR)",60404.283357971806,45834.95276693757,62667.85999109938,67894.73023355193,64437.06296898328,58528.26214290914,53370.07370544178,58654.20755739658
"Quatipuru (PA)",48277.756722203914,136502.44431178825,46474.16424282496,34420.85804255311,44536.53926167339,100882.70410660449,81311.36950112808,53395.04526212659
"Quatis (RJ)",36824.080855800035,54072.73579772687,64871.76177086479,81035.99470996519,85183.06058068549,86811.94561491998,92834.9455961953,94208.11287944284
"Quatro Barras (PR)",117048.46049492098,31041.75785146679,92728.3347547291,101992.68422323695,102612.01285676075,92758.84456013271,113289.78491521768,111915.39255810707
"Quatro Irmãos (RS)",56673.12593598476,22325.593706474305,37442.522495159385,46116.497562922355,54412.104393194495,36020.82032566185,37284.149569611836,38889.82657815168
"Quatro Pontes (PR)",4884.484990946323,35369.04252244202,46092.2584029065,78050.96188115828,72497.61244691035,81080.71487464194,77143.29058742369,77130.95231238975
"Quebrangulo (AL)",395049.94410541153,97602.73770767199,197445.86480650122,141785.69866024662,118925.18571175175,167166.35164258123,146956.0369760001,84073.4194549005
"Quedas do Iguaçu (PR)",605648.7012416223,267061.36329215957,385247.4032398326,434290.5791137328,601831.7829564884,437896.24574695784,308043.53572341416,230078.42642547222
"Queimada Nova (PI)",13497.626114585419,122096.50564873256,89697.92914894367,124656.74233492378,102873.83601490078,98320.66978529085,130175.37874977253,139434.46332623798
"Queimadas (BA)",506664.87239860184,161448.41351078576,158940.1532634123,190122.83086131257,205369.38638271182,215958.94100832456,199934.58569375155,222712.4152722798
"Queimadas (PB)",204203.3291904688,94293.45428335153,100177.93747027809,96867.04640357275,99187.01361497756,98537.09666652852,100664.20746783658,99484.25798114357
"Queimados (RJ)",3920.605163157791,58413.94414940799,117784.22807866416,146608.9061507523,153287.96423229267,164545.0626476374,169043.4674310795,160970.2427471479
"Queiroz (SP)",68292.2185191272,61185.90567774967,102290.08439385105,91543.50571069549,80111.90001240076,77708.36759623373,85898.36080921449,67202.75577552861
"Queluz (SP)",112588.83334453797,40041.86530047358,85755.95913279346,208936.55345143285,197484.4858698337,206005.61946647556,207785.07665186553,200474.9131576822
"Queluzito (MG)",41924.684018539614,40020.694645940785,31770.51787961726,27475.638645542793,25990.870563158504,27967.94882655184,25945.12818101651,25983.398264903462
"Querência (MT)",7727648.438877403,8896915.456200365,3009471.7184118964,3477536.2459873213,3168756.410970437,6738871.996131408,5736883.597870068,1961399.7712286748
"Querência do Norte (PR)",346308.80181186163,314723.4648670565,338148.1195898705,335892.1108004346,323240.84847191564,323366.53467899136,345538.79410734796,294204.2640174541
"Quevedos (RS)",93904.86499521027,287747.5354656252,195469.22529853252,163647.38154971358,193466.5825960176,169542.34611621976,92684.35468971725,126203.29277955736
"Quijingue (BA)",234668.17816695396,166017.1757870959,138739.2806859329,126531.37616944972,141463.65535384457,193091.2639786229,216391.46382358766,196358.0969500105
"Quilombo (SC)",196859.33957808698,107566.05089077467,153922.0180008685,147618.21446843148,141723.50628673602,146277.77652129592,143059.4960400958,115240.48233787545
"Quinta do Sol (PR)",94990.92935611593,64010.56218627,53592.36558818009,53186.746124048695,45748.102531639546,47018.39773645655,57925.844046842154,47864.98423475398
"Quintana (SP)",84086.76696075349,112042.6009330562,111511.7595032658,94134.06696615508,106543.7781910869,108857.40288590909,104988.99941188976,95016.91428954926
"Quinze de Novembro (RS)",43500.061535008615,39057.11788848989,52407.362931548196,45137.838039403476,64768.86043597424,47588.95916276661,46482.63342316532,43552.64700428132
"Quipapá (PE)",64022.69593642431,50328.59895829089,60365.76186842033,69634.63565464325,75323.70158819812,82500.49683875611,82361.5528435347,75520.1465934098
"Quirinópolis (GO)",1517576.2316712392,1060604.3455357186,1477403.9392883081,1160615.4907201002,1186300.766305394,1230197.454747849,1112810.934055231,1130207.8316401185
"Quissamã (RJ)",185840.01908819724,125764.02448038441,200696.94273188463,171612.95040075603,162667.98398107523,190981.79175880444,220156.49993842986,163826.22100390543
"Quitandinha (PR)",127225.28668539664,131964.3564176986,128716.93048131105,133916.23751229895,107227.59386627568,126998.70607182478,90925.00318731587,51622.491822092044
"Quiterianópolis (CE)",80724.7807892628,122448.63574958223,140332.76816829614,111371.88907617661,137322.68535666933,143419.25743219996,165810.360918617,131509.73230498776
"Quixaba (PB)",9155.39198812644,12902.053553876895,7401.788296687116,8481.485413469525,7380.082780454945,9171.35115781236,11297.35563184747,9942.770871586337
"Quixaba (PE)",25098.586462778334,35149.512878801426,48729.48844036549,48567.420694854096,58797.04720003172,66467.86745672197,66291.71502765028,65564.44136722988
"Quixabeira (BA)",65252.44621659643,58513.154977431106,36469.950418676126,26430.385937559142,29646.64898145735,39560.93857672653,49601.540908562274,48371.7764340958
"Quixadá (CE)",356334.90855640377,188028.96618094385,290893.58907806623,304847.65558068646,352980.53753313527,322795.91230443295,376934.3648627367,353703.0420909593
"Quixelô (CE)",80710.75717762088,146864.01588020482,124980.17088445678,132121.14608712,155057.74515609234,157491.08915014213,163848.16750761744,168677.26049313662
"Quixeramobim (CE)",345347.15459205845,382073.30079984304,421515.849948571,401133.4111759176,495050.7533154804,577560.4798878852,663670.5463600456,577360.3713127765
"Quixeré (CE)",31321.252501191182,83245.01509574885,77648.4355228086,137208.30799766333,98989.91635253993,74753.18838210625,82006.0825444982,104119.08093869162
"Rafael Fernandes (RN)",9354.998241311754,11532.778309897289,15946.309207184278,18134.433833362862,18587.387476251795,16065.7884389249,20215.533876630605,21676.139198986384
"Rafael Godeiro (RN)",17679.829115555796,10533.006005004554,13175.83961141598,20785.393296941533,18177.284360305388,17614.828759961227,20661.923129186634,18416.73865882044
"Rafael Jambeiro (BA)",202046.27872653652,95432.65073524202,260084.07880680964,336989.83328315645,370711.019651314,318289.71946186794,341045.8637482014,349588.1750542616
"Rafard (SP)",19914.91320632167,27653.447781390758,47219.952147323886,47161.75630209158,50183.05101840481,53557.538453562265,52218.12576531357,52893.01405955833
"Ramilândia (PR)",25363.77552221175,126799.18533600573,73499.28858089096,89171.20749587452,84280.6725284405,76403.51909409961,73403.20094605586,65873.05345412297
"Rancharia (SP)",519599.21392127225,472035.60842725576,463463.50808230764,444129.8575232752,467021.0779505076,449691.29324801767,406561.8567800983,424303.36168669036
"Rancho Alegre (PR)",14543.561626575241,12874.326699119403,17314.926330878625,25845.75404702129,26663.821736459868,22755.909320253668,29877.40750887284,26059.95671184906
"Rancho Alegre D'Oeste (PR)",4796.661832341521,23359.563967708724,30862.56161623955,36961.18541818374,37280.692480676225,36905.93905404265,48381.442298395654,41184.13466164501
"Rancho Queimado (SC)",85754.54064509821,100035.03617747637,116370.36805151924,57891.138389159714,55853.6223241725,64417.77764338046,74368.76693930777,35549.637122645385
"Raposa (MA)",44976.60105822845,14721.67386669497,18389.938279146067,21696.48712514967,25097.488916793176,36653.62906388917,25480.480038932186,33204.720761077864
"Raposos (MG)",11625.482038744021,6275.113157977915,11100.836044392945,11299.860778648796,11842.048455576165,11670.912184202121,10894.195434325407,11290.840251940916
"Raul Soares (MG)",301384.8217292407,137520.59095798607,130109.51221519335,190712.14153708328,188620.38863589047,198540.57040453685,185314.12468567747,168679.04314963162
"Realeza (PR)",162349.0907624735,109068.21871388794,158772.2077771105,200517.8108545856,187996.60796867314,177372.18323883452,190336.08473081264,172262.73668178648
"Rebouças (PR)",117274.72110786605,240574.11529778477,107018.29658290664,78932.966819555,134089.3090033226,101382.3549628772,95348.4523335435,59923.303834341255
"Recife (PE)",184121.48855912135,191489.8554138427,1781778.1682436012,1754475.1275460024,1878667.068127176,1828535.6103889327,1880114.4214699727,1993522.4094918375
"Recreio (MG)",46630.93267372092,50606.9861096943,59862.35342899784,48685.796665590235,51454.30391495016,48406.31304416088,42873.6780995038,54829.33265100301
"Recursolândia (TO)",50051.44690903036,206168.6809126197,351821.7286924838,580718.9522127085,305657.17461947765,455650.01430363016,516343.2301688865,692290.0067046615
"Redenção (CE)",21713.03870679457,23759.627744746747,38211.45663023145,70265.2202587602,50804.48150431636,45342.313974855104,85450.50729842419,84074.38057919612
"Redenção (PA)",3000266.957504595,5019205.3397158915,1143397.107829044,1087069.7564354602,1219694.9444728354,1317782.9493676035,1793838.937406903,1211739.033035052
"Redenção da Serra (SP)",90180.27626929169,88134.46177876546,59300.69869082739,47243.466274841914,41743.88051287797,49247.84563420841,45836.1956994906,45715.77359116296
"Redenção do Gurguéia (PI)",48099.104659091456,94582.03200027953,295961.779249955,145555.47191087817,135092.00456648372,526550.2374319077,375088.650157919,220676.69537216192
"Redentora (RS)",103244.8162273273,37223.359116209285,43270.90348122873,60391.25924864384,56653.187210533586,65794.19697521738,60516.88858964834,53444.94966644521
"Reduto (MG)",23327.896384428463,30289.43480848209,31002.211910274666,33220.244278196755,34878.17610917887,29175.6274086312,33668.034428511055,17436.130822127754
"Regeneração (PI)",57076.08601226835,29440.939104512458,114400.71024600646,127187.51872459432,99796.14446606667,157186.05614635514,163966.8881646843,207256.6781251468
"Regente Feijó (SP)",116718.09475347328,90016.28118832456,147308.38763913652,106339.22791751107,110970.6456810314,125030.32565122377,123592.15754585102,120633.86690497433
"Reginópolis (SP)",97816.34816812907,90695.04106849391,113482.07899667122,124312.84844575972,107082.09857346909,117700.69829533303,123491.6122161683,100788.69818550513
"Registro (SP)",197592.26528001647,144503.44903770034,350241.3020913892,193267.71934969016,236694.69963784984,311803.43360941805,226236.0437840843,233808.82231279524
"Relvado (RS)",39455.8679031281,58255.265711702756,71991.41794054584,51163.00618175679,95239.67820634389,50381.735063172826,38568.76597482885,226356.18828336697
"Remanso (BA)",211092.39895181402,386618.3735052479,163622.6713225965,361123.3599687208,286650.97092734405,334148.6329752823,398214.861617113,432505.9044973262
"Remígio (PB)",130518.82572074847,25652.876877228427,33892.70866362085,43387.76112484332,42613.14226154743,39940.55889226754,39645.35726232928,57891.19066181215
"Renascença (PR)",287765.37036211014,187789.75291578053,94431.4376097998,87994.13079803494,90789.40531830068,72751.96631186327,78612.9880999072,66954.23299782549
"Reriutaba (CE)",31910.775699411744,41320.96861292149,49543.76017383452,51659.31275172552,57603.69123395111,73639.48202728166,83581.67064382277,96848.26016516244
"Resende (RJ)",376890.733182667,214987.83209966344,376518.56026793784,423108.1688144023,403730.81674241857,460806.7613714099,451278.6334909139,469203.5056200144
"Resende Costa (MG)",114978.92782267669,105601.0046183061,79385.29397705142,102090.25526999772,85630.98926694036,95240.94627384134,105092.47216383893,90779.25973809136
"Reserva (PR)",1038518.8004051548,650613.0721679041,493707.843461424,475939.1786393171,435262.0222698387,367845.20897757733,391546.2818477313,283259.4032000658
"Reserva do Cabaçal (MT)",126928.21669236835,220212.94480095114,147119.65993326678,307502.6306967148,272421.99887546827,361332.7566035029,374554.2452084319,423331.0854864605
"Reserva do Iguaçu (PR)",572481.405773909,201483.6551261253,206808.85091311502,214680.148676062,272832.24596920976,230360.96361913063,147157.10762793402,105018.95983005606
"Resplendor (MG)",297450.58118997025,189483.37701274766,240332.77510424456,169804.3410025232,209790.14985444935,228926.8490030957,196852.88690133856,360623.6182957676
"Ressaquinha (MG)",73969.40738447069,38492.74986856918,36205.88253289786,55045.42410907778,50210.17028866433,46365.22955566543,50173.811443425024,39091.21136316025
"Restinga (SP)",84088.38709773358,204400.84547947758,68301.45738599909,52273.23867427696,50816.553632532676,65189.27050704257,64746.53009803157,50925.800839218624
"Restinga Sêca (RS)",425573.0206480055,378386.22671008325,338437.79507186613,413215.0364564524,487721.4381303059,430295.19537213823,344019.4640874932,409442.18389049964
"Retirolândia (BA)",94001.89228257534,43220.8817225808,28270.682306434956,35521.06011363433,38349.33106934531,39071.38571516289,46961.97962915386,47024.11345199075
"Riachão (MA)",1073449.4147188063,1113346.4745754395,779322.05059815,1629665.1794997498,1288857.620152394,1433288.9853300897,2199473.042144515,1584199.8130162037
"Riachão (PB)",12583.155582455445,8655.019808731548,14192.347076051432,12351.741487454281,14522.350889886735,14713.85825671451,15726.027347190164,13517.231032293343
"Riachão das Neves (BA)",810351.1674158456,1422014.5991546682,1208590.1683095633,1603834.5925443654,1331102.9511076976,2107120.7098614112,2055445.1105286947,1712101.8041284615
"Riachão do Bacamarte (PB)",13965.804143986123,15287.815440627857,11794.843277140819,13539.964047113242,14053.7594232575,15306.430072802974,15203.696940149044,16091.027462748156
"Riachão do Dantas (SE)",162296.8431179315,135734.6587528576,107531.08641580192,125749.83095577788,126203.05490107121,153217.9420329307,155716.7783959854,161885.3600481905
"Riachão do Jacuípe (BA)",337556.42552269594,136347.64772656673,141632.44562760493,137943.4602419389,173153.26638875384,186958.24969778027,197477.20626927447,198817.49343441823
"Riachão do Poço (PB)",8517.216077286492,11979.624250200066,13639.650931799139,13759.060728767185,15399.0044353729,13535.79303139771,13791.047953730731,14575.05057503982
"Riachinho (MG)",361238.00387853634,554337.2850767096,298026.53162523446,265749.16581801313,400366.0066863929,356887.0701515222,362269.66268490534,423900.0970545679
"Riachinho (TO)",628068.4468642005,1038127.1520344896,267969.22714437783,256891.56066239503,258393.09815639915,332937.01893725555,500320.501874974,152918.81842407866
"Riacho da Cruz (RN)",7194.812930396005,5948.487631853301,9988.39628860254,13892.22423728953,11220.399396226425,14292.431414325789,14801.113745885603,10601.850586712477
"Riacho das Almas (PE)",51917.86014129814,35420.35832244764,64081.92053354307,58889.331906292675,66808.22192842948,69214.84762846328,75833.13300920701,63431.884003043924
"Riacho de Santana (BA)",248289.69154730006,339445.14243151445,410263.3629914793,380547.5792923045,440148.6996753365,459324.678908735,477713.02403324225,473669.67798554717
"Riacho de Santana (RN)",9356.204567385976,11980.769718779711,19854.83501554531,17356.936636039507,23963.167846905948,18916.82521562579,15700.596423628998,17773.99825599427
"Riacho de Santo Antônio (PB)",10766.645826575612,24135.13355733084,11933.693364309018,24307.049849092156,18018.14048474388,17569.307923706947,21155.44489017142,17337.12824315591
"Riacho dos Cavalos (PB)",17557.55483568547,23098.02236199293,30875.82174195661,44027.01150257953,53815.10580965456,57618.928961601734,46653.33174896725,43068.14073044053
"Riacho dos Machados (MG)",394906.98162921995,161807.15117600947,130573.01642822575,135092.0735790682,175926.0343061292,105296.48225173028,111257.31999055897,117469.16643071754
"Riacho Frio (PI)",43745.376762296335,203835.6544167184,103611.67460791823,494522.17232702515,802297.4673390216,906887.949139002,744379.8601945833,633737.1971685247
"Riachuelo (RN)",100364.22559225975,42618.43338782099,25275.033344168944,48685.38951188456,42818.335112651854,38226.215111099445,42213.57790010282,56946.7393239647
"Riachuelo (SE)",47201.69159976039,14241.182618955378,23423.95478406596,31304.64211035331,27816.902188134736,36216.67993655621,36190.69669650808,29025.67337463458
"Rialma (GO)",111953.56662843072,80958.33131769298,98265.6192988811,91459.30349370965,94902.94041663849,100379.31792140868,94767.22624928359,90862.95764564406
"Rianápolis (GO)",63255.38505477841,42610.28680928671,89131.57387492429,67933.46079031857,67102.12561769427,79662.31997725631,66128.20296241425,70049.14841620249
"Ribamar Fiquene (MA)",310426.7769993481,231171.17326795278,257271.4792366921,317884.95963822474,315900.5121187611,265815.29243426793,269293.25492924027,220237.87474100114
"Ribas do Rio Pardo (MS)",12214122.363270504,7737124.517397877,3415403.965451614,3231042.8890651497,4147972.589812618,2545633.440134713,2771486.842122849,2899349.400501898
"Ribeira (SP)",158599.85233269847,36846.62316478893,82183.0052713778,32526.843425810926,38325.726703377084,48734.41495436548,35748.33620181922,20269.422293976706
"Ribeira do Amparo (BA)",87313.97980202307,74796.83722540448,72854.24221776755,60158.16564860877,110182.17870522878,138517.3066613978,110755.00056997644,109540.35587543252
"Ribeira do Piauí (PI)",16373.350859303962,49927.09814607721,37484.15081472835,53983.060330590735,57499.67738901279,48034.576512868574,72652.92348340356,101129.24480484062
"Ribeira do Pombal (BA)",120815.84115490259,136498.75270702282,234051.73369661995,225070.1244283283,271780.3075202393,390105.17303036747,498170.6487296603,282056.8834498326
"Ribeirão (PE)",79120.47386095439,42842.11481822164,62187.534022078704,77693.78175633178,89306.93589186396,96455.58186383326,98514.18172975382,96791.96467614407
"Ribeirão Bonito (SP)",85049.27525320776,104168.79337466815,108471.83381633676,96064.42405962737,93435.17085820713,156857.07950208223,91745.55279559692,98044.33679607842
"Ribeirão Branco (SP)",293479.1788071295,133780.72335442703,145613.18410687745,114419.170268138,105535.10635189843,111993.43803620282,105689.34286271466,67087.1986841039
"Ribeirão Cascalheira (MT)",1709934.440914214,4075172.8189427643,1310973.7224621875,2267728.632558189,2668723.9170749737,2822569.0719315154,3495681.3413531245,1535186.4283209073
"Ribeirão Claro (PR)",233132.61588382674,193962.7516126671,178568.39048845775,196749.83813383494,161429.8877752865,163840.12640235404,171907.5242486652,174776.82412297
"Ribeirão Corrente (SP)",49906.432218230686,30238.606246832096,37641.49184212391,24892.400308230623,21041.47123498056,22121.690368266645,21335.294749142344,21308.841777169626
"Ribeirão das Neves (MG)",94986.80082934703,101946.12083084973,305547.41621309525,309676.91205020295,326581.38026101975,335631.18768866296,354995.24508818705,368718.9383082914
"Ribeirão do Largo (BA)",533471.1405552408,416560.4818273791,282887.2657909186,351049.94979517936,384984.01580106094,374035.66813848104,336209.8806716657,417112.6250851817
"Ribeirão do Pinhal (PR)",179694.9319793057,145202.68503408786,115293.7119889786,85255.36823867293,80717.59594474074,91161.79004438939,110120.63987500548,96797.43007153599
"Ribeirão do Sul (SP)",40887.46765102247,45264.17229166323,29057.372187766934,37543.68323300473,39094.92607197991,39213.5890268167,43674.69096527915,31535.2173488462
"Ribeirão dos Índios (SP)",9353.904141904077,42782.32284434934,54165.09455928991,66904.74580461711,66936.1810160184,61933.39041560575,59444.96173762855,57274.54437914265
"Ribeirão Grande (SP)",45172.8405646264,40192.21420606283,61546.47668908664,45852.49489536716,41195.78655092565,46219.9656435041,36775.65807525851,28396.20849248811
"Ribeirão Pires (SP)",33048.00459789781,48414.64637784418,139778.73477281362,143459.87130497117,161692.33547367426,151930.37291818266,157867.50911651575,146721.35080966787
"Ribeirão Preto (SP)",294924.33310260746,232268.2528383123,1131946.353259324,1104142.7472206883,1244698.0458018135,1278736.781144828,1313317.9254179907,1306487.8047795517
"Ribeirão Vermelho (MG)",9375.038509019705,10497.465131095933,48800.640450425046,59992.695145413854,48802.05004990306,51720.5937747005,54904.83762841344,71471.13613768334
"Ribeirãozinho (MT)",153990.8340032361,235575.36744191477,137783.60115955322,151335.5564930444,175996.20969682292,125661.104243797,142923.76418998878,131924.31131821848
"Ribeiro Gonçalves (PI)",122650.0418477429,395099.0664830317,1318025.430715537,566699.7059332012,701789.7105448829,1118566.4721909915,1220139.4945685603,622451.0882523942
"Ribeirópolis (SE)",70499.34459274459,47817.743083582194,72589.45657501704,89538.17886227668,99059.47579245671,97915.9953845577,98373.54897668946,104803.9993456983
"Rifaina (SP)",59671.589564553855,27319.689060387,43970.29361897467,31771.501253081333,27137.60932302298,33010.490027170046,33898.346074236695,25161.01496689904
"Rincão (SP)",72618.63222702888,48680.45381184907,70623.57051578969,86074.94088285185,86051.94827889277,94874.03926875052,88844.2526027126,87077.09783050716
"Rinópolis (SP)",87567.84347432006,115818.9187991233,118296.06888847619,146176.08041925234,150699.93481232488,136840.44687923603,133272.43012099678,105541.76095263725
"Rio Acima (MG)",19945.87136333739,8995.625627149435,18497.956871526567,29500.388217190124,23960.90137618104,44443.954652240645,30003.985543396706,68291.46420760627
"Rio Azul (PR)",176558.2206990144,317572.4129683988,184914.3937649291,144333.05004515455,271854.4043662884,206023.54460274213,146025.17525476724,69798.53232079948
"Rio Bananal (ES)",97554.3557462188,62975.5223664834,84988.03886701488,110386.36152606805,98961.5991964705,122957.38249651242,85102.30155759613,62637.687914012065
"Rio Bom (PR)",68869.19714301791,58378.6915454336,64338.91380632079,57379.95075485452,73008.10903535294,52604.3677637184,54322.67649703503,44307.47099367884
"Rio Bonito (RJ)",213544.95759951937,97714.87630782042,134009.9193082746,180077.94735329866,196319.9685862704,201095.77276707068,205461.5104350208,183389.03623580304
"Rio Bonito do Iguaçu (PR)",519201.21286391397,525622.0362282747,205319.54330827022,367020.2443709503,371605.8664581363,272110.03838923754,224976.13628178925,166960.97930063342
"Rio Branco (AC)",2875981.6377652804,5809528.985627274,4818789.479628895,8413183.279083194,8946942.141279727,12067330.160054738,6328952.621580065,5997590.4225719
"Rio Branco (MT)",537008.5917248906,338782.783145437,182794.62172959078,173278.51169080797,204249.79587421304,188128.97976722242,494312.4625416078,214498.53802585427
"Rio Branco do Ivaí (PR)",34293.2233289674,74675.14961969788,84622.55992738433,48383.57645946138,49254.836959958826,61654.8445169252,67738.85344774587,54083.08841268458
"Rio Branco do Sul (PR)",525985.8165665723,282975.1549672367,503221.59070927836,2046663.5514911495,1351448.7779880161,1103752.1164098263,975603.2936982773,1870684.182678372
"Rio Brilhante (MS)",1639731.5940097459,1302076.5668217747,958615.9785400629,1019794.980254373,994234.0973579045,833708.1591143294,896615.7580373371,776528.9531410182
"Rio Casca (MG)",132356.40679820455,102180.1931112699,112269.63791317359,110348.53245908454,138775.42825274967,126983.33580671514,110862.5837173837,126235.83849591196
"Rio Claro (RJ)",312975.35765991185,176488.54488813656,160159.36852447593,183904.43225292378,177324.06405247672,179083.25133957466,172957.1388242358,152757.91150868838
"Rio Claro (SP)",163794.60163704987,156684.04075330927,426818.68755813176,378492.5688060492,418400.23055378173,480094.9614295685,480460.95941945,441012.5184682755
"Rio Crespo (RO)",874369.0207273802,2346777.7730665216,636508.9231859663,1016173.6793492538,1033487.0279848693,985420.7492631344,1084134.0558463829,473779.2206991812
"Rio da Conceição (TO)",6582.92024192105,58586.215867316474,9128.420884822117,11535.917389550486,39754.55237324732,31080.78925955763,22273.159529541448,101763.7625490639
"Rio das Antas (SC)",128809.81878728812,147406.10438534452,113212.24375970643,142200.9296041014,144988.7406987273,153306.3612161287,138696.12068616596,115549.23723970489
"Rio das Flores (RJ)",89624.75744550438,89416.97870963182,84110.43896627455,82991.46826977858,80152.30395249883,83877.98989450245,80522.5028185573,86044.29332115284
"Rio das Ostras (RJ)",21602.741706214612,63091.187717857756,156289.1781124738,194725.29245150072,209381.86094959325,216204.94425166858,226573.63236453693,226867.37606583256
"Rio das Pedras (SP)",48620.41861463593,36072.308281618,98155.28657287091,93110.8018564826,89092.08734979107,85763.58404078637,77548.24495990764,60891.67686986858
"Rio de Contas (BA)",36698.96320216516,46068.503273860675,51062.68042166436,63853.90728976068,60008.63942550011,59549.03449179856,77879.30340697932,107116.89497196794
"Rio de Janeiro (RJ)",2071023.1820092243,3213387.098701178,9986074.550058309,12048121.66526079,13122023.155335154,13185749.068339128,13558609.606638566,13925113.137615152
"Rio do Antônio (BA)",78769.8376663821,89348.16742361875,84250.03129367053,62856.62772118496,78100.98224116092,89286.85222548885,109806.92290973291,105749.68895773681
"Rio do Campo (SC)",231329.0338286566,145168.02298263132,120095.87995060098,120359.8074043193,191021.95717743514,139025.99170543137,125818.62486204715,106838.58525405302
"Rio do Fogo (RN)",12011.273056049136,13599.76096746048,13381.210700506088,24236.460522314293,18857.14249161835,35425.31018966511,25438.06108536397,50148.400568719044
"Rio do Oeste (SC)",156761.57597234374,103559.6344518789,87325.31227836464,114321.40596786498,144643.53823408045,124449.03359642747,126247.73326082167,101011.86188531628
"Rio do Pires (BA)",50400.97967235588,56972.647022586796,49340.62773358465,46095.64659383652,67001.52713435325,44422.53806631037,48541.65674152151,45704.95326118976
"Rio do Prado (MG)",276957.42338123865,205218.9965207285,206572.27827169394,210212.2705144094,158011.8665380271,98010.20121026602,87344.21843291879,118283.13696242805
"Rio do Sul (SC)",149696.15918402895,79260.99062495564,205171.66282169553,275631.7189092216,290853.0018562111,263426.49531231466,263597.3109347605,252699.1428997658
"Rio Doce (MG)",40242.314170120706,14479.935650213436,18803.79347456722,18462.824363897053,18272.745546599224,26125.45609216512,20929.58260540303,24362.082407843045
"Rio dos Bois (TO)",128096.04462224513,251352.23599984526,142587.89030562123,208566.01339915872,133879.2332348465,253322.4537039152,190141.63774094605,149957.803668717
"Rio dos Cedros (SC)",128719.2685209434,146700.0792854873,116636.42727095235,78171.4524947368,79292.23389919756,108099.49218109481,81944.15217260714,66521.27357515905
"Rio dos Índios (RS)",48983.57037658257,70136.82616921226,59053.90358872189,64289.290409663015,66017.05744827783,51894.133200432974,56888.554459763065,46315.30558975841
"Rio Espera (MG)",46608.83796984544,80372.45694253704,29534.789900693708,42630.53833515377,50826.247641394235,51264.67193612354,46335.21989582272,57039.68818658245
"Rio Formoso (PE)",62905.57271543019,28747.242883054583,51034.76513312524,51783.95532366623,51340.19601151816,49902.13487373283,53801.37382704297,48830.61370163774
"Rio Fortuna (SC)",136467.127124123,82896.81954034405,111735.1799766353,139246.23912486926,114270.73798121128,157532.4375586234,127550.8159086508,102724.77338532246
"Rio Grande (RS)",859323.380917719,781459.1726964794,1237140.6321719368,1203351.3159444884,1315053.6116518578,1298135.3632696485,1203725.2684177002,1004859.3218483547
"Rio Grande da Serra (SP)",22351.178005522383,20521.819494854444,28554.473998481582,29702.39636151343,32953.17804681828,34113.23745689634,34139.26407665624,31839.658752377134
"Rio Grande do Piauí (PI)",57658.82491163272,93281.58722017048,39669.72815935922,36243.48375716148,42221.27131713742,49324.251920484465,64730.033121445136,56129.37144636244
"Rio Largo (AL)",59954.659432639506,58370.871145811,234396.51402724293,248026.731744575,278478.86678300565,292653.7877494499,274397.8060271422,311840.6280622685
"Rio Manso (MG)",77316.48083764354,33703.21066304601,36486.14338498535,65017.54121046326,70598.37417365823,69806.93693722197,65089.63018384147,62218.70043267723
"Rio Maria (PA)",8646027.727091279,7131346.640491533,1665958.3912343176,1932486.9814534835,1865057.9195520636,2192908.093179391,2985886.3373570596,1560387.200503417
"Rio Negrinho (SC)",375372.2373117846,438567.89451767213,308951.62094186136,314705.035676618,297448.0649299777,388228.8870957323,344744.79914523504,215399.51741200738
"Rio Negro (MS)",1190695.7095356372,530750.6700860837,438582.0069004907,384976.9280364708,461421.65840508987,326472.16039383237,458968.55315952376,576088.9427912807
"Rio Negro (PR)",275135.1299704937,279189.17822895927,252440.03734381034,183202.2559485036,186447.84660373564,178573.87108291933,137234.66506985252,82574.39111168668
"Rio Novo (MG)",55864.098811502554,34228.275521211996,46037.31917261578,56175.81709017701,51669.20235401349,55048.002731628665,47221.88042104321,45251.678820032845
"Rio Novo do Sul (ES)",133720.32643826658,138701.81560144006,74407.8715433858,89368.9974097833,68202.62335479067,119387.94976240463,72482.53655090035,57008.48154151179
"Rio Paranaíba (MG)",279839.8606301759,246965.7273334774,234810.5749851512,273355.110152325,285284.980375546,283204.6207660007,275128.4050814234,304331.0334313158
"Rio Pardo (RS)",967401.305319521,740767.5233150666,784618.5046795394,573888.441882471,738851.9782597802,612948.2898701247,532872.5108587214,869902.9483396027
"Rio Pardo de Minas (MG)",422080.2288266317,653720.1793094431,344816.3254840372,286807.8160250683,321764.04095798504,322455.61135612795,461044.18485441443,370365.58479448943
"Rio Piracicaba (MG)",195473.41193187312,131832.70248740746,96642.74384531383,103509.1944204577,160913.68463698268,149837.63841469036,95326.28440103335,256920.28574867567
"Rio Pomba (MG)",50146.32117051158,53268.87053999373,64140.234044238634,66326.86876281718,67789.75217027926,71128.28065724779,67314.09572778083,63869.926343312116
"Rio Preto (MG)",99444.9764854075,57397.45753331012,74007.4054449421,48179.69421038399,44772.27422350343,45013.556631880616,43093.08316916452,35457.97344212214
"Rio Preto da Eva (AM)",223438.0879772884,439870.23080937687,492608.02794604056,460951.21916980355,381430.40075907717,395747.8007958125,523416.0799026821,686334.678151784
"Rio Quente (GO)",152756.95074149518,98028.53200347838,141872.01944967432,82505.27510640578,68378.11960896962,71138.05478659522,79193.44564435173,65282.73175212622
"Rio Real (BA)",321786.1243226065,296760.8246701436,176608.33436435796,174848.08596629725,236704.9074023458,208083.68925920487,223267.98284516763,233863.23400439596
"Rio Rufino (SC)",83193.32504271838,44995.13848726647,67495.26892075675,105250.6610156135,49619.08236771664,106849.12835074474,63799.5525662843,40009.37630211536
"Rio Sono (TO)",254198.06526636583,569538.0588355779,933916.8217705032,936828.0587394746,686743.6964537685,919930.2109400585,4009455.914313923,1713503.7530373184
"Rio Tinto (PB)",111899.30455542958,32139.698629340655,43554.09261129066,65083.051300135994,61441.897384256896,77831.6554549776,72995.29873227904,65166.04180330657
"Rio Verde (GO)",3671966.2321538166,2051504.9523746006,2122990.602925682,2488318.1049365937,2694505.605890992,2704239.202365693,2835175.389549135,2709419.320525771
"Rio Verde de Mato Grosso (MS)",3404354.793123397,2554755.8469900833,2519418.598202981,2398014.6211007205,2228536.313528662,1918087.9501359053,2789629.728562642,1914880.761701279
"Rio Vermelho (MG)",511092.85625767836,553068.7292443205,358453.3220984452,377118.4619817709,379640.7634481832,478929.6779261236,343087.7075547539,595955.9265730239
"Riolândia (SP)",155679.98195182587,147808.7359561279,151488.56464232452,150004.8527303375,134235.64823295517,157735.69169819477,134962.72875549347,138174.58148061414
"Riozinho (RS)",153147.0851546417,244438.84202803185,128099.41739159165,65005.59400950531,104648.70384867476,39964.957855361456,40521.31252737443,36065.155663435995
"Riqueza (SC)",159878.1391964394,65684.4066678732,88639.24561740393,92547.08741791408,110071.31886535276,120977.37420938334,112061.00446588607,89915.45488898021
"Ritápolis (MG)",49032.93094378279,48412.00038520571,45049.75992703729,60629.71766194734,53626.51059292821,60298.96223333671,55109.18864787405,51179.46906155219
"Riversul (SP)",99463.30771528205,83729.54616295065,78930.55216848379,92000.62217810405,86760.0299034903,72315.85078929382,69397.61779506571,67989.62268935323
"Roca Sales (RS)",100520.36723123028,132683.28048445712,118979.52009224477,107318.536791411,179909.26189728684,112936.75878518067,94894.99829205056,197681.07286378363
"Rochedo (MS)",1352599.6476339505,776893.8196691715,427779.34782814805,396757.14804112056,446060.31068243564,373774.7495424583,417872.55451719277,379744.5752425306
"Rochedo de Minas (MG)",11773.51199121355,12070.354764945376,11418.973432811923,14038.947713573998,12976.180312425253,15161.603135348352,13116.420197869737,12856.950083799327
"Rodeio (SC)",37009.95507510401,38070.6276378389,40910.83893004758,40766.41032740741,37021.44205651157,58757.817616697386,42753.547037440825,40146.00165178168
"Rodeio Bonito (RS)",73505.69772680878,27897.283943715895,43150.55219033322,74682.99006115692,66004.79778647466,71557.48519907262,84329.77177372116,97298.00499024082
"Rodeiro (MG)",12956.336223104596,13666.105291996155,23136.191233491016,22834.962575294907,24675.366396902726,25665.722546837205,25394.295589918725,30652.262822184497
"Rodelas (BA)",44961.471251163355,64630.66765580688,120722.89770966033,41294.86682425786,44299.46851206634,84886.43292714938,121598.82414282416,72732.38863687046
"Rodolfo Fernandes (RN)",17589.556286019597,15637.996560655416,19517.915280014615,28551.761754579325,24170.274700008627,25170.981617055564,41783.57904665211,29075.24498063209
"Rodrigues Alves (AC)",306978.07381610887,820189.6564500625,831219.8812393682,1306378.4504076818,1296055.5258479908,1391328.5367642734,1181205.9717430917,973786.0924823747
"Rolador (RS)",18533.055362907755,24208.576774624504,59413.01212465723,67193.8580507782,69891.87629447582,73083.48334287516,59928.65858847035,58762.264750422066
"Rolândia (PR)",131287.1663777443,110000.4370154716,191766.4516867878,191606.48307943565,196973.57412325128,209591.15497566762,218690.7755331227,246850.09929670428
"Rolante (RS)",140393.93585239127,232358.96718140636,189043.9132715979,137397.6893697608,153156.20158483472,120847.61506675156,124324.11059708835,130482.41890408023
"Rolim de Moura (RO)",1534520.0720227307,1992985.7145506523,657154.1921895023,915388.281101126,1186810.930608063,1024096.2040612871,1736402.404420066,760281.4679102625
"Romaria (MG)",93187.81705128381,75729.23991335648,57487.61783497534,51864.850149733385,54475.7629766028,58272.610074410055,64725.702800812134,60528.7250709623
"Romelândia (SC)",199295.47826602543,100868.26319156363,120460.39137183095,101349.4510389333,110278.07917198942,99308.15704960367,101849.32128645979,90118.17060355075
"Roncador (PR)",307977.6776981885,205758.34033951064,154133.779129221,178916.6473915234,169907.66801584853,157725.7867269956,175834.15019705513,148562.02906493458
"Ronda Alta (RS)",100991.36956214393,71626.702916338,72532.64199245538,86555.14313621151,91757.43699900518,92753.40807789404,78129.72872319758,72403.20488178825
"Rondinha (RS)",80783.27210495302,64619.30273894355,76844.45863958406,79141.00165645337,75724.62528879811,78727.85382077485,78658.89449302644,67065.63681896713
"Rondolândia (MT)",2476547.441175916,4678870.755457671,1225260.4017389114,5652786.007645736,4385569.679632192,4577137.33280025,3114259.835944807,1823130.7688796008
"Rondon (PR)",137972.0060020884,141104.49960138724,171405.12717559078,186083.93663857656,197026.0290354239,190114.16236378154,201203.4676144708,166008.99345350402
"Rondon do Pará (PA)",4221115.169028258,7387796.862383227,4172252.983400947,5648963.74746595,9685233.299129747,6036802.919859789,6466003.867142762,5577606.3166434
"Rondonópolis (MT)",2679632.9159997366,1336676.3504635822,1792114.6332907376,2216753.569607225,2135902.639289841,2203282.22827548,2310914.6572758188,2334601.186727993
"Roque Gonzales (RS)",67938.56059118232,105815.72813878446,143751.2968492378,155293.50963304783,168665.29820377834,144769.93815784185,118255.85310487461,118268.3967649531
"Rorainópolis (RR)",677783.5056186367,1933754.048221595,1292479.0389016264,4598642.513673504,5367281.2790990025,6503130.7890873095,4180192.261093505,4220495.717756703
"Rosana (SP)",164953.5335888822,181004.69756209833,177518.73888013454,182666.72888700716,182410.52897877735,177676.19057830816,179788.4452348939,160455.0074357399
"Rosário (MA)",102094.18623271403,362380.6290868985,67344.10281988724,157569.35667798892,-39557.7323785326,-2614.317621624563,-39331.529130979594,37880.68694254055
"Rosário da Limeira (MG)",35889.9238003525,20931.519755395642,17861.970332660698,19816.30781773028,23542.427290705346,28955.213447734295,24344.350927011514,17202.934152052705
"Rosário do Catete (SE)",35199.73491374287,15830.753666448183,25537.252569969693,39087.566416049565,36802.56365778169,42586.84031854155,41067.565772125396,42070.790700720856
"Rosário do Ivaí (PR)",164334.56110919584,109260.00209463113,147862.74645568308,124972.04935268781,117283.55012640095,103781.92030526735,128683.58331926126,117646.51305650147
"Rosário do Sul (RS)",1707579.9628808852,1585820.7262743916,1489261.1365086439,1293926.380440199,1537910.8395911483,1301130.3190379348,1151513.181063455,1302716.4011054703
"Rosário Oeste (MT)",1345523.5205814524,2607320.396272263,1241018.6551400782,1286894.2390221553,1439387.38228893,1547467.2778261474,1722212.929275912,1727803.2588210015
"Roseira (SP)",73960.83554112818,30553.13612319071,89825.45974192877,99191.07129233707,103171.27972653654,112708.97382101853,114723.0334805538,109555.64220944914
"Roteiro (AL)",18303.19596582061,9527.777841360521,16296.433438270516,13866.802953823917,16604.38239249981,13433.003755348349,13681.834562760301,14189.912163430983
"Rubelita (MG)",246740.45768551293,199239.01942388335,130202.99497321706,145157.25127349855,145713.77103299883,172697.01677245225,171988.72805702966,264401.91630626644
"Rubiácea (SP)",70414.69532451453,77156.58737777469,72041.25912438551,76793.97002043034,67835.55146040667,61216.79790456816,63510.003421008914,56955.373492779654
"Rubiataba (GO)",264682.00758220546,220313.6273140719,359941.50998433423,411886.7679702901,393757.8346650556,409166.09459472983,428303.18651186366,485102.7997421316
"Rubim (MG)",482024.81354761746,232759.27294855614,200353.6405781467,168575.99315639623,166020.71953191335,168315.67452824695,169645.80546786913,142678.09578186195
"Rubinéia (SP)",40653.78933777532,44789.128316289505,45631.04300597569,93382.1456575738,82896.99592767785,77199.12449586451,89870.08734601129,84175.07685914786
"Rurópolis (PA)",1095711.5479333156,2483302.295017893,1946651.3700568958,10139844.663684644,10945380.395555416,6877880.224407371,3363123.3233611463,3075829.5836047493
"Russas (CE)",123708.26442391408,118007.74577750232,264086.99918708217,219432.52372069957,221418.2411804559,249903.8046901432,292486.9717346947,271528.7941655409
"Ruy Barbosa (BA)",603959.1397055468,410112.47304943216,432275.425667474,245342.14438225163,259060.53344055568,276681.63914386113,400474.2323328166,432277.5134221873
"Ruy Barbosa (RN)",25623.562420421724,20388.543718947356,14795.438427299741,16054.155151374409,16468.218526348945,15406.544071312828,14059.9813246052,21596.800956347914
"Sabará (MG)",103964.96421665714,75197.3059391993,226228.80789172725,-11304.791648882741,-178692.18308984948,-105620.39833252995,-144547.53203502824,-46689.27630168328
"Sabáudia (PR)",44771.76642045692,53266.379629903124,52866.06654748601,48712.53962228041,54846.80352959979,48792.03966191277,55626.71066842109,50719.662559846984
"Sabino (SP)",77588.55636256922,60967.67105574918,68329.29113883407,79477.09999933603,81588.94751089216,77586.39264363228,49191.909897049845,44804.1694515
"Sabinópolis (MG)",251962.98951139665,569039.0108991408,223852.47825189575,270374.7274923104,238732.07298272176,336755.1750260752,277079.3800976445,369205.52231058764
"Saboeiro (CE)",116871.40812918577,183932.24758218706,101008.85189362215,146126.25220522805,140147.37591951003,205495.80552283436,253072.18605713025,183285.1621247168
"Sacramento (MG)",640972.8755391584,639646.9541624925,661504.1370178375,814664.7962335107,684755.4873532598,644921.2910560108,675746.0416428417,659858.3979879847
"Sagrada Família (RS)",6172.6401022839,15422.946271087456,18516.825690740337,24358.251855072966,19147.337528757955,23650.47295939143,24125.378801545507,20466.204379525927
"Sagres (SP)",36721.569271645094,35005.31707084751,33208.62528213837,37088.67290679703,38736.84575163247,33130.43597351662,36530.34079570642,30818.293356612165
"Sairé (PE)",71105.44201179889,45361.752973555835,60078.98400814713,59699.992269906696,62000.930640896586,68434.86549331114,68087.62838135348,65758.25502199918
"Saldanha Marinho (RS)",28801.31565339565,35022.46388269911,51615.20266863593,33369.37466802487,42946.37981502698,44421.22563243728,38783.04046807548,35519.91468257982
"Sales (SP)",53240.89362757711,66255.84757991083,59566.909174290835,86623.1374627873,96741.52572590747,101694.38442878937,92947.91036216918,84426.69799028029
"Sales Oliveira (SP)",65874.29717854917,63036.7607074175,75656.18805057078,109792.02976560488,104247.85483946811,110816.80086479039,88879.96658632554,90524.291191577
"Salesópolis (SP)",66646.22726664876,122049.55187137719,90135.20847133707,58005.580482276135,45855.630837293924,55152.50842477043,56557.86637115642,31481.420820743067
"Salete (SC)",153691.99264790415,77063.24621265245,60586.759900410754,96575.23524018709,115121.30094706766,87824.06506596462,74696.96400909248,78698.3566212626
"Salgadinho (PB)",5196.32718988533,12171.868654696766,7216.377743456714,8033.900728899594,7062.147515739968,9482.353241337009,12808.828665761392,16155.902724311867
"Salgadinho (PE)",58177.59470355459,21383.913306401646,23849.662969592806,15231.940128984346,18311.227009766986,15045.425949795585,17677.79274651773,19232.65071201234
"Salgado (SE)",119110.26750870756,57256.12312528428,51493.33346058896,69944.32727747071,83508.04856477192,75374.35668189502,65430.286800673464,81206.33518819581
"Salgado de São Félix (PB)",65279.95173647613,30809.823499767193,34612.078461702906,30181.012638083077,30542.376399451525,29419.175961569657,34477.46211293575,34657.42112672347
"Salgado Filho (PR)",217575.59178518437,84165.39890028344,87043.02517898305,73707.86161172602,86277.37631852707,82592.20752742086,78708.90891425915,70378.60320967734
"Salgueiro (PE)",203993.87153445565,124663.83443947739,298360.5692885342,247566.0921437399,309183.6761637059,333236.9471439392,317319.3494641261,307392.3711113448
"Salinas (MG)",615154.4871847779,327519.20670877956,412855.33350674465,284939.8118761645,335944.10064539924,356689.2378730775,424855.0089309898,401191.7729904563
"Salinas da Margarida (BA)",11843.084970117428,21477.828742620448,18483.180125874453,13398.967906289936,15889.193320147117,15037.595520176976,13226.964864636708,11836.806270311086
"Salinópolis (PA)",45746.90736835354,224168.4051362522,74755.1465803068,70579.98535560028,62099.844491145355,87232.32917779493,81951.55319961169,50615.84720690569
"Salitre (CE)",59430.66049697341,143009.21376121347,91047.76805596042,134618.72209734633,151715.45470824413,168685.15501808657,167073.41460579666,107723.45196991578
"Salmourão (SP)",59739.35411539322,65927.05102408768,61331.242634424765,52616.99628010863,49550.24318282021,49816.54593270251,52386.88306051963,38628.18367241102
"Saloá (PE)",64206.842488426206,39758.12776423689,51013.138572787044,49359.55234362598,70151.21472209791,68165.27131962127,81269.3064090444,70479.34611111609
"Saltinho (SC)",99206.60130981175,67913.72137823606,72570.83076342962,72749.4170344488,80062.26409277336,85077.69092551208,75034.93137943422,62366.206857731675
"Saltinho (SP)",2792.8669029642865,21001.039730229197,36469.17804538932,36416.84780139436,37235.60256802644,38199.85067493409,36231.44258961586,31580.30753560755
"Salto (SP)",40866.60099869995,71454.37925095635,157669.64438019315,219325.88637423172,233493.10988255043,197238.6393696853,217775.63013439323,212880.1096582374
"Salto da Divisa (MG)",185324.4832696653,162674.5759172393,190673.6393305028,186512.84463151015,160595.19670556116,154510.67358513438,145822.02568618348,154579.66796148068
"Salto de Pirapora (SP)",139162.5999522739,75237.09374974701,95266.77719298989,1763806.0156403182,2702203.54172928,1383737.1065255147,2032835.630413722,2421129.7024028655
"Salto do Céu (MT)",713524.9057012033,678780.4354809693,465018.8564012982,500952.6294102472,499750.4898620625,537661.712244338,737021.0494279707,591580.1638604681
"Salto do Itararé (PR)",61365.822045849745,66169.73797003776,54496.51185889653,68136.47670300979,52400.137539478885,47673.05280081967,54718.00216114723,48279.7696223354
"Salto do Jacuí (RS)",143338.33096989733,112681.70267439078,106714.04812785932,71885.49140619766,101573.31473393904,58362.53547713882,57355.634605631014,90452.6367604204
"Salto do Lontra (PR)",176553.3337319973,122529.08093003383,113197.96993823093,143071.8171311886,157001.24614841765,126112.97924752212,123970.11680109955,105506.68604705141
"Salto Grande (SP)",34778.630864684084,36107.82464431658,39139.487363292144,47276.33866093619,39918.97221929108,47612.780954717105,53695.074876253784,46499.38240403136
"Salto Veloso (SC)",25592.63055430386,47090.38266252258,55892.83612770725,54279.35178340023,50155.15281459117,60822.42024816418,50666.77508895122,49096.959086067334
"Salvador (BA)",496300.21930744,813991.6589750333,3041227.982404066,2887890.8920994643,3011359.157081044,3017229.9287881814,3040938.872605286,3027046.966621031
"Salvador das Missões (RS)",2324.901823180122,26766.704168343393,38889.73967585137,46790.129433824564,41512.088928239566,45237.79501399132,47959.3765358448,51050.28628068167
"Salvador do Sul (RS)",87172.82521798763,110701.55507192232,77295.22308543471,88635.00576211607,198202.84107713416,84250.16975844977,58925.05084660275,91258.62390464322
"Salvaterra (PA)",111831.4380889234,96936.82995372446,113713.79654177274,74587.68114443806,167384.2641258738,176166.40072716266,112625.1311953255,158472.1285470689
"Sambaíba (MA)",154713.30382225095,270057.8684302925,275766.3346217492,633310.8741402535,633483.3012901949,477023.7161008122,830422.9161293654,592507.6070954688
"Sampaio (TO)",127467.35016048378,223183.5245681253,185064.35118368902,114600.15698855485,87242.72091070109,983282.5043783904,320415.0362588382,46738.70637820277
"Sananduva (RS)",116153.64079096008,133422.54348453684,185044.9073515041,128738.65566687434,137205.5141168603,145155.73801352078,140768.62313563083,112590.24484469794
"Sanclerlândia (GO)",213283.86208366466,159785.94040417866,197435.53525014006,178484.64342484705,189840.4189926143,188328.79570658636,187104.9383746345,201881.36951341885
"Sandolândia (TO)",1218773.5610355379,1189643.5066776082,573129.4142004731,605744.2757826766,683321.2777314591,749631.2827399692,1010063.100357799,1131504.732573668
"Sandovalina (SP)",128340.45517737692,114489.10409961401,136617.35146674147,121286.66195253449,143019.3078004782,132083.8511090573,134757.12844386377,138821.09285997256
"Sangão (SC)",5864.849587718764,21193.452068361865,74688.07767519454,70755.97999358982,87635.63033229804,87282.57137323222,105417.43919044362,113755.84323905729
"Sanharó (PE)",48078.23179529605,59296.254001204805,86870.33851209468,62003.21225196916,90215.10698540723,89741.72169485287,117693.04104154401,104301.76220943104
"Santa Adélia (SP)",103344.65626215973,53118.15117660269,556073.8394563779,650711.0694505612,630636.8730130054,651620.6175795041,767705.964290839,548539.3694825044
"Santa Albertina (SP)",88638.61678089705,75177.2657320613,210400.65797910903,292937.1738755941,274443.00629138236,312157.13443825074,378441.72483085946,268573.01694532833
"Santa Amélia (PR)",32130.02377094809,18373.726188957553,17582.735493334872,14047.037450578757,13129.035026779848,13141.491736966826,15056.816792680416,12255.209692131853
"Santa Bárbara (BA)",179091.70299648293,71154.60976842571,129230.44627453346,59362.86558606673,69652.62777931792,72112.78066874572,67787.53021634286,71000.50451220134
"Santa Bárbara (MG)",173669.72661140974,163694.91295988703,108704.79633490539,180556.5862904468,220269.40397000482,206618.486958873,160043.6266669501,425365.99795267545
"Santa Bárbara de Goiás (GO)",75686.71704084967,55666.694256816685,71738.6457122791,59989.18662321152,58000.268655800726,49045.08112798948,44799.92165169875,51847.49625653045
"Santa Bárbara do Leste (MG)",64790.5852999561,23095.608455545116,17298.176507041408,24957.173469384034,36856.64437464035,29993.16711319919,35728.23995879424,19275.502327645318
"Santa Bárbara do Monte Verde (MG)",20807.745007185647,70821.39770163051,83088.95990070065,51868.92794549758,52421.377677773664,57413.756091255666,49861.23870938478,45571.03625023013
"Santa Bárbara do Pará (PA)",85289.22380773921,98362.19847376729,89747.83596735627,59533.654889422476,66067.24618194863,42209.882266206005,63770.99796442103,47629.26142240364
"Santa Bárbara do Sul (RS)",258224.49095330675,167071.1984309969,122343.50869900899,133012.08078028227,173341.16203221932,147142.80859474157,161231.50780319358,149947.32551449805
"Santa Bárbara do Tugúrio (MG)",39336.55939764987,51617.6901027092,42266.88552884495,57098.207148949696,53513.41793735531,61844.55063083105,47022.64840655723,40306.54252879538
"Santa Bárbara d'Oeste (SP)",71867.75998139862,100523.53526230011,311295.08738190576,252595.91458816672,286673.2413760238,293925.2250186574,304471.78297648334,304067.7198050163
"Santa Branca (SP)",89274.42991905895,65044.62322446252,52096.28283254309,49612.16727983325,41380.655188628996,57484.8763308326,48133.94407393328,38494.21153023975
"Santa Brígida (BA)",136389.88897479163,97131.14869820414,107461.5892706408,63942.00234132908,96985.15034755149,115429.25115887873,155322.66085875736,144547.28326675534
"Santa Carmem (MT)",860774.2940445313,2830153.181805512,1326043.595742538,1753177.6993547233,1615287.1831733487,2165924.603987156,2153013.624640359,893834.1251785845
"Santa Cecília (PB)",30584.15801963483,31684.237162135567,38920.35428343403,57504.57610236618,57704.16273415411,57081.15807989529,85169.74502082219,59747.44058566528
"Santa Cecília (SC)",781472.0881986166,539434.341064568,354307.12389772374,283218.66005204554,272224.179400693,278939.5795375239,260374.54920477618,206755.20772573186
"Santa Cecília do Pavão (PR)",22578.697308685503,28121.83388447182,23390.37483261306,22447.61279273297,29189.556739946693,30729.70865602549,28192.553580286174,18030.43030995355
"Santa Cecília do Sul (RS)",52353.44340488219,32124.50084127011,40474.53904070245,75986.38233229949,92550.40653414518,46593.03486505729,30934.55221825715,23439.73277505687
"Santa Clara do Sul (RS)",7551.134937459551,31225.853139750205,42276.03246473696,35426.57790174171,43103.272330452506,34312.735862906615,34591.36711407095,28881.979395065304
"Santa Clara d'Oeste (SP)",48698.52531631044,50912.12725383547,46643.36463292099,43653.69171346361,49769.546795299786,43254.4496724954,42556.224390558586,41061.81437937832
"Santa Cruz (PB)",14068.178812762784,19320.491344847436,19864.510209611486,27079.098890442132,30137.186884593782,28705.274782267126,29042.36398630502,29842.827041738525
"Santa Cruz (PE)",77906.09124201283,134562.78755205788,126081.91934877391,117307.34444075864,135045.5667716234,157377.16606313147,172933.2244593337,158491.81503618768
"Santa Cruz (RN)",107241.91155793598,81183.94305476375,90064.70274941491,160656.26074404677,174509.84145378158,153009.56229928532,161334.75132057245,166970.593775838
"Santa Cruz Cabrália (BA)",1317063.9904164902,928757.682355263,189731.65661620194,200275.55338555435,232441.41672222604,279289.87863967253,308948.59111352894,434755.9979278267
"Santa Cruz da Baixa Verde (PE)",7818.199550655406,14373.420687479445,22733.897899682936,27585.708279458566,26356.495183441566,32630.18753790397,37260.139622512506,40412.151565201064
"Santa Cruz da Conceição (SP)",32851.24904324764,35625.73795808275,82394.05853198485,89042.50444738069,91739.38379465882,85795.98148209935,84621.5683420777,78742.27856699254
"Santa Cruz da Esperança (SP)",11398.977088269296,32270.19975871545,26090.743593200186,34282.67407333091,43817.525024991046,62346.14898417886,33456.17768522074,29158.99967944862
"Santa Cruz da Vitória (BA)",90882.74467134166,75680.71552502735,87574.91914978516,79381.11047438282,82227.47779096391,88140.58064007906,86755.00209724884,88244.00979968323
"Santa Cruz das Palmeiras (SP)",49789.66584247716,66027.72985364973,385105.85265081347,108057.76449000012,95412.00295141414,91278.78309382616,80950.43423470782,77460.31885477713
"Santa Cruz de Goiás (GO)",431526.75484907604,342927.78831904463,298029.2356339989,267680.5983789193,255581.63997081673,273625.8183065371,318471.95251534163,238153.17921802166
"Santa Cruz de Minas (MG)",50.38743065375321,2345.208635517636,8911.478628954612,9372.06988701462,9379.618155447739,8575.34476360566,9070.166720241468,9310.425865747688
"Santa Cruz de Monte Castelo (PR)",197883.118113828,160702.70725835155,154464.9033188388,150261.0215262735,150808.6719982004,164623.82852771625,186113.15515805135,160553.07151332079
"Santa Cruz de Salinas (MG)",336391.05464872177,119034.39849708608,117976.9243239121,90675.57709788665,91594.41726004313,126420.90440124444,169882.91802967255,128114.48267283467
"Santa Cruz do Arari (PA)",309786.7404507771,135746.62753532184,147633.67334404067,103176.45981016918,100235.39966718914,111045.69335805948,119844.58525189255,122781.45384042352
"Santa Cruz do Capibaribe (PE)",30768.204883976727,38216.163205162855,104676.26725350044,126681.50166952683,132084.86492570557,126771.01873472217,120314.15746889303,125215.23039287866
"Santa Cruz do Escalvado (MG)",95957.41309467921,47608.49903285976,57658.989883156966,55781.766160334664,62367.96634074779,63080.182344387584,53683.50175302183,64905.58443731116
"Santa Cruz do Piauí (PI)",47419.31770948159,32413.09665368552,60826.94351604484,115715.86310837432,68382.13380504929,59114.8457184194,66376.82705697343,164558.5371169592
"Santa Cruz do Rio Pardo (SP)",307365.76275698806,300469.3226008975,441130.56729055353,488271.15579544206,499436.08107349084,520401.7369146707,546885.4007029783,460607.0121280848
"Santa Cruz do Sul (RS)",426408.7331232644,382875.5609562078,514527.20432961,372606.12939992844,491068.0403868549,383472.9508602517,387415.5845710777,452360.5031627131
"Santa Cruz do Xingu (MT)",1246981.734205228,1274933.4729282975,920984.8614101061,2432358.9535706267,1799891.9297570973,2017430.0102518832,3631639.475790738,1071596.5880767563
"Santa Cruz dos Milagres (PI)",37603.9848275068,123779.61277026465,82999.51784392358,84293.53406553504,69726.79577032918,87834.31524173055,83366.16215027274,78417.59530748297
"Santa Efigênia de Minas (MG)",207213.55877748813,108376.90598347595,22064.802554126287,40294.98535647517,43732.822135727816,53097.76190765971,56705.68123296901,43181.79507361048
"Santa Ernestina (SP)",29995.195061199633,19034.495637163625,20150.155190676367,23143.600132840445,27079.877206143956,29227.500292854274,24934.350541004478,20352.484133902057
"Santa Fé (PR)",92098.64952667037,81507.4245600677,98096.13533720128,89575.50416240911,90349.88736394457,87251.98135613385,112827.17232323112,101819.65501148139
"Santa Fé de Goiás (GO)",859398.334504064,313898.643558776,333305.50159357616,337096.8732982755,302952.9967130068,300884.42999554455,320786.19422590046,328333.85503190645
"Santa Fé de Minas (MG)",398745.9868013785,582979.8694672805,386110.8997636379,346817.3961447429,405365.03927597986,364721.19562512974,517276.48829840677,441794.6655772633
"Santa Fé do Araguaia (TO)",2778417.0951014576,1547599.6841914621,551310.593318308,342563.875707644,486995.2866606237,484410.9822721424,615870.9302927607,316867.3979533605
"Santa Fé do Sul (SP)",73506.39177672697,73712.79335328704,153172.93613899616,232014.61050562924,208670.87857900973,189364.68516597876,191811.27729796624,174223.69526614906
"Santa Filomena (PE)",89582.48268766116,169005.0609987302,102401.63111872927,97548.90410347216,100088.5760536709,128984.27387984602,135391.1267066499,109547.33959940448
"Santa Filomena (PI)",81142.39871696923,130722.27083586554,1442926.498945316,773278.4313964517,958188.0348044717,3216670.268403027,1560902.6114806503,1546543.5546917873
"Santa Filomena do Maranhão (MA)",119862.4468767357,227120.5271245491,173052.92856142094,305958.53987773723,293544.80814192374,185879.5596762709,222829.93520153812,173043.4016813084
"Santa Gertrudes (SP)",24772.404687309576,25025.51450029807,57832.82969502252,146238.79633418025,95700.802667609,86486.22076976406,82986.67920987548,87432.60276655937
"Santa Helena (MA)",611562.8852310225,3806533.4519303385,801271.412052934,604448.3535038038,664078.9115311449,985110.4288133082,2033738.4264866095,786867.9608792872
"Santa Helena (PB)",20822.41976814385,35858.353934222534,32208.486971077302,44268.622570435306,41049.750345088556,53454.73721673636,59502.04886875647,42503.08221901969
"Santa Helena (PR)",101034.4270012932,109816.78204762061,175872.68020789474,238614.43298666226,251594.0963511125,268782.49221147655,284156.4942480893,275366.53147556464
"Santa Helena (SC)",54580.347572952116,31604.02658204082,43888.89373062316,48120.95133133951,48354.64258793495,48547.16788602302,48728.54052055757,32830.0748092061
"Santa Helena de Goiás (GO)",402803.64221359784,298860.9697492979,515217.05778214947,428277.8296604276,446354.5043003579,415218.9851699194,392128.0947758748,424824.78091647365
"Santa Helena de Minas (MG)",145395.08578925714,165684.97157036228,135246.0885190244,142772.93907923295,90050.46213876706,76227.78293326474,58357.72911412522,47739.05513338864
"Santa Inês (BA)",155878.70461393415,42230.88018093911,80917.65063369441,49720.54747076476,35799.825539015306,41777.95530548122,48708.22085573301,60307.836976417595
"Santa Inês (MA)",181523.2459673541,515428.704460325,584306.7245071625,509088.1805602535,903293.7295742038,1081429.0937118079,618403.6608556138,350886.4789502683
"Santa Inês (PB)",3742.234082575662,17410.50408484621,26669.23660922568,25281.715874127513,30729.64107816977,42942.56253667184,51028.75656772809,29204.94883664841
"Santa Inês (PR)",50122.508927624585,38725.71784446663,46397.66607394518,41875.937987956284,34970.65271316435,34819.0306374736,49145.14989880924,45676.71921327593
"Santa Isabel (GO)",315720.21692929463,187135.49716009822,205470.19592218997,222893.76021092857,231495.53233565428,246321.235425879,215461.46709517098,200504.22884512608
"Santa Isabel (SP)",79728.80651069227,73757.87918195482,-35309.40185604195,-6750.134114086697,-12269.932585194081,-5903.899641511027,-10456.545224286961,-31995.858455700592
"Santa Isabel do Ivaí (PR)",182038.51236796772,106333.44721756967,137502.0279997386,146154.9828793654,147938.00616250394,161005.3003920016,176490.31087597774,162801.48793298754
"Santa Isabel do Rio Negro (AM)",26466.32234657506,28782.650022245114,67016.59242367686,140366.82502711585,93551.75264433418,114895.90115435603,371812.1332236276,86580.92321258111
"Santa Izabel do Oeste (PR)",129079.44257595364,115354.824487456,102023.44107283681,109539.5898316694,114022.58371400829,107685.2737920347,112607.88940866315,97764.67037584167
"Santa Izabel do Pará (PA)",682673.9024703872,746568.8115916599,489770.6785248885,296516.2984335287,383790.8504413617,336487.39194868377,358116.81991485297,263630.2693731831
"Santa Juliana (MG)",222250.00030553996,152765.72943537583,291976.909120287,289355.3359988221,294699.43993743433,256668.6828710719,250527.09805261105,248691.52243273912
"Santa Leopoldina (ES)",209622.7578512049,234053.8575540971,91956.3966045821,188398.2638565,122547.45107948281,223298.68136030735,119006.69390540957,59300.69105377718
"Santa Lúcia (PR)",13957.09883291449,36402.74663926261,40971.484604464116,48508.83693969324,48231.53606777875,47518.50412246864,48491.55692923206,45454.79454546708
"Santa Lúcia (SP)",17875.6403169039,36899.26106319056,36412.68066853653,35087.097176711955,34462.340227792316,35442.67572289608,34879.54929907605,27482.563167795033
"Santa Luz (PI)",106061.29550938403,83540.92265982208,93420.25804438096,120192.17415169209,146351.3014925222,199178.35377149563,147229.86687161817,171101.87654318413
"Santa Luzia (BA)",370544.04883192334,491278.43065259856,290239.8015450513,237394.63111183158,244478.32241707685,214585.8491496351,285345.8760870639,536649.5010947563
"Santa Luzia (MA)",1164748.065675645,2676771.2598809972,6565579.924223542,3509936.5016638604,3261608.4609700213,5787085.863783832,3960734.032916212,2061730.958750435
"Santa Luzia (MG)",105068.18003030836,77085.31630708046,246894.09458065944,237902.61608701563,240527.5081547974,248756.8523749569,261015.326898388,301032.4195734859
"Santa Luzia (PB)",16412.350787889896,26073.54194616428,44708.430951252056,67880.59061686917,64689.103352742895,85541.93691035878,76788.75857096676,79798.7074372497
"Santa Luzia do Itanhy (SE)",233711.70138793695,78073.7816707202,62912.78613300151,92820.56483444873,77658.91354475894,78527.37349611391,59899.73801355834,117168.98615031266
"Santa Luzia do Norte (AL)",5066.224671311124,9081.43466424368,10901.97013832846,8751.684730986677,7907.589339743529,6863.512549729232,7049.196359792172,5619.994177709201
"Santa Luzia do Pará (PA)",294979.83996101934,5123207.303005239,1119179.6908477265,342389.97142988845,313464.1104916919,843830.6899386661,661303.7986436277,202835.03445475936
"Santa Luzia do Paruá (MA)",1315720.5179909908,3271992.2989421524,411897.0808077925,434208.6701211596,440414.1052337481,455325.5163861451,891910.5419880408,311733.942136627
"Santa Luzia D'Oeste (RO)",1365940.5971036986,1410197.814951086,434327.9168214244,680568.9026778887,641106.6716683786,717443.8414118561,1395552.4850142307,539763.5086004937
"Santa Margarida (MG)",105731.09659636873,61725.90316453121,44206.4578869116,78323.1127173045,77618.2152774957,56023.89795165322,66641.24269615383,57705.05517419933
"Santa Margarida do Sul (RS)",133711.60794756544,145130.56571356556,286971.6012260194,507842.7921236024,572242.8543865753,243495.04924335884,224804.72807040144,236555.9402497351
"Santa Maria (RN)",55921.691500051784,22481.14684697924,31625.051423158093,41952.407206299584,41161.26312480299,33556.017273290345,42362.75737112606,44283.81956018419
"Santa Maria (RS)",976191.2019560165,707822.5281667201,975895.4505757747,807071.3071895362,948661.6066011072,830135.4330749752,681307.4909634828,802003.7553771522
"Santa Maria da Boa Vista (PE)",317062.6723006442,138507.50182536367,255284.05148442095,186574.26325416885,181211.6980498819,198439.98860964843,224263.12597932472,251482.49530732812
"Santa Maria da Serra (SP)",50616.823453667006,48563.84338910376,62719.00054167109,61745.03081488761,50462.96608497419,56081.01043565768,52482.74531251924,46269.35381940761
"Santa Maria da Vitória (BA)",313280.03323308134,245862.63488809543,243089.78426478922,305316.692764877,373180.6583821635,534609.3552854459,509835.15505519137,410724.1348510325
"Santa Maria das Barreiras (PA)",2827202.12318856,12881915.571895614,6342963.552029347,5597306.361602479,4291371.866470739,5624791.641488082,5510154.386078127,3389108.138883714
"Santa Maria de Itabira (MG)",710216.9692839031,331684.01147460664,95382.9146320961,126430.89379831446,108947.77825085509,104351.5014948994,109600.07950668907,160268.39096212352
"Santa Maria de Jetibá (ES)",141875.58166855748,197235.71368491193,164444.10348865896,337512.6413077964,342310.90384886373,384984.1478675991,424558.75155100756,309821.9101576278
"Santa Maria do Cambucá (PE)",28874.374913669653,12602.565796032792,28025.688014193067,27476.20266092509,31636.004111784903,26914.662954911557,28165.313124455046,28531.96557783723
"Santa Maria do Herval (RS)",82502.56794826416,285236.23415503855,84854.57540510964,66970.42034125542,124387.0627215755,118783.23013993228,77441.70929105184,89372.93404883741
"Santa Maria do Oeste (PR)",294894.3297649447,249556.5152599152,225268.20848415577,163390.24480444271,171031.5834104859,183811.71295159467,186946.3280974926,135125.81731498364
"Santa Maria do Pará (PA)",727941.1652519242,1414038.1083202492,313969.09635443817,143225.50370214204,233506.9007070113,149121.0834183484,236566.40566196028,175943.67059830093
"Santa Maria do Salto (MG)",115007.89891933951,128287.84892220689,88375.73493127602,159794.22358490445,110941.27682799585,66351.39125290114,60833.27561063572,63928.27582595466
"Santa Maria do Suaçuí (MG)",387618.2721146069,253289.44993965392,99946.97020367486,148957.19324350034,186537.76356536645,263487.9447078334,215596.03352267135,465986.49673778773
"Santa Maria do Tocantins (TO)",35870.61707771195,235178.71734768766,258903.61100965895,521815.91404284345,315546.90950404387,477939.1743981958,781068.2581369698,739979.3192870617
"Santa Maria Madalena (RJ)",180462.9026961174,176368.39219112982,136445.27439612625,167862.90526798985,145148.90479525828,169545.75131279143,176041.2008024178,134276.71643962263
"Santa Mariana (PR)",131054.09427636601,85760.91042959901,84373.8389843532,99428.7796062489,99511.18711648585,81415.82940817534,94127.41859233678,73079.1553084314
"Santa Mercedes (SP)",48726.62577716902,43006.71082564411,84182.46552925828,51486.489633889236,51258.606394845294,46535.93778198969,43012.8471481058,38497.299387509505
"Santa Mônica (PR)",30281.667552446415,78931.72960237127,89882.68289184546,81217.01494982881,84050.25929488367,85363.39355720875,93661.22123280521,94165.70966477247
"Santa Quitéria (CE)",379961.0864955867,276058.8035854554,395145.9547313595,260743.57854398072,317489.5626263675,383891.6614184429,350197.2674301595,461774.464945588
"Santa Quitéria do Maranhão (MA)",63757.21836313332,65838.43519807533,629339.3575203134,379049.0868855981,380748.0968124257,295399.6910805056,445270.9340243403,455186.01405240095
"Santa Rita (MA)",379999.0876429756,802725.0455045431,145017.98216326945,272727.74198515824,212585.7408234222,330188.54422869906,228288.9614912179,609973.1199004849
"Santa Rita (PB)",224728.58447275948,116929.85069727976,169532.41668650004,200568.44510212747,191068.9180604767,204333.14059963706,202960.843761023,216995.81877477336
"Santa Rita de Caldas (MG)",202937.6817922534,152228.35644127353,138484.0411313979,119449.39282942456,134423.7868226496,140282.81949789694,134440.1330162791,134722.86089630128
"Santa Rita de Cássia (BA)",384696.22771351924,585659.9431021474,604238.8800164463,1375887.6183705428,1553008.6725511078,1840346.0634276536,3044177.549095658,2014909.7330170327
"Santa Rita de Ibitipoca (MG)",108300.06051808882,90746.21934880187,44728.94264922966,68428.16864047102,56177.017022789354,67649.83201270629,52193.28207008225,45345.38882018239
"Santa Rita de Jacutinga (MG)",184575.57899896917,82593.79733413948,66054.21101813203,90318.12814992985,68043.71240522881,99208.3112650423,74954.140964737,70353.63609021908
"Santa Rita de Minas (MG)",32625.73454303892,18974.31956065927,18527.968179427873,16276.398165328177,26265.74399526815,21922.93664629101,25280.193778969922,18069.50099111433
"Santa Rita do Araguaia (GO)",361538.282780573,396077.3332949394,284792.1515105876,268138.8518889767,255767.48318413534,247510.63217388373,281426.62090387533,287983.64932807506
"Santa Rita do Itueto (MG)",123940.06383942402,46037.225568850015,78485.7260460399,65885.87644355673,56244.83464470846,64119.57040589352,64323.43627910114,76138.66552538982
"Santa Rita do Novo Destino (GO)",121395.90956337252,234437.83966675494,196266.34742903325,204360.10358473312,209914.2838658128,205056.1880961023,232615.00057549265,205770.7870773996
"Santa Rita do Pardo (MS)",4243760.925546435,2877816.95718426,1422913.962810771,1113909.1002338922,1238230.4368991612,1026088.1694916231,1119458.1517880643,1081293.9997486225
"Santa Rita do Passa Quatro (SP)",327661.89318079187,187741.21335280474,215053.84737359887,185262.27387544495,176548.8268532562,191260.29142470227,191026.1607588969,184929.28640354006
"Santa Rita do Sapucaí (MG)",121058.55976362686,109526.28366565371,139630.10253298678,112770.77491707513,140848.08326173338,127173.69870079553,125345.36241187135,126936.20308540671
"Santa Rita do Tocantins (TO)",805661.7395288124,624786.031875899,520644.7251153691,899142.1216023007,764349.7048006292,773475.2645370853,1401713.325769323,1137772.560089411
"Santa Rita do Trivelato (MT)",1066880.5936755203,2795274.993823057,734112.027008818,613885.468731326,952643.8174177507,898442.2309469469,733865.6490784028,673203.3315283768
"Santa Rita d'Oeste (SP)",63854.23303942606,59251.49271132949,69157.80002063188,59247.980712146484,63834.10368447492,67808.47835698171,61029.31607514614,52826.722367829316
"Santa Rosa (RS)",112507.87390236322,119180.51439180454,214126.34300662525,262044.37306677064,250589.1776741,264661.5420706555,262225.5011767132,259989.02135357333
"Santa Rosa da Serra (MG)",76383.40124411929,61793.774197329854,41909.14172451956,36443.42733595409,41042.419314092884,41069.410963622,44610.07601325179,40301.03589412735
"Santa Rosa de Goiás (GO)",82161.45534239078,60582.79942696467,62972.06425374414,67941.94407732648,72198.99668494068,66564.7327736498,64353.87277419709,69871.37316092738
"Santa Rosa de Lima (SC)",74702.53950019229,42975.05248370415,80995.33431226501,75347.09141712512,41939.72522493135,61793.51601880345,47148.41568121268,32335.97000824531
"Santa Rosa de Lima (SE)",35645.12780638516,28758.40341866535,17106.479357068514,29817.567755260367,25485.864696827346,29180.26345629395,31500.316637587403,35605.725442045776
"Santa Rosa de Viterbo (SP)",97521.78703610625,66857.82358769442,128933.10343319768,122037.83012444209,142466.6107466455,171484.9337868563,101145.57893866555,83772.75795105066
"Santa Rosa do Piauí (PI)",9083.588016906086,25218.079303558385,21137.780244388217,37789.83299591527,36004.59486983033,35842.06618049606,43291.039363001706,30805.460919142773
"Santa Rosa do Purus (AC)",11161.533255598219,58099.022472134275,172119.4567518104,445224.4949926492,378945.68031288,501371.9816224789,193207.48553809788,236298.55658009188
"Santa Rosa do Sul (SC)",53288.409944564126,40407.370508592314,47501.32265868819,61748.74437811051,77977.63424528691,84063.42773142722,78123.40006449228,68426.80351068138
"Santa Rosa do Tocantins (TO)",270397.43870969955,250789.6042948483,313979.1954436067,314737.34731399117,319734.13397725945,476659.14358799707,487194.7998797128,354669.5809683691
"Santa Salete (SP)",3495.0278660049603,21711.924856104004,26367.947296661696,28609.768280822962,28493.067199674068,28566.63302907676,28113.684856423264,25756.425183573818
"Santa Teresa (ES)",174481.67534509458,142131.44160367854,126568.69015792952,121219.73335957383,110039.7964836046,160387.63725263622,140173.3875010589,83517.7713681542
"Santa Teresinha (PB)",23381.872613481002,28700.65213034966,37898.46336822073,32681.499450029572,39276.10171675828,51288.200650347775,40750.0248157006,31387.489587065375
"Santa Tereza (RS)",15531.091842980633,64548.65633303998,27600.861652244006,13803.70258333526,30685.36960959439,13888.256378908714,17255.613190240798,59085.22064391023
"Santa Tereza de Goiás (GO)",267347.30272312916,301356.28420918604,179601.98277570904,221817.32554548493,226828.26641963125,199229.166051864,236678.1248617161,201361.57369596043
"Santa Tereza do Oeste (PR)",87130.52230976979,99340.82440668506,99675.67797456784,101601.76355109914,97474.78661866397,102781.42227753915,105795.80827965723,94518.31446640329
"Santa Tereza do Tocantins (TO)",67825.0993039344,162013.34467209352,119605.47577873792,128421.40943555547,106910.18090801033,107511.83256035903,234266.1286409998,163911.8021306358
"Santa Terezinha (BA)",271185.4361915145,115581.45076081756,102408.52245404907,63132.917281461065,78567.20023770141,88357.61849514136,98474.51069898569,88429.64830712468
"Santa Terezinha (MT)",2871441.0455801887,2527258.563372513,1323312.6386084321,2830052.7706882395,3947061.1672438835,3459266.216038339,4581429.618334079,2050414.6617048704
"Santa Terezinha (PE)",19734.94307279094,20361.673583300977,27903.003463562556,31520.254738708412,35587.89836490184,47760.86589933137,42585.95415135792,49101.547932950205
"Santa Terezinha (SC)",230221.93663425584,244585.53137815892,213955.20507960077,203839.03825486425,403696.9365425123,240654.11256625893,213302.78088461215,116160.24850444104
"Santa Terezinha de Goiás (GO)",410663.0783700962,306918.55306274834,338702.80706596246,398297.9077341704,431256.6837945922,450370.5797739415,379762.1973422999,395697.058485949
"Santa Terezinha de Itaipu (PR)",44166.24588767843,52933.77413951065,78028.59558652363,98248.78682488254,98043.59177113052,95350.21898836982,102867.27465936363,105562.84945330636
"Santa Terezinha do Progresso (SC)",68716.605229974,43269.08925663647,65470.818622099476,52580.59840843131,55073.472305473006,58435.50694150165,51400.96718958201,46352.735054919394
"Santa Terezinha do Tocantins (TO)",80529.66155159328,104481.97055945637,49657.47430335875,144022.27771529427,115435.87284513458,125881.93763039356,82520.70831244002,107927.470812942
"Santa Vitória (MG)",1064684.177643087,815227.4321392631,965200.7885260335,871614.9374789984,907809.0789929959,902783.7369560837,874774.0982775085,895537.7943892422
"Santa Vitória do Palmar (RS)",2173232.9802233535,1548658.7533640068,1426767.2975504377,1509316.2052597583,1603385.1474559102,1761152.0355871483,1540207.3018066986,1310956.5549784536
"Santaluz (BA)",292261.5700917058,182801.12449789303,140998.65582935268,142913.34753269595,176471.46524136318,219500.34356047568,234111.47541281075,227904.84803359013
"Santana (AP)",47059.263543138855,81272.47077861834,855552.7488787837,166312.36286532297,168805.95023248327,372536.6021454697,347493.7218407191,184064.1826322744
"Santana (BA)",478426.866493307,192023.75293337615,299396.1977409675,386934.48171755567,519477.6947199889,415962.88754328433,341743.7279188787,364150.9624330512
"Santana da Boa Vista (RS)",296086.49179403373,313574.6114383769,354059.1861072999,377101.6778674001,433631.1395795436,333604.0311501786,305257.41935373493,383731.41419833596
"Santana da Ponte Pensa (SP)",40196.55750836697,36161.57912607758,38867.656997534585,52663.36561033619,44919.7949205037,47126.34276395055,45403.39465749086,44413.02449768661
"Santana da Vargem (MG)",25782.84803485802,56799.84361422109,74770.25356986209,110574.90682753416,114073.13196768344,124813.95148124889,144529.40290707554,147410.2177712286
"Santana de Cataguases (MG)",32880.03710243941,28750.512830603573,22124.39058688935,30469.646939155544,34935.19475127227,35293.52242845565,29035.33897092874,29298.056129178403
"Santana de Mangueira (PB)",19007.78067576301,23585.10346167322,36198.70210643169,29723.847013821258,45791.74631056911,48671.20333535131,67683.93361920395,40451.32383948323
"Santana de Parnaíba (SP)",73130.58630252829,90204.68228869968,143958.12768060234,178745.2219551631,204791.14407725728,197654.8796214287,193330.99252736766,183346.4887569369
"Santana de Pirapama (MG)",377064.43957812706,157155.33811257646,96530.84242131448,109011.33438551144,105642.19734257935,105408.5615789965,107877.66569230294,158614.44537007838
"Santana do Acaraú (CE)",82320.79871024817,142186.4198185581,164335.7444001439,110464.83467815461,136102.59277587463,166240.59487239885,173272.77941830014,205105.9074029798
"Santana do Araguaia (PA)",8133015.90269348,8520157.966535684,5681839.195920357,5926529.039404159,5020781.553142253,6154592.941810311,5890628.369011816,3594382.1110889744
"Santana do Cariri (CE)",35274.28843966285,105416.64193004185,75187.91793643641,135340.91713403008,159130.36581211223,139246.95527879012,143305.3972878674,224097.62130131372
"Santana do Deserto (MG)",27765.62727323406,24085.798794259375,24781.357859465137,26148.7629165852,22453.186582946513,27609.83997478208,23109.398679304482,36074.39083126652
"Santana do Garambéu (MG)",47286.48032698578,19060.86054984379,25710.314485847084,29786.980698648375,31336.538537012126,39772.6177681877,28109.430068946203,51168.15465865563
"Santana do Ipanema (AL)",116044.13485324284,51644.00999411285,100806.52847165006,109129.97457626408,115032.4846149822,117634.12819894476,123525.07001028727,121100.55133084643
"Santana do Itararé (PR)",78884.13225243849,80246.37260486912,57995.943389940585,59690.70650673003,56802.28202895902,65113.13139664374,61958.22433703129,53308.24992271478
"Santana do Jacaré (MG)",18202.06054158048,19661.298877817782,22453.777252084434,22994.98190333953,25393.49216538842,24624.661943440213,24259.45338435911,39164.81740341977
"Sant'Ana do Livramento (RS)",1617350.5490221472,1889700.2904149801,1989676.7333754832,1842053.7990752943,2333655.837942362,2046543.5009526343,1826534.5292532058,1907410.723221937
"Santana do Manhuaçu (MG)",128189.86012387292,58313.84996007727,61184.564382467936,66190.80270185966,75450.6380216765,83504.0307343739,84499.07713302298,61015.41358227083
"Santana do Maranhão (MA)",4867.965804239225,18813.199760360636,55786.313973692915,142830.40317895293,137548.02304310052,305119.39494466985,396698.4466982639,351476.97205271595
"Santana do Matos (RN)",71637.01920793348,105236.09001039882,83747.15421148555,144050.93099437532,119916.1107278367,131664.85131942996,166056.43805551104,156478.44521964897
"Santana do Mundaú (AL)",80794.18485843865,65996.468988156,47600.29016332717,59898.197512682134,70982.21609685535,60039.45199236581,61689.187601695754,50837.40570841457
"Santana do Paraíso (MG)",221597.81461966844,250009.52721724694,85266.22240584416,74848.56127531684,147841.50506052023,229970.96052244492,144532.06491243473,238456.11103633296
"Santana do Piauí (PI)",521.1587338612234,9216.01357712799,10536.388902432265,7262.106052080449,7977.502709290605,10454.271531982038,13594.126258585387,17899.014752823452
"Santana do Riacho (MG)",114654.36749174772,49192.33289119481,26039.535180620616,22318.92598103246,34024.87634034707,28388.11363281733,29778.30328527928,28964.38292221367
"Santana do São Francisco (SE)",1504.9154684181574,5520.642990087289,8086.863142019518,9494.739701242828,10599.352514478625,10790.35828782774,9450.252437557918,8778.840673679171
"Santana do Seridó (RN)",11599.574072469835,14702.32112389501,16800.656519539436,23075.08807813575,18013.124832323734,17485.678302819917,18290.56524848733,17809.405793432325
"Santana dos Garrotes (PB)",22731.384715093132,39996.24928024718,58077.889780231024,53910.88970959131,58607.40130048105,62100.141382207665,67364.81262084989,47913.03574132573
"Santana dos Montes (MG)",66787.13424602455,87724.1675226081,27874.66956927531,30939.428338068443,33828.03257123508,37060.05330510966,29539.173953392565,27695.35155250077
"Santanópolis (BA)",83229.53156950153,26955.913822403956,47477.34762200197,30652.88432345069,62199.27071406529,38746.814974621804,38067.55491365667,35877.29333586141
"Santarém (PA)",2987037.0373193985,4074292.0387477204,1672140.2481863196,2706752.145063101,3563072.0095146643,5553641.102192365,4774149.159438958,4047709.131177998
"Santarém Novo (PA)",289340.49875309307,527839.0767122158,105339.52320955654,47571.4587338149,83389.80224739626,54034.047196859334,62277.73713767923,38840.07489351931
"Santiago (RS)",974133.1928621704,747600.7802627833,783268.2139250668,839081.3372438622,815184.1980967801,808542.6856771619,712926.5244287818,820584.2305668578
"Santiago do Sul (SC)",35927.37313757667,33348.42625327681,37605.249888911516,35017.1534174894,33968.74124665692,35322.14180284306,31945.91150854219,24293.50758187342
"Santo Afonso (MT)",313689.7625051723,777788.2974384159,389701.57507166325,560672.0932089026,528872.778176301,539569.9104932122,912279.2219566982,481764.567240833
"Santo Amaro (BA)",211217.42107821483,277058.58656953374,174517.25559617538,135056.65705653577,128827.92557780868,142924.5801356365,123111.81449570619,176959.45666107835
"Santo Amaro da Imperatriz (SC)",78633.2847951089,33742.958656616844,88746.91783701685,104126.03057286465,99109.86448703425,112769.34903899104,97076.45428339986,109417.97541322107
"Santo Amaro das Brotas (SE)",80686.51830360586,42847.169361077234,35978.6466434681,37775.91000068662,36208.366645577786,41450.203564571944,55324.83559394227,33947.95630556855
"Santo Amaro do Maranhão (MA)",3011.128550081051,23112.46173742615,31800.203147463766,57929.85455522243,21478.855005978196,19742.92048018913,27304.85636934471,24581.2023134528
"Santo Anastácio (SP)",224460.99419061674,167439.6251040217,235112.24698905792,222556.22142407202,221105.93242327793,225273.33928680688,208007.52126061503,214780.16982159804
"Santo André (PB)",4402.6674809923015,13880.828326289955,15024.866855327939,21036.669730468508,27087.480728791536,20781.877421964284,20552.13095942297,21162.64581840485
"Santo André (SP)",187192.27333788972,278086.3804139505,861981.7761909132,811554.4073606046,887737.3626017901,923602.3093809279,892597.4188729414,857273.0422926579
"Santo Ângelo (RS)",169607.3825050692,119352.72447600591,216794.98809301405,302768.600583946,302848.0930684925,308572.45623155305,291544.21076199913,276012.69273912674
"Santo Antônio (RN)",78978.73632231897,29031.281921447495,61341.736534116055,58386.137004281736,52011.1263202758,54173.556807860965,57001.52110899916,94562.62553601956
"Santo Antônio da Alegria (SP)",102360.31405187116,93459.95677464997,93056.51939696993,93510.1556891841,82849.56264928679,86883.9693976009,84180.69174264075,76066.85561142984
"Santo Antônio da Barra (GO)",58478.4111663779,109041.75498511111,120417.48675945378,126873.65870582276,120544.15233993303,113323.34577986048,124056.03023994758,115232.5773407224
"Santo Antônio da Patrulha (RS)",507476.84042917687,425624.4454999439,540815.0880889638,490240.70867558906,585447.4183575709,525048.0650051292,494304.85501391283,540287.9635612698
"Santo Antônio da Platina (PR)",201675.48518261808,235271.25856310266,270582.65465389634,463724.04344528826,447441.56602583564,449368.5801287469,433559.24354785803,401337.2883650794
"Santo Antônio das Missões (RS)",446661.0993741021,450289.61375804077,1009311.547201161,619816.0774907814,653558.7264025594,599356.8586936061,543519.4822461382,516965.00135110546
"Santo Antônio de Goiás (GO)",40754.29311637185,53854.090735784346,47080.40204200898,48976.58420384025,49900.47093429928,45303.10129643672,42584.74311596579,47426.548822270845
"Santo Antônio de Jesus (BA)",240236.62363975146,104042.56417134056,161778.30880808065,193809.48401941938,215924.81606081533,223235.38351992072,226734.17977497965,227888.53095491763
"Santo Antônio de Leverger (MT)",555881.6852892649,882563.9836866208,1039530.8746685105,1158860.7936235906,1182621.3113780264,1288095.5939948347,1310329.2474666713,1256723.0622460353
"Santo Antônio de Lisboa (PI)",40027.186326362724,36726.94538349829,27043.086623639672,17601.132461738784,22609.639421724045,33498.58203355213,26222.4461715429,25800.45891575024
"Santo Antônio de Pádua (RJ)",167699.21631540573,155952.29592020973,210983.29552384047,227224.0783429943,217450.2149281708,242961.31801253583,232394.5379327114,225989.87741455494
"Santo Antônio de Posse (SP)",32405.951755054935,29149.37717065088,67684.43337418094,100438.72686826694,103032.44462696987,109658.07003489355,111919.49031951145,102340.3485575731
"Santo Antônio do Amparo (MG)",108533.78058178161,92809.13764605919,93840.72505454584,91923.63217467355,90049.82723535244,96461.52827271793,102994.93000065078,91429.82327013531
"Santo Antônio do Aracanguá (SP)",78964.12931167863,347087.47517151514,279712.83451934933,383827.60694609233,319302.08534998854,324456.55788020976,352611.70960624923,266629.6194986849
"Santo Antônio do Aventureiro (MG)",44378.824573502745,48220.293263775915,39976.27497328072,46448.129981692946,45592.49232684402,43286.04121395576,42047.08059930778,41980.0648189924
"Santo Antônio do Caiuá (PR)",73158.00318982975,63971.42692666969,63810.805745929,67351.5517833595,67691.94928721573,52225.36086696716,69847.81708348596,56487.089769695354
"Santo Antônio do Descoberto (GO)",277046.5114882384,191418.0454502691,182483.73286839423,207772.01259655156,201536.73646937613,198529.21230040074,240259.4317044259,253554.41073347148
"Santo Antônio do Grama (MG)",45657.779912694925,32491.39659996419,27380.894641194227,26292.345913338784,33125.939801664485,35052.413866292176,33356.26467776141,37779.84042152991
"Santo Antônio do Içá (AM)",17765.559951940228,18222.21021242181,40877.66198615185,242790.87736198958,132790.8153998024,142250.7575843225,465544.7812977319,90476.94949862143
"Santo Antônio do Itambé (MG)",176786.11635611852,254141.53684453442,73886.9870137129,115738.09004399563,89222.54948670654,124198.6749070031,94900.2905357194,92721.2762027437
"Santo Antônio do Jacinto (MG)",215348.0015758287,158794.4379451049,139348.01694232263,120941.54329329068,110098.86346872567,91669.08371245049,83732.50147244144,81689.75320030983
"Santo Antônio do Jardim (SP)",21013.83096628762,36223.029848300226,35155.588501467704,40789.01235237155,38329.08287562338,40787.30710415631,35960.381751533874,28515.021326564056
"Santo Antônio do Leste (MT)",1612358.0261072298,678134.6899209117,328776.52007846517,409775.3746324055,497938.83116500557,443682.942713465,476312.9366746941,598039.6066610499
"Santo Antônio do Leverger (MT)",1105682.215865553,1825453.3052979542,584039.9335913863,734909.632081724,633105.4140416627,692911.2850906355,747879.8403837875,254544.4096358806
"Santo Antônio do Monte (MG)",302025.40819580207,335815.27923384396,226152.19545378163,272475.7287784458,296986.7510709687,308752.57050874946,296413.7575118222,280703.4710487507
"Santo Antônio do Palma (RS)",37916.08041779148,65073.71472219545,43335.252617041355,36560.10199029562,53701.44106230666,34358.59184886005,32325.687985889956,25741.470658939674
"Santo Antônio do Paraíso (PR)",53980.72245696865,31344.998434915397,27327.83031825453,21481.005647618975,22263.336321640458,20044.554116424908,22831.13576218815,17052.807180784108
"Santo Antônio do Pinhal (SP)",28210.257598517033,31056.230606994563,31583.962848132112,29229.40189648391,27421.03971262782,27454.62107168151,26328.41302058452,18629.9805322358
"Santo Antônio do Planalto (RS)",27483.501599718027,33157.06796006731,32108.83038185018,21775.856839936732,34936.00502300394,23474.960892314724,30222.64514953921,28362.61384769693
"Santo Antônio do Retiro (MG)",29535.722047490937,58305.93166585211,41329.25619128952,45384.360848032346,38443.583554066485,34881.53495051171,60529.199756586466,54255.79971682
"Santo Antônio do Rio Abaixo (MG)",116291.90132207562,65304.43888891879,42013.37624841978,44411.375260814646,29077.31157574195,40894.72365666314,35195.01130006625,35840.818767220655
"Santo Antônio do Sudoeste (PR)",147814.48343626267,103043.38214478389,116445.60902613233,114952.58872684505,112009.63567297999,116191.3586305032,108887.71912003875,100472.87444246346
"Santo Antônio do Tauá (PA)",363643.8968619262,578944.8843282965,237875.65829021978,153106.6176863116,261411.83470739008,97286.2983358166,147613.57293317988,122309.12081009672
"Santo Antônio dos Lopes (MA)",115759.1148336341,116216.04431380861,166443.9816117357,3154356.030069482,4829509.433481876,2271328.1698557436,2047276.019378617,4184152.267176241
"Santo Antônio dos Milagres (PI)",77.15358537113066,2205.9281930596035,1501.7456372818654,7994.993113873539,3784.34404202812,7934.281454710233,28047.992209073887,19340.95302422086
"Santo Augusto (RS)",121028.73787728306,70695.17457249068,105774.83019365092,113103.499458371,115571.44204944253,111814.62696914985,103088.84530464729,106695.58688746022
"Santo Cristo (RS)",109400.07057446796,104732.24191219098,156953.7626081467,220104.7517312545,210382.6416203777,234969.23330881674,230659.50415392488,217209.35834761662
"Santo Estêvão (BA)",150191.08846712153,94605.52695201166,240853.02538920866,223290.77072972068,244492.32578012443,210092.60993839917,233767.73156085677,243520.0354268623
"Santo Expedito (SP)",41078.93034845716,31301.0122780262,40676.71042512183,38784.87630058682,36844.21132943922,36849.18707586954,36303.24211699459,36080.77734003355
"Santo Expedito do Sul (RS)",14986.692624076471,26259.724553321423,54115.60940494077,38226.217681221606,44462.96752682144,47156.0425737411,42952.863754411985,30442.138218117223
"Santo Hipólito (MG)",106975.81423217311,66210.43058925391,77022.67619383936,58177.56956608047,55275.93787028985,60453.70393238167,62056.29687307156,118437.6308795854
"Santo Inácio (PR)",111354.27932097531,91007.0226145525,122520.45149926354,138881.51268360604,140430.45800333912,129951.58804334165,150433.10900511846,147154.63657602828
"Santo Inácio do Piauí (PI)",41003.54993319941,25840.72337857854,61273.345931175965,78721.69837876427,73368.90695192986,101963.97664016702,84621.52157219681,136360.11116164646
"Santópolis do Aguapeí (SP)",37740.22115683515,44796.3603731978,37914.57429149441,48300.25761158852,33809.44525650458,31770.357790638474,41510.3528409737,30736.79781648285
"Santos (SP)",149733.39143632507,233022.80125686098,625083.4912800409,627168.3347303104,708280.3919483406,847046.4686722448,736406.8937948521,702290.1310144453
"Santos Dumont (MG)",109347.1557369617,147362.9067937255,129180.32817873784,125771.7638909049,130757.15670185041,151939.63431423382,127186.10777629893,131048.30236753912
"São Benedito (CE)",43081.2049606518,57503.23804793977,76099.25904424518,99981.09529906143,106234.5642718783,110061.27099913574,113284.61610729432,140779.28790472142
"São Benedito do Rio Preto (MA)",23567.268852502224,20980.97518032463,40508.28548999987,304378.1664429404,385061.7545057715,503686.3459663902,439614.947797421,574661.5456962254
"São Benedito do Sul (PE)",82537.50835443498,27330.16289962129,39726.744079262986,47285.90758034822,57523.37018969685,63798.77840477083,45410.34915057929,48707.602584495566
"São Bentinho (PB)",23293.270038907693,11859.2741178215,21166.5817586242,25118.090979082703,31080.600301953527,43866.749469841096,31720.20873231455,30570.828553314477
"São Bento (MA)",87440.5541290475,281018.1911760461,193870.52316942764,115599.18350793706,161811.8484063259,262800.2591956623,351410.36298591114,217442.19558668925
"São Bento (PB)",21029.818475061158,25602.11079616441,61354.07378749618,64336.1073828934,84290.4406288248,75308.18484993439,77982.01205099995,74148.52962365784
"São Bento Abade (MG)",20112.659159930106,10631.896354766099,21796.242341711804,15797.381632893972,17668.484495455243,22613.551519278,13715.801353774086,12479.485514023501
"São Bento do Norte (RN)",26506.03388003535,27088.031705883415,11115.482087028884,21537.587736091074,15430.487962510502,21487.403455160456,38532.777518834984,56031.140348655914
"São Bento do Sapucaí (SP)",50834.73137190807,66754.70068285282,84460.00666965348,92381.56032012997,83717.79556998757,90491.81579366373,82702.05053311429,70612.70390717611
"São Bento do Sul (SC)",202876.35695830343,156492.58073302175,240408.8677579003,258143.83177949922,207786.41603607,268323.182235036,228073.58529557032,217285.67618087516
"São Bento do Tocantins (TO)",335534.25110128213,705043.9250630989,302377.95935994847,469665.5135859028,324251.65330626466,275702.8909715402,371381.14703471697,436788.97945352853
"São Bento do Trairí (RN)",15682.271715362911,20667.34511744115,16109.282930518313,30192.622761719824,27050.96728208422,26224.226210542147,36025.526107928934,64183.17693582277
"São Bento do Una (PE)",117151.45523425512,89312.67932775685,272084.0259901143,337963.8102703895,418360.78879099526,418360.402589531,427984.45009856246,448265.5204505999
"São Bernardino (SC)",108470.54400790085,80455.52539721389,73382.77906586858,66494.55411973948,77813.45849863518,70661.6272001421,59500.17567988493,54026.56714522206
"São Bernardo (MA)",93718.42681563049,104853.29272292105,126979.17259392272,225933.7871677179,208054.73924428498,183614.0540891506,300455.8485257114,486976.0252670434
"São Bernardo do Campo (SP)",217552.3493919179,315622.3378594741,1241560.418048699,1076871.0722812847,1184938.9073850373,1282151.5243458042,1302398.657693908,1282520.9872179597
"São Bonifácio (SC)",131736.02165460482,91709.75587028137,128463.11749418851,102017.05701588931,62638.94377361326,77824.34771402519,62887.9313476808,43992.930108800545
"São Borja (RS)",1530687.359031675,1123115.289353538,1234611.2410708228,1462817.7419336606,1511925.8187676389,1368148.2727853358,1167944.098154692,1133030.5116385831
"São Brás (AL)",44803.31028542733,32466.46254733496,39348.00374242582,37191.12530865335,34399.80037777829,40390.643244831546,39846.85039786469,33975.672162638824
"São Brás do Suaçuí (MG)",36618.261106355014,16752.811751582667,292494.52830123407,129622.1418798925,149797.53826509204,156226.89669374528,176266.32056301073,164723.83123073957
"São Braz do Piauí (PI)",12692.804896918236,21466.887243807134,15918.81597158274,16428.097049096552,20923.65726869937,25805.949217854446,21542.8729933339,82277.24939123983
"São Caetano de Odivelas (PA)",235171.54584744936,503350.3526094656,143305.1790572207,97222.55419007885,126518.67541555261,142628.85127511786,262974.2779042158,88827.28797696352
"São Caetano do Sul (SP)",31280.66788152916,46528.64991895565,243947.29445673624,189298.4761952362,213648.4330847577,221088.80956662327,230843.63262831626,231409.29243046461
"São Caitano (PE)",84507.32905733217,39134.20886777394,108104.65311634465,129899.73960244015,152788.38980910528,157308.36510892233,157469.45201314034,161300.54203144755
"São Carlos (SC)",115397.48669097995,57472.169773031506,104226.7387949832,155002.23160393393,148779.60936814747,167574.6180238289,157880.2737417886,149067.01016760303
"São Carlos (SP)",366617.98952403525,367741.4261844463,623322.3980581323,612793.9629663061,667039.1633101061,795945.7617599859,713160.2927264065,692463.7008646037
"São Carlos do Ivaí (PR)",55302.339178381764,63270.96932872693,75758.843162474,65161.47937347473,72332.79286113153,67044.39604074552,72343.86220352846,75465.5181883306
"São Cristóvão (SE)",99748.92909576689,95885.59131019401,113805.89602281254,131110.5123819613,171168.25815765388,154450.64774372283,165541.11387770428,168741.72448508604
"São Cristóvão do Sul (SC)",104653.47532240505,152388.65023680218,90788.11993468164,121810.22805441238,123999.32118084807,113711.97142034349,101278.00957542179,95192.91041154026
"São Desidério (BA)",2785156.156725987,2409250.835719389,2092319.9519465726,5745422.785140807,4606026.114518108,7852430.415162498,8341336.927710977,4511756.488425842
"São Domingos (BA)",96679.95795822427,47792.33303403606,23093.022287388216,31348.659715887377,34445.28457519944,34505.82897645616,37513.638112416775,45121.60470595439
"São Domingos (GO)",856129.1283280834,728166.0010983184,497313.3497233127,525015.5900277518,529399.8399221061,550090.7179635017,717788.4822936796,767670.8021383128
"São Domingos (PB)",5953.927490435591,13831.869134463008,19806.449024859747,32669.61745458685,38059.91666026,36640.74924773404,35476.29816105762,28577.87973593888
"São Domingos (SC)",188013.32675570008,94871.04772968953,101586.4458187928,106624.76354111778,107433.732025636,114927.58095998695,103744.49001498573,84203.42434548061
"São Domingos (SE)",23144.83383606888,14318.492652374243,21905.518964297316,25389.990082681124,26888.047612051287,40023.86114680491,30741.045186679417,30136.772390544345
"São Domingos das Dores (MG)",13434.454915677008,7079.597388417102,11367.017430128326,9417.338499282678,11856.28902159748,12572.52996218909,16545.34273727752,9752.986767695651
"São Domingos do Araguaia (PA)",1643419.4759488166,4031008.1778359977,673195.6053825986,826277.246463723,875786.1336194433,797093.8801349846,1010663.2493601398,523336.0574772185
"São Domingos do Azeitão (MA)",152697.84835230414,161604.84370286297,221585.85101700728,373771.07711094175,321701.5232242654,232020.8824116808,254917.92759098607,208609.63292039116
"São Domingos do Capim (PA)",1165841.3553644498,1935181.1878582211,1487549.0749470848,394570.53172610694,652880.3324320334,642999.5858830257,855888.2690013233,342180.0547608982
"São Domingos do Cariri (PB)",1863.9376077859656,19398.03898332314,15112.76045911074,27149.81021216655,19506.58512859431,16803.92768028972,14388.37616845623,10937.04438318042
"São Domingos do Maranhão (MA)",187721.84866910675,427245.06885948987,691620.1852861665,876309.3159961042,749690.2867679812,864931.5434881415,832344.2629826006,756113.8076855259
"São Domingos do Norte (ES)",30239.14539838034,41427.41873913219,62791.47155036733,51494.32301939303,56623.38161881698,59836.00461646447,53682.53293552951,47720.85401553047
"São Domingos do Prata (MG)",593287.5656229814,182392.1093791166,148002.18995919457,121647.00593602941,130733.30339435248,150801.25043052208,136104.9439310757,141343.05345014398
"São Domingos do Sul (RS)",51822.443015296594,39261.216855391,45269.22404793759,45651.80429982376,50612.839162314536,40113.64709626768,30812.576850520585,25649.02286021882
"São Felipe (BA)",123488.47985705553,73154.50049243642,70804.3079423437,79016.13157713457,80556.46506804098,76364.29595845558,73827.68842798192,57591.32303360007
"São Felipe D'Oeste (RO)",563850.4587348704,561941.8651685321,218525.8292158551,316269.4368127192,294574.1974771124,381519.37370585324,651161.3857104287,297217.3961569684
"São Félix (BA)",60948.48989290094,22946.805256603664,30496.835703979574,33694.48154549857,28870.101198203476,41734.335228302756,40252.35230676405,29251.20529083035
"São Félix de Balsas (MA)",88715.04298462729,86545.56918697774,97635.6354307173,1464881.571200934,913658.1147973845,564974.6551824819,942313.7653932109,1393395.2827497348
"São Félix de Minas (MG)",53466.48323515409,47689.31517622529,33950.990823863205,30124.38267876763,30485.270837940363,39727.09413555409,41536.0704497976,38100.68091892896
"São Félix do Araguaia (MT)",7465876.450258407,2769673.517834132,2250321.519300037,3724326.1713426043,3787495.771761006,6181204.73651979,7129248.390925121,2280008.117417032
"São Félix do Coribe (BA)",201823.8352104458,159186.7868983714,245479.79855255823,254884.53852467437,317946.744356065,484852.89550826873,430620.81253562664,327447.8956992654
"São Félix do Piauí (PI)",44129.30989930114,45388.4395083184,53442.81957355556,47567.59478159104,47105.84767277346,43109.398638011655,66419.44333172965,83237.80736512618
"São Félix do Tocantins (TO)",1340.8723558812626,19848.125301921133,21176.286108449855,85298.84979101826,20140.309914662255,15355.587103501084,190262.2641538153,31774.7132200034
"São Félix do Xingu (PA)",6154687.758830176,31090743.246192772,32348671.8538258,51244379.195232436,53156405.95843054,46301904.45039199,34349469.41233739,24799241.48839638
"São Fernando (RN)",111224.75700223875,43458.92130745872,37344.88606550663,61455.645005217404,56768.863624234786,56113.5883305992,73696.22076569148,86730.4384932986
"São Fidélis (RJ)",542762.1194143208,264727.04419928236,264492.7085799729,269158.317556893,261149.05698656142,301693.08113100426,335661.96872025705,302019.97112840705
"São Francisco (MG)",747224.2035267417,811889.110743393,492342.96002175304,574729.9307711173,799091.8500066225,605577.0887613175,688699.9303738287,837304.786717505
"São Francisco (PB)",1054.5758401925834,9173.328555607548,10257.049623813728,20247.521030029948,20558.769415309966,22902.237561004087,25081.48091904251,19218.15574640694
"São Francisco (SE)",25521.063201948662,9435.886698680231,15305.953555214553,14971.81853856477,16554.848139843085,21788.007223017343,25901.109695814106,21522.377082385392
"São Francisco (SP)",43150.66470127059,24601.664148200278,22517.097219238552,31728.520713539056,33044.96369504383,33623.46498695374,32680.061020585446,32053.797177641394
"São Francisco de Assis (RS)",1149961.3176043665,714094.881461543,819471.6239702351,863925.9873738261,912665.3086830716,831036.1227745803,581244.6865991212,574819.0619178237
"São Francisco de Assis do Piauí (PI)",10603.05219818909,83182.7040546403,93439.36366505674,43341.08917377184,44033.34537743237,65925.54058647255,82194.68572225951,67502.98089734607
"São Francisco de Goiás (GO)",207179.3882596336,144242.8949418121,114226.58949768073,129402.09517707309,137027.74585261327,125908.22475547805,125341.95342678274,142284.1121567689
"São Francisco de Itabapoana (RJ)",195308.92098234472,318610.5340942552,376058.23406086274,285485.1835164622,258176.15657215938,271670.2559599848,300620.2480413365,287904.64876560686
"São Francisco de Paula (MG)",118712.87714363982,58632.67344047907,58603.695669359244,67004.68331064275,63393.57702649075,58748.22526847846,56807.8349109271,79399.85614435356
"São Francisco de Paula (RS)",577368.5300950693,693186.97369214,813725.3395153643,536649.9984292382,585107.943235367,502107.53453462035,483594.7244371965,724079.3762007626
"São Francisco de Sales (MG)",393022.7847992169,285808.5855327469,314272.82974712393,271472.7278086735,283239.4947218291,259931.66417667436,288605.64041743503,318045.3374241452
"São Francisco do Brejão (MA)",936017.7901804862,633136.4138675593,707964.1043962378,385131.3271030733,279994.3621620039,458031.7824011181,406060.56850208924,335563.0699848039
"São Francisco do Conde (BA)",62763.46515822762,1948183.1599924178,3005525.12620829,3407945.429368433,2856085.1126119993,3745859.28755556,3158288.602359316,2755709.879440011
"São Francisco do Glória (MG)",43675.63293418339,24921.12575270013,32293.773655993642,40069.14366226288,41241.5025870732,44328.78894888909,36664.105902383,32205.434563672326
"São Francisco do Guaporé (RO)",352743.07389670005,5204221.6223409055,2943995.8199280994,3370623.1668209922,3423730.1029601363,3193878.7367250514,3898713.7658955003,1606192.0787959876
"São Francisco do Maranhão (MA)",48311.031623708834,112661.79726172808,83337.53662001302,240252.39961154558,128230.85061432172,521628.42643511895,657440.0813859373,518096.84203392395
"São Francisco do Oeste (RN)",5098.767923796749,8193.752722507068,16701.912820283098,16975.438000996415,17038.046019080055,18729.164170740583,23422.643299027375,18273.147117881665
"São Francisco do Pará (PA)",713228.2919742517,970313.8835082096,324848.77085883,176591.97412134625,234587.6979682999,158890.6435923802,234779.05492581413,199102.2035175849
"São Francisco do Piauí (PI)",54334.595606502095,83135.14791684752,38385.374472636526,59435.9357234969,54727.25167093152,56652.02576286827,92148.9374960417,108168.17372684296
"São Francisco do Sul (SC)",207030.78721424143,122374.90708508459,117021.17799087329,108282.51211331812,127593.39715897891,169062.32216479818,111597.47709028178,100070.10211148622
"São Gabriel (BA)",114681.70762381676,45581.978518714284,74995.7157445142,49271.08882766692,60873.75226634827,78459.96437706663,88096.0806379749,90025.8382246613
"São Gabriel (RS)",2113060.9441923276,2339847.1029190468,1913413.228242088,1320163.605296711,1821023.2719384495,1625612.5415242666,1422551.182485524,1559409.3567757604
"São Gabriel da Cachoeira (AM)",15812.472692905994,19606.06986734784,49502.15756123734,552583.9974418937,288633.426810824,288115.00747591554,943479.7505029443,202596.85842438773
"São Gabriel da Palha (ES)",97820.02737678157,56784.122485040185,107323.59650304606,119488.13548643046,116051.433452556,117946.92253980972,131581.91828091018,99518.17912549966
"São Gabriel do Oeste (MS)",1594320.3705190823,986059.4594330352,866425.808884257,1043515.1964843111,1145215.4730127973,891408.3808666081,1021506.927610656,1022163.3927089882
"São Geraldo (MG)",33346.76436607577,29548.30008561016,29713.578956498768,33498.51420667112,33835.39910337438,36505.00434298149,37927.423436740246,40983.52455777439
"São Geraldo da Piedade (MG)",142277.46533619973,125474.74942928717,48265.64278043858,36038.12240693778,41184.112757297225,50287.60686975757,33976.518461743544,35929.24947537402
"São Geraldo do Araguaia (PA)",8154407.013342537,7190791.703736559,1120383.180040856,1015091.6223520575,1201052.5608304918,1401701.371365162,1562353.71114236,964927.0391737651
"São Geraldo do Baixio (MG)",18205.107666366264,46687.45316719203,60641.624149272866,40643.754054027304,47397.59739462793,51157.71618165867,45819.68028122958,107720.17519774998
"São Gonçalo (RJ)",285383.14359371905,434454.66945871187,1098102.4777385169,1086616.736390037,1110739.5263877166,1183577.9009898645,1165347.1895118637,1228826.850938087
"São Gonçalo do Abaeté (MG)",541772.0004882886,486647.0989928429,325685.9230775525,317638.8080233774,377514.44306134654,347536.2892918404,340802.57292499783,390460.02559352265
"São Gonçalo do Amarante (CE)",69865.11602908264,124957.81917284885,202863.48367595347,2112303.362016091,4506465.085698934,246512.43678196744,394463.70490000176,1332732.5449157637
"São Gonçalo do Amarante (RN)",77783.19706766329,44463.49725763939,132920.79005073223,145101.53473774696,140673.4269973187,142356.5680791161,144317.7167950508,157918.95139552446
"São Gonçalo do Gurguéia (PI)",44391.37911768451,63166.076333805584,38765.32141938888,158581.5599565232,115642.62335102471,135039.8131206134,198352.7213671852,303204.2872636051
"São Gonçalo do Pará (MG)",78354.05649894786,84306.66527295006,54596.86850163651,61435.95917338917,63075.23202554429,64662.16443725819,67129.86666947932,62283.09111892627
"São Gonçalo do Piauí (PI)",7725.263621053966,23061.0991819618,13770.753556024927,107842.53552087843,72373.12173271223,60533.81823476494,79249.14575137588,77682.51765523438
"São Gonçalo do Rio Abaixo (MG)",201394.7728185272,133828.79135499836,160070.7486799292,185635.15344384647,209608.03045728558,165431.59023389773,168417.23904045517,261975.43943242577
"São Gonçalo do Rio Preto (MG)",13363.441397421355,21523.18866963076,26990.55409572758,15277.65570759734,11059.897281521278,12446.04242459956,16365.07802333905,17711.954080201678
"São Gonçalo do Sapucaí (MG)",189634.91128251693,172537.33289148455,298172.9619869589,217905.11912239046,238511.44935820156,260987.64048179382,257302.14870785773,280981.72410544177
"São Gonçalo dos Campos (BA)",114500.3532395541,69678.98129882738,106899.01865037181,99258.41393868119,121127.2556250471,117620.31214386046,110338.86220606248,119856.13480885583
"São Gotardo (MG)",202847.94413492287,232019.32975179842,227083.6942986172,261758.34325285305,282060.4651670457,295503.4923625194,306682.3607297337,295864.31052056886
"São Jerônimo (RS)",356191.06210736895,281673.52169467113,376173.8568200378,215873.6206731199,408470.7914585117,210271.77938363573,240451.6685327444,283542.4473167165
"São Jerônimo da Serra (PR)",315383.9029716198,179848.83193612317,193825.49449661834,151253.3319823587,144053.29007478635,137705.94149516863,144670.96583620782,118221.82281782215
"São João (PE)",70320.61023438114,43918.93654531357,72322.16056129924,84018.5048760464,106980.81776771843,78172.1419594513,91267.60859803339,91512.60397916407
"São João (PR)",174011.38304038017,88919.64676156189,107663.29306593064,132438.1400977037,141334.1754354838,142753.0272327518,144528.89044977492,132470.3395957149
"São João Batista (MA)",141374.09995942487,422037.5507331274,173636.76228899747,128730.45633234803,215169.93627828915,651073.5722997143,262220.76639226364,110351.3029819924
"São João Batista (SC)",62336.58408192716,46329.26076319098,127416.3938997741,90397.63413481855,95697.94408952896,95211.5232750825,99196.8656162097,76397.91925368695
"São João Batista do Glória (MG)",138558.91955824607,89252.79860421024,113950.08290977,98564.66615111762,96721.70429098811,96746.42592684388,94372.81860181237,104513.13780356474
"São João da Baliza (RR)",413585.47744633746,1177474.4276784512,404832.7637850675,1046271.3139888311,1846667.3306596675,1048573.013089875,830407.0013946488,882484.9895620574
"São João da Barra (RJ)",255049.44424096646,75711.33227329639,115018.55303083164,171624.42525344947,1151254.9874488655,176840.63885604218,272599.7663088765,1035070.2976376021
"São João da Boa Vista (SP)",150311.44557095243,175956.35677993824,429783.5272909208,494799.2853910823,417208.10151596775,512316.1408570665,488855.25623949495,415388.69621944614
"São João da Canabrava (PI)",23076.273051338816,20805.583165001906,14744.863656763911,12795.25199880286,13334.447638783133,15415.461674323804,26627.395874871458,21561.82651746693
"São João da Fronteira (PI)",9318.853834183128,42402.106428412095,34209.48607663407,44830.66201900321,125092.54737829237,46919.70718602169,57973.85502696508,89841.2848111662
"São João da Lagoa (MG)",150739.6328760586,225024.65178437805,169955.29583024172,202561.22710424458,207285.25934947256,151821.797262442,179259.67764221138,175559.9773738403
"São João da Mata (MG)",48028.332520320684,41191.54912302095,33635.445412842244,25759.716841119935,33532.75186885235,29831.101859302624,28361.6277384036,26219.165380552735
"São João da Paraúna (GO)",74114.9124870153,75000.15141542008,76492.491130951,125828.807998182,80201.87349403619,76816.07719510185,78384.2471742355,77121.15977810217
"São João da Ponta (PA)",40956.271821219874,215664.23014759392,251817.06813942248,69944.36512491587,81488.98291827545,76075.1859313192,121103.97476844989,49666.966826854834
"São João da Ponte (MG)",284214.319793115,390405.6245776346,340850.4768116217,300997.687152729,445504.6970847692,704055.6227204239,528825.7717737105,382393.34622736
"São João da Serra (PI)",80234.37560796889,60291.173319053174,87984.09475815193,96802.29757271108,77819.27488845098,82989.43667569537,87282.48043134745,107558.22462566459
"São João da Urtiga (RS)",67922.33612871078,55342.384530301744,93934.2602338756,60132.45063801335,71480.67710745064,64266.26633916181,63918.02134972827,51898.224315213345
"São João da Varjota (PI)",979.8177697520623,16218.367299547162,17119.300108383184,12338.900761584973,11550.611622386114,13183.278077949888,13125.689184328008,30805.733567589537
"São João d'Aliança (GO)",689987.2357084486,936822.6836564337,482500.46045310533,628825.2474847084,687376.3226993905,523506.8682013933,732350.8873952006,517680.13077186415
"São João das Duas Pontes (SP)",31660.715316030986,34816.861235288794,25423.206350083055,35667.56333432622,35704.76170961415,33979.20557768082,33262.974390776755,31064.00490173291
"São João das Missões (MG)",24547.536044004824,90670.61979270724,72923.27857117508,64828.68239758109,69498.76067809359,70487.88491543877,63985.33430616971,66716.61470161885
"São João de Iracema (SP)",13108.144829099161,40706.05772842125,46412.99144878401,35749.035090804144,38827.09398208904,33639.20910280052,33610.780837035636,30038.42093251169
"São João de Meriti (RJ)",122578.30170251768,207604.17765674222,505109.6002257618,486777.0828221685,477431.49803959246,498297.55162552436,514274.78028714075,531201.8747041874
"São João de Pirabas (PA)",196789.7669286226,596470.4485373263,228620.80442557452,115772.16156141658,170869.25425457794,136391.54743519655,222491.143971127,69369.18971949899
"São João del Rei (MG)",300792.0644320428,241874.2084023484,334132.1994338519,374873.54645834654,388146.9698148805,435795.8617108598,389639.7945055406,397882.5463750804
"São João do Araguaia (PA)",988793.9834487885,2648616.2934100907,858599.2723893932,1310773.6054465245,1219338.734817384,915921.7401317674,1463595.25673048,520608.0855776967
"São João do Arraial (PI)",1261.6162721721514,12812.828938750501,15339.665443340957,40617.47485473273,21285.90127197754,21527.24158204725,54611.566230117656,27215.536189025308
"São João do Caiuá (PR)",117955.85170052026,99628.56708555245,96990.48630139205,91307.75085237106,94390.97173112354,92532.65073196293,103272.05861791749,90784.99671883014
"São João do Cariri (PB)",48759.09958354163,26644.199369707105,33378.6768237608,60116.75397759141,62138.89013495334,46324.981463824515,47633.25343900073,44470.87456554681
"São João do Carú (MA)",7001471.733358098,1425759.4995165777,366105.97779882816,541542.7353545998,498436.80998006207,398930.4170968229,843323.6772630597,140623.05963856357
"São João do Itaperiú (SC)",92778.50420584307,116222.39073332433,59779.49761282953,77579.74270207497,70562.1584215169,130381.19402297495,120782.73188876426,68237.67565158375
"São João do Ivaí (PR)",69356.64214102269,69747.1451157376,76913.50117063083,76041.84638653275,78495.53804608565,71341.30501514804,78358.66744013285,74856.90183415308
"São João do Jaguaribe (CE)",29645.760465414834,41698.7678555978,40226.710628342495,31418.188542092,28962.737865386127,29185.376858912216,27732.113627264207,32844.73254554739
"São João do Manhuaçu (MG)",15646.371019972345,41260.32173048098,53512.52846087005,56958.89029886313,50130.195122658435,50524.56322924468,55585.72718773914,58132.9621230945
"São João do Manteninha (MG)",4891.328204643002,38608.49488586656,50503.767509329926,31035.3241847195,32430.9050485028,34940.10381762588,34081.024179138396,32101.305660289716
"São João do Oeste (SC)",84326.5577096119,69943.51328080236,115603.37527560734,135106.07322780968,155352.75537208765,142020.91225528772,132998.27262423933,113781.04871411691
"São João do Oriente (MG)",38607.70502486599,21790.364196954793,34634.081358650124,40598.56578760046,41077.05640132458,39197.385050831144,38393.81225105705,49220.456792110286
"São João do Pacuí (MG)",106222.3832068008,132582.63852782655,79384.08654711785,79475.83213072244,83277.87033431284,96281.77293036658,110251.58253130082,128648.46174887917
"São João do Paraíso (MA)",345582.3852943326,461873.1327856062,512463.55297831865,1083920.0027142747,1046097.4574802571,1096372.4042211086,1385982.9907092263,917675.4089962163
"São João do Paraíso (MG)",779534.6614961028,621229.5756576273,337440.55022105895,298701.07537405746,347710.7618688711,318336.94243834313,279982.5369845012,459868.31624088914
"São João do Pau d'Alho (SP)",23038.43268200717,28326.226891866914,31031.55338710166,28161.087281241173,26087.490241574636,21136.661008947274,22155.13408545945,16350.849695892855
"São João do Piauí (PI)",261197.40456237778,92980.93406093342,72106.44307919824,105148.8939860071,165575.09205158494,114931.9752384061,128750.83441810629,208414.9285609597
"São João do Polêsine (RS)",11077.192948360056,41086.6386108858,45365.937724994365,44842.572124651764,52030.78778766953,45387.301470468374,39230.78179030401,100990.66762268136
"São João do Rio do Peixe (PB)",47521.733187564256,67110.73743105931,100000.14055251013,93860.8219399173,97669.13065560718,112309.88020356091,114559.5467799058,90217.4767180939
"São João do Sabugi (RN)",25098.91518161168,27358.373669338747,43577.35366354912,44176.28419108524,48753.230053474865,51346.889111060606,69774.82624849593,52452.2637232898
"São João do Soter (MA)",37596.63802923938,112357.66956104849,77342.93435745993,1766144.0269439665,1099120.8629904692,658283.8680708316,1510136.9748578472,1028148.265730844
"São João do Sul (SC)",72460.34096895068,52831.92764425491,60739.85100959948,110819.82358460508,106870.34701178636,111845.2046612572,111102.7717117924,97412.32370097951
"São João do Tigre (PB)",39127.01393117555,61951.146374591925,43861.51371221199,43815.411110004185,34358.90585183549,33910.32820903893,44248.346213782606,57869.09600128111
"São João do Triunfo (PR)",189953.30199383112,190180.2422378136,156349.5982617041,124525.5901876576,133336.08587737355,154724.8772024031,113537.61480700722,47793.394561229215
"São João dos Patos (MA)",58196.082813044806,118836.80353514515,108196.84296133817,661409.7039434848,436296.33204086265,328424.9281491277,528374.2841128056,517563.3474346042
"São João Evangelista (MG)",299736.3256362847,226355.04664289497,122837.87178040756,124373.01384212385,128456.16787404631,178333.1552875833,132965.26428685448,165703.501528444
"São João Nepomuceno (MG)",61656.72520683179,66413.73893413134,72390.96088944144,111414.43383537262,98718.94931971189,99240.72520796728,96874.5219538226,96463.97753862504
"São Joaquim (SC)",204581.55148522908,186543.1828169852,270118.10671745375,328213.1139705925,286727.97320666537,514311.8412664212,258032.46740093402,228482.52045817068
"São Joaquim da Barra (SP)",118242.89443990464,100041.8078130912,190177.85384492672,173398.12768096942,172714.4535965277,172395.83762793976,171269.39983484964,179328.947452916
"São Joaquim de Bicas (MG)",36612.137169095375,22362.705433080624,91927.70529775917,66644.09318018466,66494.53684403184,70829.71918759725,75790.17419372548,103966.2616624584
"São Joaquim do Monte (PE)",69202.87455651927,79381.29646886267,58031.962604846514,48545.24672954272,59895.27515451677,62842.6272113609,63418.86978013474,57833.6111031482
"São Jorge (RS)",88293.2111431677,73901.79439576462,60587.2006765881,47245.216669673246,60000.69446460142,56490.25893307081,48077.54613041686,40969.602502808804
"São Jorge do Ivaí (PR)",40861.35030317526,35654.669711310606,50389.592051312626,62486.717354030334,55382.79164260161,43634.00406116188,68774.10997256254,58791.31744489798
"São Jorge do Patrocínio (PR)",58852.15050333767,103510.57299280836,70707.54308981514,81907.7678316564,92779.02729510076,98909.24557736963,102362.79777319559,99009.37212379141
"São Jorge d'Oeste (PR)",207866.4025236079,148070.9049068823,141840.3789499135,152325.70663921794,158972.65707255562,143980.24576988842,130990.88566962439,120413.3720087768
"São José (SC)",84966.41757894093,65200.78514424501,280520.497221511,327079.00790871854,348548.9961797893,365398.55262937816,381002.0152329933,369029.86023243767
"São José da Barra (MG)",25999.47009724168,73786.81711381738,70239.59371223573,64617.15891795538,55037.024589711145,56995.850997493915,58096.75355337958,62736.73170578492
"São José da Bela Vista (SP)",109672.8447253583,59561.129562149996,89755.87892101958,90453.64154096978,89254.48249836793,105520.46376754456,90260.8607471607,86367.68516949008
"São José da Boa Vista (PR)",70554.71186847468,100835.09417442764,90257.93161847192,80458.11949406403,73383.10485901461,78558.35647852153,79236.53386293887,62558.7784650602
"São José da Coroa Grande (PE)",13847.309218128705,19730.36097042191,25593.688041685586,30634.404199313267,29427.742693729495,31443.389273062483,32491.84616948283,28107.31627506402
"São José da Lagoa Tapada (PB)",15987.584834214762,27677.674042364302,53107.779313880346,63085.85359701793,62290.89675732945,81190.53234884358,85867.05156439584,53392.31490846965
"São José da Laje (AL)",74782.15909616013,42674.60018856032,53719.670974739936,76348.29459639716,86169.15921858345,72369.95371157484,90717.53586929686,75162.4750253947
"São José da Lapa (MG)",11672.35899718145,29132.980753716263,610513.8083298589,348559.69660332263,162877.41037466595,209898.882779905,35468.2243644845,38578.90208435069
"São José da Safira (MG)",109449.62471234889,70498.35852386741,26347.07977872835,36145.797528456555,27176.092550181886,42217.36739959264,35550.692696154525,71939.23748303294
"São José da Tapera (AL)",55664.727696543,49066.04018213086,74189.81996161424,81679.73891681375,83629.70665507458,87882.24748097359,93902.2330008116,100437.86777018181
"São José da Varginha (MG)",86858.95885683785,101664.1394687098,69038.93352645621,90526.02271323105,91657.19599991673,98694.96951108781,99602.8638927213,95347.929194756
"São José da Vitória (BA)",22050.502016196046,21551.262513162234,21583.366328587508,49720.39317352787,58528.985647204994,48791.74409516089,57613.567703301356,91149.75426305726
"São José das Missões (RS)",13794.474633243904,22487.482933791944,21322.62260697279,26796.687576567303,22898.27494217722,25746.32696149005,23524.262510380122,20470.260375029215
"São José das Palmeiras (PR)",42764.317639432025,61277.22030663979,64803.40878244174,73892.31662195471,65858.19353241309,76687.77913758902,77527.90260734227,69171.21262421255
"São José de Caiana (PB)",10980.882680817404,28881.361024017413,33061.40223039901,27683.125448899016,31463.619003891305,30767.179876049868,41360.23938843886,31327.46500267378
"São José de Espinharas (PB)",52629.45192666521,68582.37651160362,79254.78449623275,116799.52544401724,124482.12553804435,103879.98890505692,151808.0367194987,84159.57158644804
"São José de Mipibu (RN)",72477.44100001904,65107.86344208301,115700.32481490495,91303.8915731974,101655.15390233143,113860.0760711788,149025.26117610766,136896.64209889178
"São José de Piranhas (PB)",44218.385903943556,71574.07783340044,126782.89459643241,124786.25930031869,146671.7373977354,166416.82914463113,173774.94308002954,122147.56102364315
"São José de Princesa (PB)",2375.190381652802,13664.276287038876,17470.466552236623,27770.89857174764,28251.26296158717,42788.53458614101,45422.606394125716,32608.590242799954
"São José de Ribamar (MA)",149468.49227432293,166634.74234269751,186006.33934529618,245614.220973777,245473.15754878885,271868.0539973182,254930.17120497185,403829.84940364014
"São José de Ubá (RJ)",18919.52777713939,66794.54475007686,70060.80447145815,83524.19954449778,79704.7971746737,100363.91513267164,96209.43791765992,112661.80019650691
"São José do Alegre (MG)",20211.07262775293,20061.728297920796,30417.42401761321,22154.325593332047,25150.781057900324,27079.44337795377,26677.642649108253,24492.31788261135
"São José do Barreiro (SP)",248100.44296967756,64337.47046442609,58423.73271546516,55958.02189845357,53380.90213632285,56840.918559213445,64275.72170038464,43457.64880081189
"São José do Belmonte (PE)",124136.50702088459,114287.74207721838,140004.50408450761,132291.05029057548,190473.00346803028,328512.12729400175,239921.18508998814,184440.66458893844
"São José do Bonfim (PB)",11949.069196270499,19689.469792884644,9550.82423104077,14498.062281302367,14886.868334931321,16078.230721838125,20909.694619575916,18712.481754492295
"São José do Brejo do Cruz (PB)",9671.87652025703,16165.801113594645,26072.01314695952,28351.97934331842,30350.011158807083,27062.56471107855,47222.13687267574,43296.51726966455
"São José do Calçado (ES)",69008.48040502345,66391.65472169984,84492.82262388206,76733.64918210242,81298.68684362523,84050.84515085848,70124.01538739164,64009.07286353291
"São José do Campestre (RN)",75649.51775533584,44564.377563860086,33139.97147822422,37107.27929047351,51383.2519429413,45350.07189532408,53047.45749514509,56965.87555999911
"São José do Cedro (SC)",257321.1276330275,105376.8262145863,171587.30446643842,160431.6996764632,164664.82864341274,161392.63455947183,157398.31193889078,142974.48900571035
"São José do Cerrito (SC)",222999.86079235742,343463.66368984623,406529.7322581739,402606.9274451348,353941.7202453924,304517.5117357306,236654.91423421155,165227.29477983108
"São José do Divino (MG)",119778.89815875846,54518.10358398497,56107.88681457328,54630.117407193815,58102.81896832478,60388.07857915496,62339.36165382509,85919.45952730911
"São José do Divino (PI)",271381.8878669419,86607.41980711841,68976.55262749261,63782.58824946444,59858.55823869021,61011.552502011014,62140.410719465195,101611.41801567511
"São José do Egito (PE)",93293.24203254157,80456.86985217508,143123.5351452,144777.01639275503,168964.78877625897,167290.93767654803,174112.20356039415,155122.92119360855
"São José do Goiabal (MG)",95941.78719947205,55158.06274748722,64036.49074804711,41788.92868112767,57513.055275139195,60720.76042830659,69658.30611733686,102182.1923074454
"São José do Herval (RS)",69271.93143750702,39963.45360172284,63296.57986445167,44495.01477350203,57255.85714955704,28922.02111154891,28382.522674822685,196957.20623684235
"São José do Hortêncio (RS)",32526.26150001883,37705.83548122905,45643.271944352135,39115.70948293755,54230.63586550487,54065.057724534505,37944.52412808542,31123.63260460297
"São José do Inhacorá (RS)",2055.265177815161,15944.304991413903,26583.324890541877,28229.997872701722,32167.836361333622,38356.24693451563,30527.017040032806,28952.96419497567
"São José do Jacuípe (BA)",41067.07344356517,28537.23684048778,54363.379002521404,43624.09392245468,50357.52774407163,57690.385276617715,63260.985781444244,67030.44767949906
"São José do Jacuri (MG)",150729.79586258088,114573.39223515641,64328.76564510926,97972.4464162155,97699.87446056148,172331.6722084778,138465.75313169672,196257.10785733475
"São José do Mantimento (MG)",14153.057925231895,9555.373660324767,12401.161413452044,12675.554466426287,10491.519904059429,15507.017939558316,18076.799844924106,10748.314157740442
"São José do Norte (RS)",236023.14750368462,182688.9719235012,276008.60869042017,219493.42193209933,197039.9711148964,179664.571040184,197464.05987218587,153252.2785089852
"São José do Ouro (RS)",125308.35722630538,67680.09940233149,106102.20123126374,106128.41104196006,105223.41878950344,103566.69616286592,104026.68358792964,85035.933404168
"São José do Peixe (PI)",108034.75124168016,54486.6812923479,45881.79403540503,51459.93670675505,117867.8257319622,198583.9961195056,157257.1811104233,174191.797737614
"São José do Piauí (PI)",25492.401486970502,45457.35562024744,29457.522019148008,23071.798352685244,29361.4683327503,34713.620992150274,41781.12211561915,47106.08724842994
"São José do Povo (MT)",138448.9766497073,293850.2473955122,160677.02436231315,217038.88029830146,199505.57000378516,203564.22108079496,202984.39848574987,198104.11513598653
"São José do Rio Claro (MT)",1829651.1229801632,2366905.774474656,1221320.886202251,1356071.5000213936,2901841.503720035,1726905.4441324228,1693331.580172708,2907835.2013188098
"São José do Rio Pardo (SP)",127764.21374465099,157738.06441362333,287663.00393209775,295187.00725319743,281809.7185301909,332549.0930167463,238234.96119978724,203090.29747929762
"São José do Rio Preto (SP)",182044.2154549439,210350.34722043117,884252.2372686857,940415.7489190253,1026976.8606315413,1026823.1088064568,1027493.5055847617,945895.4664027111
"São José do Sabugi (PB)",15768.981864741463,14007.512774781479,19039.89669595251,22162.413270324458,21859.84838949339,22299.905880294275,23138.426344652515,24710.935996877375
"São José do Seridó (RN)",19267.509264054344,22637.56932474158,31609.36197121969,32038.23742470302,33300.25332500625,32335.26585418103,34976.11305677003,38518.8193283113
"São José do Sul (RS)",22887.44098949932,26285.671453634353,31632.754443736972,33819.95048537287,45087.891371039164,38737.40684129052,30824.110903213405,36104.82923064387
"São José do Vale do Rio Preto (RJ)",35675.32040549493,33551.44696099429,61410.77656941586,84091.98230528392,73330.85930051905,77480.95741835861,81442.70931720414,65330.99312728001
"São José do Xingu (MT)",3843838.0899179387,3116573.8831799068,1839841.2665054244,2027321.483010244,1920196.1966758177,2510623.353126988,3173155.0906062904,1784299.0296867285
"São José dos Ausentes (RS)",163090.42459642535,133425.63807381288,200875.79572956817,164031.7371387392,253648.22828424105,236762.79834196556,160097.58156594425,188340.73806198186
"São José dos Basílios (MA)",87962.45260942291,61716.349208624764,65229.0076841579,101742.77921877048,113265.69432373584,103670.57313557388,161787.9288120751,135856.46078018795
"São José dos Campos (SP)",302234.34467608115,2805845.6939203804,3789059.861705179,3556438.902959601,3652659.0076988568,3726660.950272714,3775402.3128787107,3751364.0541084954
"São José dos Cordeiros (PB)",32340.226652719102,18889.58314931389,16357.896782801727,21049.105038337075,26421.517862766465,24012.563487092903,40044.800895933105,36320.3281044944
"São José dos Pinhais (PR)",359547.4679540744,220268.36420041995,1313368.020931423,1152923.4187916187,1208194.9985911394,1211506.4918129847,1151994.5479364935,1120993.0274993828
"São José dos Quatro Marcos (MT)",2454042.966286497,1190870.033316156,873368.3186920513,572988.8697874782,732301.2870127194,778622.4940237307,1768329.1105377094,529994.859345715
"São José dos Ramos (PB)",29466.190384826405,21195.471168071886,18727.60513546864,15937.931888336181,19261.928409558197,16309.355155295909,18619.403796430484,17811.19253568324
"São Julião (PI)",60450.96539776375,46883.11489582139,31276.04269576173,27080.07402711921,23860.547231493412,22701.980005668924,26680.2493401739,27034.689875195625
"São Leopoldo (RS)",86114.14597214565,110087.96789741298,415108.6254651459,250703.2969967467,165843.0631451479,165047.710071316,152111.7555193442,164600.63163187593
"São Lourenço (MG)",18852.920371661992,23132.782818051837,61400.22297555666,50250.63375186,50456.24026859618,57751.723511063414,61085.805538683395,58919.00102286812
"São Lourenço da Mata (PE)",67678.1622133299,36790.3197196907,96957.30182000833,101578.58158356172,112792.95259564854,108675.92579487694,105054.09129465885,116777.2938281998
"São Lourenço da Serra (SP)",43739.75090818925,30478.611010011584,43410.27800837189,37654.50730473555,44151.104681651035,48943.98605966869,67417.66194872597,38396.79754292678
"São Lourenço do Oeste (SC)",194718.59064077336,129817.79270941067,171319.76254723655,217702.06379333368,218050.79572631198,217162.23230005012,198176.35498798822,172133.8924448276
"São Lourenço do Piauí (PI)",6834.348283529353,49495.47184996441,26791.91381037324,86234.31314118457,139056.53464834395,103166.595857298,50577.96913213093,262994.07304573373
"São Lourenço do Sul (RS)",684173.313505322,769891.2286545497,1376925.8767291058,818653.4907043535,1281207.0980515275,1012628.3377282064,938831.4201201213,680964.5983549403
"São Ludgero (SC)",41832.79338597997,38735.796038183085,54995.45416970352,83094.79653366448,94258.30608446582,105028.59488671646,102780.1543371322,93276.22017652028
"São Luís (MA)",1454533.8620707025,1380519.818850527,3126593.851289579,3885967.4582529073,4914005.175189818,3799640.0631187293,4118183.537061802,4426953.365858049
"São Luís de Montes Belos (GO)",349047.35073938465,284943.3313501394,310194.2405708435,419371.13783516723,420277.08779949456,419214.65564317093,398729.31850923685,418662.55819579767
"São Luís do Curu (CE)",13538.628685489193,20476.85323489901,31849.375023868262,33389.09962009428,26340.125131506793,26714.624671645546,37039.38067497964,34858.652435616146
"São Luis do Piauí (PI)",297.68334326067554,13183.613312623653,13418.463839179258,13293.262599887612,13226.36144831261,16201.369535619782,17635.81850527579,17607.043212867848
"São Luís do Quitunde (AL)",141209.44084726734,105518.77636781975,83324.34555945809,98644.85493125184,100745.36826895665,112310.20453348503,110078.87933138618,93411.42444086104
"São Luís Gonzaga do Maranhão (MA)",461424.3398289056,416593.96763233363,265758.1750548802,284823.47845519613,325809.8751111219,372059.04899328377,388836.49953682435,375441.60796203587
"São Luiz (RR)",408359.2339524276,976052.9449572508,525544.8318144174,744114.8055798719,859290.925111987,777077.5213455474,1048030.6135350089,732769.0194104019
"São Luiz do Norte (GO)",202375.57135646703,178158.34556916545,128483.65710851838,207408.78283400103,185642.32925084667,194737.55801564592,172145.94070544757,165356.6338568756
"São Luiz do Paraitinga (SP)",131121.6296782695,151682.3698090173,138360.07418212926,111487.1773152564,106101.24360036827,113558.98390573428,131337.25877689896,104414.90660341442
"São Luiz Gonzaga (RS)",345770.41517412505,359415.4026875529,380473.9040988923,415170.51968310063,381350.87282351026,407256.0576288039,401809.305588174,370045.3407326269
"São Mamede (PB)",36266.74972765629,53027.98572527279,32563.661267451083,53028.91242236352,56637.02547439891,56789.67069543209,51496.91291488714,47992.041122366056
"São Manoel do Paraná (PR)",3294.388792086024,19940.30115067219,24502.00816568255,33473.04305322231,37415.90847595982,34628.21408234287,34488.50452077356,35128.071411168035
"São Manuel (SP)",303399.5145018634,252736.16191496374,346703.1897489859,388870.8764146631,355737.3726734749,370229.97304598475,361569.60215953353,360630.0039092342
"São Marcos (RS)",51309.768749419105,72059.9226267916,118289.33167199003,78624.35760434902,78625.64428103041,90542.5501554915,85129.77929218925,142285.63901398762
"São Martinho (RS)",36757.9934637843,37076.83167489757,57214.41112045831,88363.7888658792,79289.94815992104,76531.09628798279,81402.92200548232,71009.39310121813
"São Martinho (SC)",84307.69797084335,56552.07716311005,106988.31267746775,82398.00887612317,65063.759730537764,85107.09840265808,74262.5469834696,54805.29320384257
"São Martinho da Serra (RS)",67258.4291499399,307999.9223680486,230550.2136096055,225583.16609606528,177693.0417587523,181942.7618050859,113949.93001175343,153372.1504565355
"São Mateus (ES)",958409.109656372,585449.1156625932,669657.153617769,548140.5973822885,550811.3031837681,696904.528420508,750100.3304126045,460339.73162041744
"São Mateus do Maranhão (MA)",295632.64048198034,299999.7215640078,193399.21601268344,279296.4592098401,263311.9551342149,260427.296467275,278867.49187193153,325543.2468321941
"São Mateus do Sul (PR)",431366.0484653348,845561.868696018,422222.6116075491,495896.0915045148,827557.3823202375,577799.6483984808,468285.12876387895,395508.4702042632
"São Miguel (RN)",44606.19614062972,25419.92175248681,38191.27227731961,38756.04581401483,45568.841758935545,44940.72970326805,51878.847918266925,52260.98234051286
"São Miguel Arcanjo (SP)",207016.21814402842,181537.57691620148,149174.19048318377,149055.91851751733,153144.1153259549,152224.00764979326,184778.90919548317,154388.23687200772
"São Miguel da Baixa Grande (PI)",5443.135846550922,7782.372218076663,28629.42723163568,33254.92530838104,27586.789659714468,35461.55572485168,51438.398961965286,40804.82068203169
"São Miguel da Boa Vista (SC)",25726.000048752514,33753.57748381925,41533.140361252794,41692.105374165134,42396.69173795489,42006.725643322585,35618.39250744074,32666.35664158315
"São Miguel das Matas (BA)",184592.49142443278,60565.86250327921,34124.93252448063,35606.72547867426,75231.5708123055,62572.021529273865,54586.79645123501,37036.87333780087
"São Miguel das Missões (RS)",351324.83856662305,239571.49838524353,296606.19132975437,386726.21113127464,329286.8920928098,394195.23911411176,267151.42017916695,249649.17957957095
"São Miguel de Taipu (PB)",37657.322346536224,19553.76688572804,14327.509250237334,15097.86242902751,16508.4897611673,15169.608728168869,18855.007571748938,19802.94139306069
"São Miguel do Aleixo (SE)",44509.20353279715,22825.080735326894,33051.61290996155,29073.472127747107,34560.66150711909,41524.62633720942,37267.029996918514,39030.92158783026
"São Miguel do Anta (MG)",46736.291818822116,27629.636973943077,25182.51586609411,28642.908836774033,32680.467859853146,31595.791367259815,32046.92744033605,28571.337242164944
"São Miguel do Araguaia (GO)",2048985.6770677927,2461007.0744451466,1784701.988260429,1587622.5820935208,1766683.3802977924,1735485.6397267208,1822845.1558865495,1916059.5143248825
"São Miguel do Fidalgo (PI)",19585.26757045596,35013.85763839795,54039.98473469176,26563.934027417705,23252.455057490224,23158.43128837446,43401.86672741861,49093.04634423928
"São Miguel do Gostoso (RN)",63182.23126424823,89365.41922666339,62367.35193411529,52194.993895157364,46405.07995928736,48303.89259527726,54864.43721025131,75155.21974429752
"São Miguel do Guamá (PA)",1344028.7815400606,2724947.7671333193,829002.8349720467,362360.40124686836,475221.0942798442,383862.2884593138,653163.7057964257,288945.51413004583
"São Miguel do Guaporé (RO)",1384534.3631375895,5237672.533827929,996876.5042205276,1976850.5993685317,1776410.2513999902,1940589.4060731728,2114404.4760643714,936971.1041316701
"São Miguel do Iguaçu (PR)",176485.6567134446,143353.03122389998,213170.98541143208,260745.71927723635,254384.17104857427,257742.07853209093,290850.22385231487,253287.00145818145
"São Miguel do Oeste (SC)",293175.9742329806,92335.9521926306,173726.68314642634,175957.5285580303,183989.487551862,179501.40949574302,176681.02739257662,171479.26069136965
"São Miguel do Passa Quatro (GO)",274005.4527616513,152819.8757691916,146660.18516310686,151778.60963893542,152619.88611948112,151583.1453172181,152230.61060362437,144324.84540345456
"São Miguel do Tapuio (PI)",188187.87890616074,218746.52521825922,217387.31108681753,149300.70978700594,208272.66034060012,292754.1528569328,329724.5978236503,402080.07959305367
"São Miguel do Tocantins (TO)",103600.6398256583,188734.29205446393,110637.15220636592,139134.13750690315,164229.7562690264,111747.09746498767,143031.0291358375,99836.61917429478
"São Miguel dos Campos (AL)",102676.4585362494,85937.40899165953,136122.1740323489,625578.3055501912,813115.8393259228,755839.7091055199,283164.7446568923,820091.7255423167
"São Miguel dos Milagres (AL)",30286.462479501497,33340.45056617127,38112.680598719664,18397.497623538933,20991.06763612732,22313.92258548005,24923.19321610301,17301.89705186593
"São Nicolau (RS)",112923.3600128003,106673.15889956558,164783.8459417295,198893.990305732,179476.2871350433,150275.96889323398,128634.31468603922,110628.64411766824
"São Patrício (GO)",24915.996540734275,55946.933980977665,63590.023745944876,90379.95102233322,79900.7415986092,79533.2001454399,71951.35735500854,71381.65883759844
"São Paulo (SP)",2659285.345161808,4278493.070548553,14906263.268503288,13867152.646009134,15268906.462380892,14947411.214345945,15253131.284073805,14704375.50110866
"São Paulo das Missões (RS)",54711.995945786104,71975.0749230029,80017.16941066418,114329.8145188508,91717.81621813454,127842.226307851,100537.21126676898,83132.56375164952
"São Paulo de Olivença (AM)",57643.574557924585,39414.22497368121,46859.62813612678,217974.9514148181,128370.67303771997,134982.05850573984,669939.4967899387,71979.56125917778
"São Paulo do Potengi (RN)",109156.7423856645,41147.26951169908,43794.76770268447,39686.99074629164,40465.06351026368,43980.78545944237,51025.75837257056,52532.44479802092
"São Pedro (RN)",89037.37979790194,33138.84685618469,36993.621383715225,25340.74314796613,25284.246979774543,22948.392124839982,29101.527061756187,32996.41124985633
"São Pedro (SP)",129032.77129939548,136351.67540721822,228529.13989313078,172682.3259881873,195670.17586230108,180068.0344814263,173156.30954147692,146953.93455235445
"São Pedro da Água Branca (MA)",423002.7936829199,1409960.3630201898,661512.7862947774,349077.6086121694,534188.073023201,382812.8977425336,913698.4544111359,198509.59641698503
"São Pedro da Aldeia (RJ)",191626.1932479704,138110.38751264015,187346.61684904626,179397.788417807,143272.0963639759,148793.3880358219,142690.6639748547,165165.69928007363
"São Pedro da Cipa (MT)",98003.93528669694,123305.85988646834,57295.23970278974,98571.62692665885,108404.47887254269,95491.8265665448,104050.06465087699,134566.5382812859
"São Pedro da Serra (RS)",12761.478267615495,177491.5559189829,28145.60312230977,30487.558576071955,38166.17528835323,31357.402770079003,24675.024129988095,35464.025438615085
"São Pedro da União (MG)",63485.022678117966,61675.10078700351,52058.62757835397,45259.150666732174,47122.4701225956,56371.68162065267,59861.99962542779,44988.35789073757
"São Pedro das Missões (RS)",11859.436261853247,4198.756360566148,17324.5484851848,18601.642785676322,16755.9148305568,17857.363217695314,13877.622055242926,17521.16787655947
"São Pedro de Alcântara (SC)",58989.27514623281,41539.22442474091,44290.64708711009,32562.004720560504,36609.94158239771,32072.418689642294,20158.04925721942,18362.999077704422
"São Pedro do Butiá (RS)",5992.98407624283,32798.05995358228,49899.70184747649,58515.32016820611,56594.542893718964,59028.581203165806,54120.33323118716,47301.410426158574
"São Pedro do Iguaçu (PR)",31379.758251536587,79583.90802354604,78342.99449930718,83403.95332082213,82066.98085427184,103999.14455486657,87981.84180320504,82486.22045109117
"São Pedro do Ivaí (PR)",88866.83249586109,80142.89919808487,140216.84676313348,71656.887902361,74326.12636398345,69448.95617398527,88438.08970198201,79795.09582890502
"São Pedro do Paraná (PR)",91181.34117591908,73618.75238598476,83060.2508681257,84228.46366741553,87427.50188613858,78946.10287040923,78130.52809373727,87464.4427148755
"São Pedro do Piauí (PI)",25561.844000064513,44664.80422363982,41905.30013578875,81138.9137622534,76718.13569525108,61697.668608720356,181524.7463311454,104857.92997249063
"São Pedro do Suaçuí (MG)",189005.1058492239,85393.74111520876,55040.00180950538,89053.73571516968,110548.11453600605,202755.2523296045,121990.34598093606,141362.50789949362
"São Pedro do Sul (RS)",388176.5228957245,286350.4763771995,300816.36768495134,340366.1970008488,480960.88333113544,372394.7056625129,264806.4643092043,379204.79269651364
"São Pedro do Turvo (SP)",203253.42278736734,152163.02170285478,180866.10108079392,171701.38338159505,146805.8698998859,150211.36726717302,138814.33542796015,125970.38759056665
"São Pedro dos Crentes (MA)",149235.253530686,268056.1356188881,213650.03337722068,278930.16586522217,257852.2928219272,369337.47352907737,453450.71707986546,396586.1838810758
"São Pedro dos Ferros (MG)",126242.60498307075,131865.09623405206,85226.3161211199,104420.20483222499,126219.80855513347,111140.45578506136,93385.92707184098,96796.33952875578
"São Rafael (RN)",26071.34530953574,32650.333321917355,38554.47340546477,61550.96747098393,55270.86560370771,47990.766189932925,51025.776847665,49544.75620823573
"São Raimundo das Mangabeiras (MA)",228433.69040274707,1821800.2581543564,349935.12120520754,1052969.576478972,885692.1415665566,1089507.0186908275,1584988.9649822277,1356081.0107363402
"São Raimundo do Doca Bezerra (MA)",70970.5594870771,202540.03687924487,94148.57999098222,156275.9085352848,181755.1132160502,139281.02832811422,224859.3176531954,206841.74738195204
"São Raimundo Nonato (PI)",217025.79172123747,125704.66421684965,93755.1246264797,137752.1257312271,170716.12979566777,186343.6649227126,151572.1725024311,256702.44857187828
"São Roberto (MA)",48587.82446095241,112238.19501117944,42521.672485658324,63339.94001095122,95272.01764222147,65902.07825140849,79051.25365093036,120546.53933109004
"São Romão (MG)",333781.92302135355,515172.7412888726,503210.14727544214,333340.08243447903,352261.6064305742,538994.597865928,457173.72751929954,483527.0309151496
"São Roque (SP)",45189.97014879255,79071.74737006734,183024.5132552959,172653.98195301567,223864.4199021302,208763.57130746322,213754.39621640358,176569.4669719863
"São Roque de Minas (MG)",336264.3088052379,287375.077270631,218083.66758795353,220092.57512708,219580.69299491664,223884.91146802425,249041.50632045622,268973.05580148805
"São Roque do Canaã (ES)",37367.07394949568,73459.89869296271,58185.743811348606,60581.138453652944,62586.15132903119,63056.65961128826,62605.646247306024,51483.099664277965
"São Salvador do Tocantins (TO)",327421.126327899,155917.69876693434,171336.19905175545,545588.2804428287,367961.4503417848,330230.3997586041,489967.81799581466,322508.0410702452
"São Sebastião (AL)",116437.81423635123,92925.77208054022,131526.2106087146,133194.36955826785,145372.00171866795,149431.5118883342,131009.27673055574,133466.67956348383
"São Sebastião (SP)",36229.39806314219,36061.861707943426,87793.82040524435,104708.30440658903,125033.00680351873,148045.07552224334,204820.50127508835,127334.35339357132
"São Sebastião da Amoreira (PR)",61653.564314345254,58287.29768097595,38771.26075245857,42297.507000361074,42347.03777957774,37881.86628840326,36059.64506588083,36474.25745815778
"São Sebastião da Bela Vista (MG)",71432.02731666811,45288.98861582073,83932.62790934398,116629.9802114817,122270.57196348613,138859.91468213164,150932.87936364315,174068.73008887394
"São Sebastião da Boa Vista (PA)",11456.428473699336,9880.90811781072,27450.883434650605,49616.607499818405,39937.650394877586,29425.5867237824,37774.832512650886,53874.748596209654
"São Sebastião da Grama (SP)",84483.3483716134,129940.7479985831,76562.30551441874,95654.83612576978,86045.85009212515,95949.63467240823,89658.25604148944,63153.345792624015
"São Sebastião da Vargem Alegre (MG)",16591.08299860324,10168.991034567349,13349.327737086045,18847.60703622438,24064.149576105447,21898.926570432486,18632.806926614772,18006.766648151992
"São Sebastião de Lagoa de Roça (PB)",29146.693099536747,10217.953876986421,15070.411710610806,19195.565231020664,20301.10741167116,20453.058263671865,22606.83099881705,23313.21722671519
"São Sebastião do Alto (RJ)",146707.40718545966,96392.16083390005,98131.81517443954,109307.77351922287,102326.28721765081,114875.87049047592,133186.85744652894,132032.54894442295
"São Sebastião do Anta (MG)",20546.545648485997,14167.680517733646,11264.917403318479,15160.219349592868,19134.963216427706,24534.634286480312,19761.844824193868,15317.624172789867
"São Sebastião do Caí (RS)",99601.4169674753,84607.9233313217,120648.0280507675,85030.13868919897,111728.50388156137,96743.75829062969,84273.46596090296,115357.91788150086
"São Sebastião do Maranhão (MG)",252436.86685853114,264283.0513993812,109956.5371446204,278588.2508198114,234361.17465412017,310789.2135548883,229127.72817287614,388578.58139797975
"São Sebastião do Oeste (MG)",162373.0373350963,122546.14519692055,88963.66073033708,122829.27795224763,137214.8257155734,126535.97886046908,124966.44770779564,140430.25674418276
"São Sebastião do Paraíso (MG)",247309.30787411245,209466.00406306182,344641.0963466451,242389.55027986952,239197.69760103614,255705.80390193732,257578.95224173716,245172.52081127893
"São Sebastião do Passé (BA)",302413.20168148016,309163.800626254,211172.5142974139,193200.2911776686,253516.769373,248047.8376693872,247862.18298484047,220867.79155543243
"São Sebastião do Rio Preto (MG)",150910.7479502753,66632.31041728349,26120.50356522174,39018.228417227576,22401.960337889093,40654.09099245287,41595.88376310418,31279.99612839468
"São Sebastião do Rio Verde (MG)",16978.31445438301,11309.814721019162,20244.45747708123,19468.913291915775,18290.914301269317,21626.265598695336,20912.137891121605,19865.30025410483
"São Sebastião do Tocantins (TO)",222765.1104306215,788300.279888643,275972.90607718605,106642.69328558925,115827.75816322704,189455.45000760097,461929.53034793603,62724.00306208038
"São Sebastião do Uatumã (AM)",40795.87607291746,291141.275585282,291985.81825372216,238137.509697682,317874.61344691005,395413.3896055159,500846.02531336725,205975.36892603518
"São Sebastião do Umbuzeiro (PB)",36366.823386970624,24998.980242034195,26169.038229356247,27752.06414612689,25548.308716886102,23211.534990329597,27573.420363678048,28947.72576741756
"São Sepé (RS)",1043669.7698565563,807604.6561237146,826171.8123834595,784743.6942210888,973053.3197373124,769329.0088032262,681868.3407994909,680333.4665330997
"São Simão (GO)",113353.66132974983,92311.93902712314,132831.03660151517,135187.1606831104,135403.9367354247,149207.41528246112,162947.37555449363,164445.42966299862
"São Simão (SP)",275909.4257238833,151205.53007830537,157635.3916934123,212966.87718054614,201088.7632894608,219680.5681594244,172276.11914167367,184504.60244572317
"São Thomé das Letras (MG)",78986.41275035762,32908.22895086316,21195.84947723421,21390.746044967447,10498.67005948828,13388.060084297975,8548.420969099894,4313.892022331146
"São Tiago (MG)",86118.77251710564,99213.3266604253,71686.53255157403,103740.07783581738,104505.78453997298,105135.43891111421,99160.16937607348,89378.68847106562
"São Tomás de Aquino (MG)",92789.22273864971,73598.581010271,80879.08453731667,55998.388211683116,46294.22766197646,49045.135475982315,46755.43664007633,46563.985908607974
"São Tomé (PR)",57525.90421089099,65406.37154519929,155335.10158676992,77769.16142194306,88053.12869943926,83954.28636430104,84593.274429557,85790.41593804829
"São Tomé (RN)",78754.80328616226,70739.73489675188,39665.21537634112,82916.36668500747,96558.68127460335,81241.66097703323,89326.15274319268,208524.1347073182
"São Tomé das Letras (MG)",35604.36453438986,31826.65550911781,45417.18060068281,44348.32546166879,45055.28402668683,41268.99235790367,40542.485650801296,40343.323173519995
"São Valentim (RS)",69782.19654030181,68131.1498893699,59644.08791476655,50586.08330188696,75711.50749937624,65822.81501408094,53009.592681385795,56993.822950398884
"São Valentim do Sul (RS)",51006.7985776139,91721.391668263,54669.45389531945,29395.823108903853,44181.36139130386,22075.689929767548,28520.239639449348,154096.65142793418
"São Valério (TO)",591261.8466999234,376152.4946475933,589574.8200840526,361355.8668361889,485709.63367116626,586140.2736641525,691195.2332672984,611761.6800594326
"São Valério do Sul (RS)",8642.24288168296,12358.210108561636,13987.302338287634,19664.934335603222,21781.902899877252,19619.61464209509,15480.320170648902,15375.637013505277
"São Vendelino (RS)",13365.556521926732,19440.274503930083,22859.708300064656,16366.076790842544,22029.67194746758,22899.531950712128,12725.196498195997,48681.96117719764
"São Vicente (RN)",16330.991168113866,15389.920348365134,23374.95725961626,23756.131514789366,22628.688415838216,26541.964441539927,28007.637544861365,24447.75481063057
"São Vicente (SP)",72950.82289864794,99340.90455696921,1288046.46334482,476778.78830666,726190.4276161909,1008312.2097740258,1029084.1801658671,977374.0420554682
"São Vicente de Minas (MG)",86302.27671003144,61158.667043712696,69508.48260562743,92472.75514055145,73324.43712214827,97446.70560976223,72062.12260937519,73803.27811121674
"São Vicente do Seridó (PB)",15887.413651281187,12067.471268803058,18552.286167141985,19874.972814569483,21147.223526009377,23389.970005905376,24409.25822186903,22111.231044300403
"São Vicente do Sul (RS)",467352.9375338388,393305.6360991665,452001.5015626013,440483.8641498521,453183.842642156,461604.5417528065,354187.18625790474,411158.07694212836
"São Vicente Ferrer (MA)",79185.08979427528,346252.22471908305,228095.08526925606,148616.98576385042,227319.12319459865,388382.6851327927,475458.871224192,143948.88403020517
"São Vicente Férrer (PE)",168067.15622986734,23908.449211016716,42451.142055357326,51506.31476076561,51684.97442946783,40617.41056666726,41014.46483522248,53358.08074415842
"Sapé (PB)",179060.07028941714,91703.70362763392,100503.34520645248,102997.4514602073,98782.48471568615,97593.22867347211,91157.00826820964,124152.46571158188
"Sapeaçu (BA)",63226.22322844718,31630.37705817731,38700.951842914255,42128.493303951014,50460.84188975236,51761.282466885474,65320.91716839941,50167.51874825258
"Sapezal (MT)",1608325.8481961365,3448479.5274345702,1056085.6176532255,1591099.569525484,1615185.4824248652,1625331.314503368,1708055.92112909,1894270.9584981108
"Sapiranga (RS)",71402.68570115442,81574.96586383115,147753.9446091778,137766.2135767226,174110.09217147552,156250.86976570197,148363.532953763,168706.59144544174
"Sapopema (PR)",256101.86935529253,205912.18445518208,249608.4714392651,199996.38905882437,162505.76127275408,156383.50344542152,168308.37973886757,141860.74466314673
"Sapucaia (PA)",2529986.5453902986,1202262.8703567302,328609.64030361694,570413.2480422601,404694.59312671976,452489.6592929822,520236.5736701192,413798.93983905925
"Sapucaia (RJ)",163134.71799074215,128998.15429808717,192309.62205173136,229942.9644067075,214164.430414184,241808.3535109446,193943.52805490186,172351.7741342635
"Sapucaia do Sul (RS)",39302.8047394075,48777.970747262574,140171.97072037062,150940.83562323847,160888.6190672111,173227.45146389186,191611.19661298004,197883.4900861102
"Sapucaí-Mirim (MG)",40628.52690500719,86587.29749535902,47045.17930862709,54941.14000912455,45175.06415560702,48269.59634852468,43783.354606187066,102311.01942418143
"Saquarema (RJ)",138369.64227862196,92117.5619390294,144703.34654903424,130390.53211487773,154904.6525410952,161225.64763880038,184146.14963856875,176698.0332845724
"Sarandi (PR)",20143.736086458037,26491.636860780196,96720.95673308583,116743.79016652919,126783.73855010905,133880.03317122997,143327.76505020598,138241.81854105362
"Sarandi (RS)",140906.89752154026,74840.05090951044,115590.49708853026,141696.63549752522,157464.28416995637,158888.86996632622,158209.73362959252,157600.8293837306
"Sarapuí (SP)",94284.27112430231,67435.60498195598,79258.0477531297,75745.08627204085,75930.22126112935,84351.10215008579,76537.0537099989,71544.14920967503
"Sardoá (MG)",180047.7953933523,118188.64307139734,25783.32940757602,38688.37365337378,37629.74309174519,52055.93584355193,45700.38350746337,33136.8942719377
"Sarutaiá (SP)",66083.81316998383,34827.629148717446,30372.712499951842,26210.612392812403,28403.026309568908,25207.273993403793,21962.31396740725,17577.032011107403
"Sarzedo (MG)",31276.92635485371,16476.276960337855,36597.657758737274,100335.20847444587,83165.76763281258,73583.24339605612,78791.17576786714,79852.66442211019
"Sátiro Dias (BA)",190545.14853590963,101391.74643020026,155850.92233520045,123935.3074294457,165752.73706040197,199339.44866912204,177896.29465269076,156206.3797141816
"Satuba (AL)",11300.800840736856,8265.20990531077,16765.407639501907,23781.134557140973,30227.651464625942,31675.3323274134,31477.51277896567,32323.555390953872
"Satubinha (MA)",23661.130187635375,168479.97330699099,244081.6452214997,239616.88206064343,347424.9236984011,606829.7372262096,446528.78353112785,133027.19754045163
"Saubara (BA)",11498.908833104952,21896.757377955415,27894.27751518885,13032.192975606727,19920.1745994871,16934.981837625633,12084.94345727016,11017.47138251049
"Saudade do Iguaçu (PR)",29059.75243384005,40770.76117124332,51801.66268195569,55731.33783209624,55410.07698281055,55420.56273712008,52177.8036468924,45485.88560875063
"Saudades (SC)",176362.48987601997,91012.4718781385,118563.82374410242,141711.7353229005,146053.91799786582,147724.34273830825,155377.36724255813,135579.48017428254
"Saúde (BA)",52128.47372196179,59373.163722196026,56996.944371693935,31477.767081978658,36966.447285045135,41323.12837676546,57237.33185638435,70644.1107619125
"Schroeder (SC)",28193.135051397803,27483.742339069566,38256.22687577626,39406.87486518702,34686.456774583414,49112.631327022245,43710.765427194936,35469.89548448821
"Seabra (BA)",281953.8666079743,159783.82822218124,229680.91492064102,198450.8139081723,229609.82614169005,261537.65370660232,302070.70717264985,306131.9745941123
"Seara (SC)",171388.4045876882,125323.90415226803,195103.72938293754,213722.2618063059,236744.27940826793,239010.41651108506,223680.35254819517,205411.42484178135
"Sebastianópolis do Sul (SP)",54253.2757620657,54955.93914045512,81853.96245913849,83881.68603045384,67784.41910254312,80382.23170376827,81561.74949936607,83563.74809617245
"Sebastião Barros (PI)",64796.525301904985,180702.34906078796,152358.5157206303,155435.28845503775,158906.54130764565,171945.47008337875,710731.8407256729,308781.3917418401
"Sebastião Laranjeiras (BA)",181438.7993438079,160185.41989317714,216702.2167465713,123776.70490028322,166471.6748491585,157873.9343644461,144056.0782487814,133087.89683323007
"Sebastião Leal (PI)",153911.156075999,135452.9184879394,292295.5910127406,1596589.0666903176,1169409.2355478366,3515722.798592459,1054022.6509299518,2363074.2444400587
"Seberi (RS)",97178.39178982048,76261.40091506601,132123.0584388142,158117.26290819974,159361.4452697797,156575.6225441731,162914.0356854459,154235.3277354327
"Sede Nova (RS)",23326.84042325406,14343.73252950513,30239.93757351203,38316.43138443069,36644.132927534665,35835.32581736156,40512.58970051289,37757.127358641745
"Segredo (RS)",104991.56956990821,87126.82430929631,123449.48280593703,59173.96925321635,123834.72767793821,77927.29449156242,69569.44759512307,134233.38100146176
"Selbach (RS)",29235.034973700138,29041.055449198655,52424.514999029656,50044.02654689659,64505.15570479653,52927.04523398986,53677.58442156046,59885.78856436361
"Selvíria (MS)",1709641.0783508087,1291964.8734093418,643402.2070697558,446165.52473358397,598322.0877895358,378707.94003776624,454162.52666076313,497969.6836844363
"Sem-Peixe (MG)",63059.96838338991,27866.59686339111,30818.14812832923,30664.56749682203,33433.48085332638,33039.35100224345,28374.7011770246,34880.00812266404
"Sena Madureira (AC)",1249033.6895398365,2504564.1348398626,3774621.420838791,8976009.642211111,9972778.028743412,10139630.738187995,4482152.820315274,4575584.307736813
"Senador Alexandre Costa (MA)",8413.915014496448,113097.86057790022,169815.38521605494,507939.98419148795,459823.87357905717,153326.5884791879,350879.4106870065,205357.4515828752
"Senador Amaral (MG)",26494.720108666803,81269.37319335043,47373.84739856544,23963.80060054224,27312.458724554166,28380.481280325235,28228.240451988542,26950.930534666124
"Senador Canedo (GO)",48408.548561995114,110280.62313043834,228246.74793354416,445295.3603562846,481208.53142026736,462199.04219332786,456017.81877288345,412196.7382032225
"Senador Cortes (MG)",28739.751742802677,17225.87480281944,18028.44853723966,18640.20394282149,23700.607235253294,21107.885326589585,20482.193664286813,17152.73577800573
"Senador Elói de Souza (RN)",46600.95163182533,16521.14365035586,18477.24164081377,15010.17771496441,16389.76614431799,19556.36849547631,20388.27023710924,21447.131094862078
"Senador Firmino (MG)",46832.55562607956,25945.66619076264,22742.074964272786,25958.08185321546,31249.82488572187,40477.13325636956,32211.22093912896,26709.003953847045
"Senador Georgino Avelino (RN)",6406.266017065245,10234.512270519861,4816.396706661018,3275.827140797376,4164.9895298943275,4838.22576359292,4807.174713091741,6263.276550224132
"Senador Guiomard (AC)",3147586.568602737,3381858.467336475,2397936.7013155883,1640236.7924086303,1676831.011516911,2027554.8846882228,1499926.5707078602,1277808.2316378327
"Senador José Bento (MG)",37862.31424106134,36700.138210851896,36283.801075194446,23209.073920173814,25258.32342760446,23172.04784693654,20923.57146710999,19359.984555805295
"Senador José Porfírio (PA)",263084.71938723384,1144542.7387753904,3242750.9414997767,11896564.211799527,9749761.040476179,9917595.490667356,6773250.845051444,3520950.5594850755
"Senador La Rocque (MA)",585732.0734831254,472564.3169870738,746751.9006011067,374868.3865531223,359159.5399137634,454420.1208014402,461190.16489033867,357125.8793233518
"Senador Modestino Gonçalves (MG)",204391.16658696317,114986.18051515702,124437.26442994372,77589.37699708786,239475.37409875152,62227.84455669273,148989.19003076936,73631.224187882
"Senador Pompeu (CE)",86549.92949764457,124784.52846923914,187076.61828513702,159276.9294020893,186619.19474884294,259493.12282730814,316171.7212669496,237500.60187005962
"Senador Rui Palmeira (AL)",46870.61227366422,28854.550629523626,42638.91841114618,43892.45092074727,45349.732628150865,49463.117706792385,53078.971987197365,59102.112468521715
"Senador Sá (CE)",13380.598652970513,41912.69232295008,28127.81954680085,28103.75653006566,22921.32240064195,27325.0589367284,31599.163493408818,35963.43138836864
"Senador Salgado Filho (RS)",7310.276370973525,30957.763922751103,43098.971495169346,44383.30302238588,39400.74588083041,36108.58940173388,31695.331175202817,30909.460336285356
"Sengés (PR)",419307.53290778276,349461.17471152125,328303.0256992221,229743.41593184206,217921.11884179316,235892.02435052925,193966.55512471075,237337.33017608055
"Senhor do Bonfim (BA)",165865.5222059567,127723.66706100173,189614.99504579935,149154.04956792228,155322.88629466319,157716.22878920828,170397.12404044287,184704.9253552086
"Senhora de Oliveira (MG)",35268.802033154425,38750.17833090546,16423.968793014283,26917.55568686145,30152.273494367008,28891.695249671906,28016.64823187821,29117.86150163618
"Senhora do Porto (MG)",171934.35585327362,152919.95449650395,73691.2177223782,161050.6053317432,165063.99848460712,235353.13403066146,183305.09178070098,299165.51193057647
"Senhora dos Remédios (MG)",55425.62068480067,53697.45928608393,49591.08303075389,56501.3422681621,54951.74878519632,54326.87164307754,49741.81201914817,53562.74722064132
"Sentinela do Sul (RS)",53857.55853698508,84830.40860896048,99702.67913731583,80832.19819642356,107766.38736074787,112705.961369525,96991.45102654377,95170.17387283256
"Sento Sé (BA)",220527.40787453862,318190.8894387949,275639.50430997624,498258.73257696396,482456.2886447518,399707.8611379127,471195.5651525078,684570.8924745695
"Serafina Corrêa (RS)",81747.11053423717,87755.7878573001,99976.92893162939,103351.08811608478,113080.99486475739,93607.10970664192,99114.99752643266,85771.46444378447
"Sericita (MG)",84521.4352903803,27725.52435375264,38116.538304096815,33492.0226694298,38418.5746250611,38738.201508180864,64156.44428982124,41826.15573367397
"Seringueiras (RO)",869181.6154833713,2406508.915377625,986547.1089752279,2825311.7673185733,2737527.535483818,2292999.2144311573,1862617.8280560228,1020394.6459374174
"Sério (RS)",48023.30600368815,88020.99719173223,57893.48979823543,32295.05177265588,46246.3043773294,26440.717892564357,23818.57306215748,40537.02485263984
"Seritinga (MG)",20908.456590625974,16062.384066676661,20769.48264315548,22114.010066607323,21090.26773757215,22828.354080943926,20408.081903850005,20716.46072939282
"Seropédica (RJ)",15794.888573204324,90881.95221252883,667818.9855903068,1166117.2078345087,2612292.0637236675,465410.60961773177,290566.245876765,688519.4059282275
"Serra (ES)",205159.19084625284,295311.8679161518,8660386.05799702,10810628.9816751,12702017.918756485,12019169.112140292,11459009.040140547,12045651.322127678
"Serra Alta (SC)",82960.43985405064,32899.4189912385,40050.48779293162,39313.045308124296,42773.97391709459,48566.357561436766,44958.518480752384,35276.088933419356
"Serra Azul (SP)",110637.77607874805,44272.414052091604,64233.5925069077,77135.96370507026,61776.6905038461,73173.36717988199,62566.43260531874,59598.15613398177
"Serra Azul de Minas (MG)",113376.44443032148,202852.03181260295,71311.06488626885,89358.86564409296,67814.58233176071,71599.4892016867,51799.398771986904,108410.36497543809
"Serra Branca (PB)",60942.98455451912,40521.376522044964,48071.78688058704,83514.30086729577,108076.13624484808,82287.62942963156,84255.49748305994,74892.63589109127
"Serra Caiada (RN)",40438.27189089802,25056.692725108467,27788.11809352027,37113.70675223479,28331.6167801567,24195.15036367097,25459.04931427066,39914.401786605806
"Serra da Raiz (PB)",35047.0952034958,6937.726302746003,8587.707455925942,11036.412854770717,10928.417889599797,9633.77099036956,9523.467784525457,10547.642705892942
"Serra da Saudade (MG)",58021.06379787839,47825.53558386099,48374.408206753964,59151.711694519116,61070.72922709151,57240.76279399468,60222.43114775948,60187.37491110926
"Serra de São Bento (RN)",31567.708873429016,14164.077801835792,13434.091825757687,16211.762976328644,15129.005428454759,15585.741362050025,18284.472547970196,17630.4952477822
"Serra do Mel (RN)",105571.0256205055,215198.9920572541,71164.17738273063,82860.9107165131,105421.01605152815,73116.09760478295,66011.67353789165,39083.23866526563
"Serra do Navio (AP)",1770.7966238741114,105029.99269202306,159808.74889206458,18465.243696140486,22395.958168782112,23189.6060531683,63897.199458496165,18216.369364554677
"Serra do Ramalho (BA)",290821.5159320692,281180.44335429824,261596.6122573909,339230.41607222555,380830.45683948294,381396.9416188152,418230.7506085861,443969.0225576331
"Serra do Salitre (MG)",288071.79387947207,274119.2155946224,212171.44921322906,257140.58085630107,255888.97817837662,264950.5540455089,268002.06313733256,284441.6028654968
"Serra dos Aimorés (MG)",60120.82035403082,73973.58498323178,72751.74675185891,67425.49400768237,64479.45485375896,63765.99452801014,61222.84453339858,64430.61295401168
"Serra Dourada (BA)",364820.1367359974,164042.87674494792,252397.16850324054,332407.3646080757,381051.97191995644,363084.37999433366,314147.37280183606,335573.41008786875
"Serra Grande (PB)",4281.409685941474,11987.418478252286,13726.512889279942,11144.500526849873,11426.697515044858,11644.443870826039,17184.79221785913,11050.733715261867
"Serra Negra (SP)",41892.69567644047,68623.88898578532,80044.91634700212,79351.94389986797,85150.93191038644,74994.73070888815,75045.9533742409,67480.02379126646
"Serra Negra do Norte (RN)",47447.95129080826,40051.45084093562,50700.48060698305,70055.15693898709,89760.32735720262,89031.59087606105,102090.87370950851,91397.40312539236
"Serra Nova Dourada (MT)",205906.61762518252,463096.1377407675,510321.5619840812,828170.7230064366,822009.2080574693,925250.5275989075,1316432.9046340613,623136.0665993172
"Serra Preta (BA)",206298.07483210365,92402.41357115428,91925.88149965684,83625.1762294304,103945.66296055437,117030.2175990192,107260.28665093995,114407.11664892465
"Serra Redonda (PB)",42183.43989184789,18330.616081950964,19306.20693361569,17075.797785709296,16553.137658597185,14586.74549969397,15085.768878304005,14835.202702059561
"Serra Talhada (PE)",295339.248701613,273597.220153686,366103.8859684131,329768.83375591267,387174.50030101114,428763.75772008253,444761.7740406977,345072.7604302386
"Serrana (SP)",46801.217684808085,30478.518546006664,109070.24943988396,106285.37449870196,120947.56699414048,126077.40331136218,112548.518939829,107095.83593776342
"Serrania (MG)",74841.629111423,53006.211125939786,71313.29724359348,43162.08173021066,42746.420315989904,48242.47739338791,38742.5222210548,46880.96633434545
"Serrano do Maranhão (MA)",33092.44156049563,150083.580465691,97987.33382181365,63601.013145902114,98824.8219561858,88013.66824325599,86391.27806177035,50826.31560181313
"Serranópolis (GO)",2846903.2988253753,1566555.5764523398,722725.8686383648,792551.6712688425,811818.0757510155,857043.2759483485,858260.8817867225,740082.7427196011
"Serranópolis de Minas (MG)",18353.182399610698,38459.3713133849,46152.34044637397,35429.58421343943,32924.29718366915,36206.90096535393,37204.46630619696,36408.24771674294
"Serranópolis do Iguaçu (PR)",27102.75482359117,40736.246992602624,49237.295322916776,71767.20745268444,71780.56133629722,72455.1906562131,77504.61045700095,75917.76564875698
"Serranos (MG)",47303.8662615087,35439.67876666734,36073.21592525819,45325.483966906286,41144.9299597951,40260.46463350483,38025.83514260722,36809.23443056728
"Serraria (PB)",52030.18853293973,14842.396797523024,21132.396621816464,22607.19493219653,25670.58426732802,19406.83051715059,19547.125542330497,24617.28182832969
"Serrinha (BA)",217481.95509754255,100725.3468278891,133960.37257370443,128925.96040005969,155417.55345646985,154858.23423461503,178776.42500134662,200372.13204525484
"Serrinha (RN)",39290.9668464093,29779.43459452618,28001.975731022518,39633.04263467726,34919.78860063638,28010.099068846834,29255.737635083817,38226.568381922625
"Serrinha dos Pintos (RN)",9050.536944862279,7720.271057714131,11439.67713689006,16881.728036572193,16256.313865197662,15008.167419726691,20045.587138195217,15734.889749678952
"Serrita (PE)",151363.1345545354,187125.36777326727,166545.45757449025,193532.3813781022,237473.06264023992,309506.763947954,235056.71365405802,204782.90960446055
"Serro (MG)",404299.73243039596,581326.3872261072,261068.21602061635,283345.7944468917,190119.59490731955,259017.59475075547,238109.5536730801,256560.58575377936
"Serrolândia (BA)",58559.77581930373,68646.18602676895,55906.890980249314,37211.8443481772,39502.81637371144,50843.306353441905,49716.435859552505,51713.064793202306
"Sertaneja (PR)",43476.11984277171,31164.355947946966,63518.160038907175,58284.802959991925,63132.77532056174,52767.192948926306,63604.96150651443,53820.00247622503
"Sertânia (PE)",202306.73846550228,158824.0693954476,217907.85614672903,250357.16279201055,232890.53477244577,242699.10546083358,269105.89808436774,250094.84689900692
"Sertanópolis (PR)",94463.37489796008,85394.52100966373,106744.36051076406,115414.21655425263,113114.79054891791,131604.64990923865,133166.0359328913,128532.4049535108
"Sertão (RS)",84547.34278930699,66992.54100484792,86079.16231742954,85738.48142773211,113470.90792100815,85311.03350806444,83746.31732720608,92525.32272736463
"Sertão Santana (RS)",54646.834134036486,100896.78628835101,70603.57285629027,64564.33658889292,92215.18487351832,124089.3558499644,90574.52707794441,83141.34367587829
"Sertãozinho (PB)",22210.6027651122,7683.9483554659155,8116.90982099523,8389.640624081738,7625.128818703681,7019.923961248891,7294.260719578839,7874.174669347013
"Sertãozinho (SP)",118686.95337442734,129266.84525936264,300973.183141664,310484.4034813251,324916.90487657755,328924.58428506413,355662.141397035,365167.4809646588
"Sete Barras (SP)",182355.08077932228,92749.95528641995,235268.68093874486,68824.58229211214,91181.79506811724,209602.90229018452,64463.97455801487,45966.788958314755
"Sete de Setembro (RS)",5747.288288012549,24556.269475976045,27887.01089920535,27865.440517694304,26765.38677070262,27939.190708233593,23533.558459491964,25143.54707262066
"Sete Lagoas (MG)",236105.87638936815,183982.24491954249,451291.56314908207,1211617.9540405332,967275.7694244251,869625.9336995786,961012.5666457327,944897.4171765031
"Sete Quedas (MS)",706284.030646125,337877.178338905,223152.09940445374,194523.50567620288,171589.0028470596,162454.6753225855,167690.3948494267,147520.81286245762
"Setubinha (MG)",226291.51405256774,203798.5454957029,164207.4566776392,182980.8180435982,300050.4987558696,286929.65856998874,219562.96057520638,283381.6436139689
"Severiano de Almeida (RS)",67708.65878373974,65247.492008878566,80144.05071176554,77552.32547049117,85443.2132362265,79743.97567562593,73935.44152441723,68440.72977925376
"Severiano Melo (RN)",40586.07316840886,25292.76962694581,17974.004707466618,23670.554433987603,22987.85408144089,21320.470982749095,21964.154162443647,19278.1685583291
"Severínia (SP)",49734.88142530383,26512.089125854545,90516.51170657248,90642.42959695969,83038.77155888137,73379.64893651579,60561.24625852212,64545.57428992065
"Siderópolis (SC)",134923.63992221828,43687.182925294204,60868.202370277824,359573.9433689555,510160.4471829081,95092.32278746385,90846.78253905737,355283.15699589404
"Sidrolândia (MS)",2243896.842327439,1422887.4826790115,1298046.0722073028,1128027.0186987682,1077241.6055572696,1043812.8682482904,1003512.6403657262,923254.6715850505
"Sigefredo Pacheco (PI)",10673.89082117282,51928.56866322141,54831.92776525355,103575.36377747609,134898.94889607743,99556.8465674657,91945.23745690854,123950.08330570489
"Silva Jardim (RJ)",404240.89971964067,223879.93323607172,136021.93567969574,209504.23498964435,219080.67894775377,241067.32976812866,239344.73275672708,178042.8815818537
"Silvânia (GO)",820860.3729245338,827309.1915462753,433214.82581376913,541251.5020690843,565052.133679288,554624.6782392637,565693.8220945857,508352.33825715625
"Silvanópolis (TO)",291901.6574627961,265090.6101217604,237225.52530020068,238686.5913914138,235938.60751404642,288609.16044886014,354512.1324562443,267716.92010025517
"Silveira Martins (RS)",50322.67771465297,36958.250366486915,38760.20887163986,27546.33230543825,41419.77140557504,23173.656103922563,17926.281424215944,102316.97466438479
"Silveirânia (MG)",24092.34998407307,28805.729484796066,25400.283389791854,30846.07289636479,28314.512074249826,34657.90266209996,27736.325575892577,25952.38936517025
"Silveiras (SP)",105301.122296067,53507.33318283888,70355.81077849545,118678.47856549872,70976.9253131056,78374.10201981805,69989.4080480304,61655.852293429285
"Silves (AM)",155139.99273741437,373254.4566209125,208322.03734720912,202537.07226068733,162880.83412661758,220872.21305833367,301974.9278394141,244788.5918378485
"Silvianópolis (MG)",106703.74235348855,87134.48641078408,99417.63528360736,80611.85378901684,89111.78680200173,93314.842094138,83763.29117837927,72437.75664436191
"Simão Dias (SE)",144681.6962526029,107934.9364427802,132201.16961983326,148950.2923334546,164466.662901812,188484.224477512,209032.72103202276,193584.3178588587
"Simão Pereira (MG)",19460.199263728293,25514.219950597068,20622.843003274003,25571.990397194462,21244.60190129934,19958.21032364979,22466.722309631205,17671.889672262012
"Simões (PI)",228002.99694141716,210927.4026721353,114825.56319919946,77256.76564947792,69168.92238071495,82013.2344836646,97723.33154944667,88265.84894319902
"Simões Filho (BA)",90906.77269815173,144427.7459589779,243683.76527551553,216210.04465624163,218071.3073971792,230873.25749937486,216169.79941299916,206238.40270321828
"Simolândia (GO)",52820.71942108801,70384.65472460906,134762.61904489747,122040.52169572358,122407.48375959325,134626.23673541128,177162.9647220132,148153.13396216286
"Simonésia (MG)",295841.6849577602,120530.21980793799,90604.86324296899,85672.44781256802,90560.44286845438,104249.85832957829,141075.88714995506,81159.00160061322
"Simplício Mendes (PI)",115264.20702084576,132816.36583039758,111170.0374815306,89314.03788389836,119551.40053734895,100130.73692957676,89393.40057341273,115752.48834904227
"Sinimbu (RS)",250671.14727857965,288708.7306247937,223110.44260138067,101662.88595297278,197517.66647592705,83303.19960389852,79031.3693738962,368548.79477615474
"Sinop (MT)",2343773.5142189763,6228059.767870821,1222107.9121359333,1942204.1054108497,1993482.339441233,2400745.972752776,2513722.7219354333,1842362.385029181
"Siqueira Campos (PR)",82956.32120013973,95152.37019197516,131426.3926429986,207000.83548049463,199957.71018058306,195369.94971228222,184629.99968757175,165766.66075246962
"Sirinhaém (PE)",61580.34085188111,44768.472256076195,75065.10992501861,90245.2355241181,99856.18488565995,90955.4221926608,92006.22003380337,76284.39111302739
"Siriri (SE)",94056.1743951632,36332.19769982241,33675.069056416665,42202.20896152401,58825.01122416143,49596.52577792785,48105.66099644357,87867.16203080099
"Sítio d'Abadia (GO)",356212.52241744456,211206.6363001278,435618.638980483,294355.57764424296,325876.0061974406,475488.95147706824,415503.8613275978,354915.8280139968
"Sítio do Mato (BA)",492798.6239229876,261738.53335510867,231608.20465195228,161861.49672184762,221173.55081310542,193634.22245313038,166123.7971720952,180869.8934994995
"Sítio do Quinto (BA)",101373.09811619503,119191.0349871945,90840.35682423694,89516.57079794498,106838.24992439742,128743.40127000102,149128.30822601265,125549.18731223456
"Sítio Novo (MA)",450891.32498451706,907026.8500814969,631361.0206978302,1382455.3371846743,1241729.1426426913,974076.0813724321,1656119.7548123256,1163089.359072235
"Sítio Novo (RN)",42956.73622327106,28804.388970758064,13400.07719282782,16631.0397166844,28100.9739902941,22918.852534013895,25038.571113882434,28151.40706759302
"Sítio Novo do Tocantins (TO)",179612.8915105094,203830.76715904492,132462.06404200086,146895.1855182776,119824.08855888856,152884.08257839776,158745.8592375208,132569.69914283967
"Sobradinho (BA)",25627.364154389976,77320.46113832426,44280.26240474056,140734.19533938396,98024.98611467349,82170.37435792567,76698.06070191477,104008.96996163669
"Sobradinho (RS)",76746.11457853338,78922.00855415012,62798.380393152285,44205.12286641945,71530.36829265697,48465.29334370484,42494.00335514539,34486.735537369175
"Sobrado (PB)",23338.086719007493,16444.251394414132,18366.542892481535,46161.83523282494,53732.421431955925,47748.92853156671,49455.300794906754,53587.98027689801
"Sobral (CE)",217339.651235097,223739.14167145948,426990.3769651846,469060.62230620295,2356062.4468403314,1689006.954229282,1738895.3886264258,2419951.193067128
"Sobrália (MG)",59038.11167134313,33348.85439343336,40527.794463862956,49490.399713142964,50770.9517460577,51385.600756891035,44071.08477062171,68857.37348372785
"Socorro (SP)",88456.58876836054,112779.4322506637,162170.29823362624,172548.81398826552,192211.5102576791,184507.0295667815,172339.3426011972,163591.55810282155
"Socorro do Piauí (PI)",63162.93426535192,31499.126611216492,28395.99725919072,35317.11186092251,29056.7334687663,37295.052709884585,48876.789267215456,75071.82557371784
"Solânea (PB)",128343.97710771489,42730.263400801385,56142.175171453244,64518.041687085766,63211.66353086549,62932.09596695025,68548.27436654798,69319.13729818973
"Soledade (PB)",36588.202708135825,39894.10228583058,52890.908379518965,73188.15967627616,77786.17409560758,75075.32370052628,64304.46019898725,76757.76089338113
"Soledade (RS)",367456.6719154618,304431.98377331113,294028.1920618094,323554.29086970154,392054.32594167924,262010.55281558546,284387.9160788611,401485.0940051017
"Soledade de Minas (MG)",60439.22177707077,35717.3258641683,45616.182845242765,38172.187256475205,37858.75030747641,42442.46507488138,43256.141390828394,40155.704292046205
"Solidão (PE)",16984.355273013054,9771.926868244347,24854.478233149937,23473.6045339625,25254.55260657896,25307.647416827018,33445.14467430937,36680.4062687048
"Solonópole (CE)",140501.6418041148,177596.27526434898,197866.65087559857,217094.07337233884,235164.30672853912,255463.18852172268,294216.1924368529,234698.4449045316
"Sombrio (SC)",57904.549222861686,43350.394999782344,82515.36638994467,120523.07604954073,119264.7807728464,131879.47510198774,128000.07579295148,113050.497848354
"Sonora (MS)",1444122.361941377,1352217.0155910605,764444.8027107147,1105660.927387818,852306.1179261197,855834.7399484867,1297195.6997277697,1457306.6053891208
"Sooretama (ES)",53240.96667531729,100448.5822827243,79776.06603598167,97796.59847180864,82292.10383422929,81134.2071812727,78474.63378115589,84801.84922397525
"Sorocaba (SP)",131388.0738506044,199456.29181122786,808963.162860144,928124.5410930441,986995.7762954104,1006493.5036012526,1006468.5721159634,939394.1760364203
"Sorriso (MT)",7575324.539990642,10669332.792134963,1449600.7325490662,2188799.7228261433,2444252.6168767363,2799344.1630090843,3153246.465824871,2737398.7594495863
"Sossêgo (PB)",8910.275219605403,16109.953009485069,10071.541250913146,19362.51812838712,19625.293380360326,19599.852482298007,24132.095622125056,36033.3109596797
"Soure (PA)",535098.090247988,309874.4862156311,170673.00817923754,289111.73021987296,291992.7063244768,375426.31560386415,424262.415854774,592425.534657811
"Sousa (PB)",110081.78771637997,104796.69708260399,175638.10547749585,197123.8711563573,208798.2410683208,224773.45353369822,226383.86738517726,197530.31575277567
"Souto Soares (BA)",88088.2043202058,74019.5766655043,58538.29083824271,96433.24822605103,126171.9819571215,93933.23806112206,126955.02660940752,136913.58064970747
"Sucupira (TO)",248142.56338362722,300741.9551647863,203201.45643485727,201438.10805279674,235767.9132876905,247602.87608482686,285734.1339970549,208999.69745259735
"Sucupira do Norte (MA)",47693.563954328114,178622.6351629744,57044.63935740924,635028.9767124467,589769.1374360282,401677.98382977716,379603.5209433754,278309.30594203714
"Sucupira do Riachão (MA)",15231.127984002527,78337.51237951446,27789.077100748065,313009.1951523978,77045.24569583593,89166.96869722022,403279.13733619987,418043.06770803715
"Sud Mennucci (SP)",95305.10534771826,126972.5897470417,128164.02120055343,233197.94828743767,205613.6365112436,177815.24264258245,179227.21510443868,164001.3119430128
"Sul Brasil (SC)",60458.936425209955,39761.2698607555,53372.6811439728,52818.219567530134,71494.50481516858,62629.691606341425,68124.9284084516,47848.175864097626
"Sulina (PR)",66948.44814957041,56379.45830748727,61124.41561098476,74960.44123778306,72291.75567777813,63909.10958841724,60900.74518804646,56251.36366034335
"Sumaré (SP)",85333.0919839465,102357.14903088273,471512.2279157999,501986.63010074396,507830.1352882778,529410.6123233032,518431.3817603082,497834.52598145604
"Sumé (PB)",94702.42010969453,37085.67495299939,72916.4805704699,77928.2176867708,82366.27772740513,87145.9141161788,92928.88885902172,96865.72946201837
"Sumidouro (RJ)",127934.31615166701,103478.08041217332,80519.4521597671,110686.97865659308,93933.94782989236,103373.17038535266,91007.06634567391,81935.83165051129
"Surubim (PE)",104076.23233458759,29209.575304383397,108828.5050984273,122401.60879822074,142703.66201647054,140993.1185893919,146375.39629457286,147843.10649328533
"Sussuapara (PI)",4308.611509875407,11573.158703034773,19396.30776522508,18997.876391595524,19234.435380591993,24783.913996606127,20424.632404030894,21084.968575431652
"Suzanápolis (SP)",9772.029828898747,96656.91441807564,115009.44247134565,97828.4024278646,104566.53519786744,107517.71230597209,103810.99850156368,82439.59129030311
"Suzano (SP)",134321.5957786125,124529.23752617944,346079.0522516552,346562.61649564217,389015.65343508095,398152.53871479427,433596.0057921401,389004.6541714848
"Tabaí (RS)",50225.8221482555,54379.00071035831,59658.727140679206,35052.3291000228,66377.25863643356,35678.85238744238,32963.58421644149,41088.5297558944
"Tabaporã (MT)",1626367.050302971,11285101.603517642,1481847.831780374,1740998.525492717,2304694.6426505474,5443574.281717606,5159843.423974905,1975571.8000574405
"Tabapuã (SP)",108719.68189657402,68190.91044278066,96659.91471036537,76878.42196748147,87795.22044442783,89544.27437301024,84136.31999009947,67252.84860527089
"Tabatinga (AM)",43296.2911173111,64774.51745437675,73256.63912520221,190210.5238782956,335983.2038885381,148800.55736583783,616568.6725025629,128922.52256751047
"Tabatinga (SP)",118932.93936166739,56515.78169281157,56658.99434984958,73142.49068850212,71460.42601510421,98185.38165814089,83161.881443591,58489.44068142701
"Tabira (PE)",67599.26920164845,42141.89524666949,74393.47305712645,101108.90407914248,102651.93580816855,119255.51969422966,138975.50316681236,125766.23629402352
"Taboão da Serra (SP)",38918.4085260795,76330.41536127475,259032.0349907306,287481.7171694183,300850.9869548758,315233.9032274477,324805.2493329973,303101.7880086679
"Tabocão (TO)",1476.0217436308935,60220.76694170366,196583.86639773365,335178.3071556876,322693.6854018869,266181.5860300676,212434.5820279274,223431.8383029251
"Tabocas do Brejo Velho (BA)",174828.98804182696,120949.3512233584,129687.2343011278,275430.2173675795,397565.7718377253,312144.9782431988,468208.0229636634,263904.5313487862
"Taboleiro Grande (RN)",7304.1123692545525,8418.986785045985,10614.971407623512,14165.22729667323,14155.680377933706,14287.208622240787,14421.070756987769,12705.38200587335
"Tabuleiro (MG)",33765.40824622214,37423.65312013715,39087.8594382981,39259.260727207125,40644.82376651922,42793.147533484,41057.41363123892,41392.974051788005
"Tabuleiro do Norte (CE)",74611.5360213778,100935.92912774402,126026.65880564452,276151.4239362574,223893.45294239454,252677.23639391604,241126.22973000692,201516.0759499177
"Tacaimbó (PE)",37248.169839134214,22032.045796056478,35980.742847473215,47073.54162598489,49225.49705782429,84147.83752613569,92559.78196009336,90415.8246685812
"Tacaratu (PE)",67572.3671398049,57985.57033195251,60107.03129200475,172859.26786636168,75152.05527467,68973.04221399322,78513.0255080087,169829.2000217481
"Taciba (SP)",164812.493474748,143677.7947189096,114940.56465469617,117379.77594314498,107368.4331650741,106636.31862041418,104006.83675443233,95186.41475949717
"Tacima (PB)",85414.88501348671,22213.495510778353,39754.03639358261,44066.90190360871,44935.896284742055,41117.62768101067,43973.71091147797,47643.471992012805
"Tacuru (MS)",1076849.4176018783,607920.6433331744,456322.5930333274,430982.91705246136,430202.2146381456,426581.96386612504,410386.7944080484,384767.8936000656
"Taguaí (SP)",72729.21371589716,53581.43197930541,54838.33256611236,60529.013296862635,61711.77984543885,63011.20409199594,70010.02269382548,63827.03377601747
"Taguatinga (TO)",652756.225390647,686164.1610514564,481005.171840102,601845.4304451199,843304.8558329599,726030.4157924069,805782.8153338463,798933.6387594498
"Taiaçu (SP)",31225.972570225673,16901.33879905697,20952.325993566203,24151.76839479005,26987.513992691383,25987.75644007878,24538.74358595479,22426.625898135157
"Tailândia (PA)",1509281.4392515218,3705257.4131002366,2422211.2951007164,2392625.5274000177,7184835.01192772,3049658.6214683778,3616919.305199392,4284678.700233354
"Taió (SC)",317795.9408245421,259466.15897933138,178653.3263041404,228034.06963398514,326882.9570016539,236888.37720773378,236757.94612716397,194646.28553194916
"Taiobeiras (MG)",373263.95562630816,285191.1198554626,240821.25470291483,250127.7444116504,292459.9297338569,233726.86665235957,279491.5474979615,300478.6107961742
"Taipas do Tocantins (TO)",119096.25272397086,199217.9569613461,101262.61827542921,433011.1264581075,310217.1342984254,181272.73234009687,275428.89825695194,287191.7646933216
"Taipu (RN)",210109.77605760147,75605.74987766986,70640.52300087977,58418.325497328944,61331.373871526484,63051.212264181624,71885.2274691488,70125.73462475558
"Taiúva (SP)",34116.80972235717,24433.812110642757,28388.263033593095,27128.852283492623,26887.754164504382,26595.0172818792,27587.736997188742,27055.87313805586
"Talismã (TO)",920550.2198617941,515117.00997850706,380387.24239548296,433940.29263928515,412223.00877976045,516401.72081211343,547284.8442662079,564588.9011919772
"Tamandaré (PE)",60720.754331088014,28485.812713958294,79387.70969140058,47783.285760466664,46653.100386930426,54643.762068850694,52173.5119243055,48883.99884929296
"Tamarana (PR)",200038.8593820445,93881.11147144719,123709.36273060394,114774.66628038578,110421.36629814214,99732.26121543843,101659.27410162488,91913.49788815282
"Tambaú (SP)",201642.29602556673,139655.79694546666,194510.5292527128,169069.66145792196,154705.89285199606,158632.96450368478,150374.8191780474,154570.4919984128
"Tamboara (PR)",57976.76682783241,62078.360124478655,56140.275747717715,61249.145436283725,64655.60937959022,59814.43995614792,60283.18294868692,61547.94006456338
"Tamboril (CE)",177317.61542953798,162352.82287160668,174332.33283622627,164737.70108947522,206394.0090234622,232786.64894017763,279355.7362493083,242087.32044671066
"Tamboril do Piauí (PI)",7248.272184679349,30551.687211773675,18474.314918616757,25853.652947355335,33467.825720779736,47202.87903829326,49342.23555572813,117781.54047680006
"Tanabi (SP)",293784.3176475777,221306.0709542194,228215.9246879693,258591.7794844302,267593.5543470844,277026.04004138964,252078.3349758004,241046.67736854742
"Tangará (RN)",67321.99563618097,56386.59485902132,55296.06752927328,53891.207960289845,57833.90107235636,58329.25676997005,75088.05377523732,61383.34669029439
"Tangará (SC)",177014.0002566038,138980.86301220956,138019.42249172312,144076.63525691442,153082.94116585882,157280.743667871,146435.09894053615,109519.09905300025
"Tangará da Serra (MT)",3587720.7253641114,3303176.1653229757,1518650.5289152476,1675449.2083378842,1848789.9865066006,3271098.1683935844,2408980.569774819,1578850.8430822678
"Tanguá (RJ)",36463.77969560548,37362.49941949851,86059.34297307182,118537.50249400352,138700.21293033418,151083.98686708196,177008.96519144136,194613.1641922937
"Tanhaçu (BA)",176972.71578592542,158289.44646221693,142646.03807573445,119989.6572948901,130140.89253301572,148111.50363267306,147235.12991070788,139172.40594458397
"Tanque d'Arca (AL)",91568.16900988555,38650.67376300803,28679.801906878783,35068.15116661752,34810.41534037547,42750.657622966035,36179.8724442242,28116.917999231846
"Tanque do Piauí (PI)",468.0717289773092,7380.549374238128,6859.112914649862,11049.452517520938,11992.297612071012,10607.241201585333,30986.450814811964,12704.655605397229
"Tanque Novo (BA)",139742.30416273835,99666.56601138627,110487.11870833294,78907.520752288,88789.41590807238,97322.87376683591,98238.00635005267,80405.54967737605
"Tanquinho (BA)",111842.70878265158,39439.44496208988,39186.50916147198,31329.83210921873,47786.82130708748,49242.24621525115,42157.61869702536,44720.443404545826
"Taparuba (MG)",62271.34275609441,25308.457411531796,47404.77114100411,34959.13687652099,33945.36565275615,36545.40525222412,37425.605858915704,38132.53737692359
"Tapauá (AM)",100332.42058597761,165403.15418247573,173180.27271198426,1370762.9561742842,3985489.5605248613,4069700.200592211,2544449.062231171,933985.9975389966
"Tapejara (PR)",210550.49121884862,210430.88142258828,231232.05464379213,253773.95323479167,252615.30221860117,238583.11328127552,259760.58601377578,243894.14845626568
"Tapejara (RS)",83434.23652875087,65112.159591679694,91335.55461011788,107630.72727007698,120455.49541982448,113375.70217538896,120409.47738096782,141597.33598517327
"Tapera (RS)",36745.927743606386,36928.536029815994,56366.11876341971,57422.90062194913,63547.03520365188,56481.36251858938,56195.32436620015,56429.676392874746
"Taperoá (BA)",269331.4701761941,435119.9046442839,103039.1544160799,173297.3704161382,323828.16178723134,195801.27128575553,183548.2604064977,185394.50109426348
"Taperoá (PB)",53016.265750485334,45398.7637745763,38558.22619972064,48597.86410077135,64031.43615692876,58448.620235719325,84344.0271700434,95636.98373576281
"Tapes (RS)",375127.24676681834,263030.9242203184,385311.58905097016,317691.61176592595,376634.1449396354,343230.1589654186,322822.47620689217,308686.498578535
"Tapira (MG)",195016.93898431808,159342.184010503,198594.55510800015,246410.24357071423,241496.09304141658,262069.48497438084,275430.93126690737,274592.58504828427
"Tapira (PR)",171091.6347398936,134461.11864655896,154506.8030198634,148236.2555708921,157557.49543542397,145094.3209495822,175041.53640848811,160950.49428473166
"Tapiraí (MG)",96804.94767552125,131582.9583539929,59280.02922334361,58857.90560382356,84342.575233142,72416.90562335472,78550.44575491783,79841.94199804233
"Tapiraí (SP)",69619.81508198845,65890.87213250849,37868.31462087957,63172.159976200724,24464.762911938436,28172.19221559399,29623.592095224085,15218.657834797848
"Tapiramutá (BA)",249261.63904768854,89570.0821178669,174687.21310961802,173491.25833887688,198292.9868539237,205632.6200327381,283591.8785819237,270956.8899072073
"Tapiratiba (SP)",86795.80911571479,104550.91812545201,84327.96882710219,115124.84182151787,129981.84313548035,139641.49269952584,102984.38698550548,92286.29844495183
"Tapurah (MT)",1495318.6489642328,4832811.924986927,1149090.5209559817,1231278.2965940153,1258431.4994295286,2698440.09630233,1967804.299001318,1693683.265203841
"Taquara (RS)",166537.3296697218,449460.2298193088,224494.75661247483,190454.1263016672,230216.6660929325,216780.61525835103,200869.58317152353,231432.9472105324
"Taquaraçu de Minas (MG)",127705.16953270837,81382.83247381372,56235.76526969842,57618.75459337399,36071.05681991094,39317.72947565951,50406.87481064043,59008.41291846998
"Taquaral (SP)",5231.7611922580145,15463.218171354421,20543.5365250256,20774.949559909128,22124.341422330195,31743.682094098054,26835.47213727914,23371.088070113296
"Taquaral de Goiás (GO)",83554.04055322468,67250.81324572169,73259.50323502136,72848.86951856347,72187.90129077295,74245.22892984515,68093.17802375971,76164.32842493046
"Taquarana (AL)",72937.44881143051,38789.64137772999,41023.66525043399,59578.44225809624,72376.13594647046,72516.12450847296,79853.02763731503,72427.63076461725
"Taquari (RS)",206909.86738019212,275856.38593383855,165943.7411639019,147691.27978445622,166435.30066197348,119358.92296943818,132267.72790940295,190431.3131798727
"Taquaritinga (SP)",157257.1297586953,96554.85085822677,184730.9762211026,151167.06438614536,154276.19098690373,156581.40579612917,157953.70084854055,136980.7239887393
"Taquaritinga do Norte (PE)",58946.851689526775,50589.25365831611,88823.44794462361,107712.98405912839,113379.18222971221,97986.56177367976,116186.07179044862,113166.87278503267
"Taquarituba (SP)",113560.17424659034,116235.68853177634,213325.4689171033,298290.3366792649,319810.2677126369,340675.8228244089,307295.97859342216,305905.0577616604
"Taquarivaí (SP)",35436.74544414204,71036.01611645412,54721.748043403575,51371.64427256201,55158.42728091668,52637.19459439874,53007.89505281791,61877.735905998416
"Taquaruçu do Sul (RS)",27019.51806911847,26846.559162229438,32563.578442073784,61505.28444448627,68699.2902878343,71634.25100103971,66160.32753904467,62473.01891079219
"Taquarussu (MS)",474456.03942024894,412989.5453604837,321647.8114391239,495844.6897976296,571314.4396969752,450760.27685860713,499224.6024636843,234332.65425300188
"Tarabai (SP)",81053.22239152461,62844.84492065734,92069.18778303434,67151.08036338942,64868.897138410015,65776.9434000412,63052.440853579974,65433.33131931155
"Tarauacá (AC)",661983.6032528525,2447018.6869717212,1909467.349306647,5861613.08985071,7141337.8166196095,8763337.603919195,4549636.315317019,4637442.267137006
"Tarrafas (CE)",23981.18576489513,43785.0564883969,33449.05832339796,60314.09396482402,54894.03774451318,80843.02708399846,93400.38942852471,66527.05045697116
"Tartarugalzinho (AP)",22248.598881858725,123672.24921132196,126773.62308046654,258721.6613198652,218924.8154189029,384854.10894208384,432871.4486655609,190932.66205552858
"Tarumã (SP)",12938.691848519678,67080.67612942093,337834.7830890467,382540.7271338265,370654.7397332233,378235.04379554885,406156.3810716918,293226.0559152269
"Tarumirim (MG)",140292.218247876,73124.86434534036,138484.1866194618,143498.18134643623,150834.8571596759,178377.00251207635,151995.88650100335,153748.16447649745
"Tasso Fragoso (MA)",168418.8031418283,252773.61499632287,872293.3867160758,2551376.423492892,1577904.7331897467,669140.9008036118,1286490.3572669397,740574.4469624516
"Tatuí (SP)",213625.33383417656,169026.43156608898,268923.96261213353,275233.96828999475,294014.6043484368,280201.2375687038,282049.83730891976,258638.91529862757
"Tauá (CE)",568035.2406375154,682272.5396244574,405560.54948049376,512633.30581403576,441020.77103781485,535057.2048573062,568894.8670450839,523260.65706982824
"Taubaté (SP)",172088.1388121969,228169.4242558955,606665.0878283515,482304.4202716446,512287.98065153643,569006.0218289542,609111.3419713149,528083.2454518656
"Tavares (PB)",38390.85686277568,19150.19636559499,47652.358319230385,48574.714712767534,57155.621846069924,59673.525435890304,75281.93164089159,60712.72322040395
"Tavares (RS)",116774.8852400695,127703.79938098587,159285.23980924115,115150.21296721172,148666.89797370008,117288.68353701931,110174.4742987472,90831.88090634858
"Tefé (AM)",404814.2559925189,381839.22863050253,408195.86452768225,1066441.1151323442,1606093.7067900817,634067.1828370114,1583273.400157001,1240239.1113164502
"Teixeira (PB)",20063.21874554113,7830.791232728117,20308.094398990397,22530.60388897266,22536.390634341602,26020.908969204414,26284.810135397252,24054.831683612425
"Teixeira de Freitas (BA)",394323.4535761929,321421.52082133404,449534.29591722414,638197.7869454355,659723.5650339612,634588.4293376649,650542.7888606731,629760.3380975504
"Teixeira Soares (PR)",401948.89533806493,363195.8718170334,172634.76768670388,173887.98919043902,166739.00328476305,160830.0403595351,138500.22582525542,110508.66840355679
"Teixeiras (MG)",45067.055688603905,32317.920170778576,36538.49057588681,56160.86161458774,67703.18422923944,70658.99804573348,65445.146056966136,60769.709671025405
"Teixeirópolis (RO)",531806.2159660547,617527.1640929921,217203.61877496552,288464.0457958775,341059.71401502483,301683.21807668696,473170.71730537363,254662.83391282347
"Tejuçuoca (CE)",48284.889952412195,54539.08804715979,80929.22776414746,47584.88732521384,53576.95068340858,71648.91983734656,103487.84055736045,93535.4371082651
"Tejupá (SP)",158255.00152053568,82480.71218868553,62338.985756930495,48938.5102703427,41391.83608659045,46623.91811279409,56962.094177246516,36266.05392433009
"Telêmaco Borba (PR)",267201.63004962483,128103.28164527756,382880.36111301073,407882.617117453,390215.6102538231,428966.0235622308,373601.163885494,392455.9772039698
"Telha (SE)",17565.409062182614,17948.5246655484,20504.453269424903,16150.474649385595,16779.28534729426,16609.609135033592,16326.63368132126,13080.679127337053
"Tenente Ananias (RN)",33514.462465580786,22904.415832937484,34098.2860869766,34681.34009651347,37664.99828657709,40225.5238284373,41712.005996808686,27710.86543608841
"Tenente Laurentino Cruz (RN)",3730.4624507047333,7367.756669859316,15028.009301861026,13014.919771070687,15067.981522746597,15100.639913737381,17596.316682689838,17092.95200694431
"Tenente Portela (RS)",147723.0283356157,54629.85603116869,86536.53974632829,118595.13081275573,122864.13723137851,131633.2598892961,107100.6835622047,99567.25071085442
"Tenório (PB)",1506.3403066571843,6937.338307071634,6877.197843399822,6723.684100015132,7047.493384419428,7914.701133039714,9614.642566571138,7910.171081341448
"Teodoro Sampaio (BA)",117315.53611155413,66472.48682418243,71491.89262518052,71501.51602304983,62409.314617099175,81481.35576447037,73753.6358057565,80311.94359911313
"Teodoro Sampaio (SP)",608112.2346049396,265728.1386182658,322218.1421334147,266189.2562075885,292653.6897666642,290151.02474196046,314530.9418756239,283612.91548537323
"Teofilândia (BA)",138595.37882829254,53927.92330704066,61616.913296880804,81515.62777251913,80841.32774044437,77846.07500876598,86294.50897525546,96287.85954206306
"Teófilo Otoni (MG)",1079605.330777454,640125.6096120542,882767.3254449369,790304.5921291291,760171.488669382,1055867.8370544282,924383.0693538648,1130386.4997756334
"Teolândia (BA)",319385.0101483228,116680.47674098014,78680.89080029585,98985.18776471756,126855.81153315699,133652.42664123725,151367.6913156361,65387.66113486579
"Teotônio Vilela (AL)",89504.61990929552,39606.7418087588,62968.09503415218,88481.20161469447,94603.19636666754,82379.16911137229,91723.69048955817,88621.38964770566
"Terenos (MS)",3007767.7969221207,1390089.7748764744,800873.9917686984,865862.9518369905,873825.2502301876,754719.879003041,967549.8954613596,743710.0396966832
"Teresina (PI)",359946.580359451,567346.0547407483,1301915.6635523755,1546685.744470775,1547746.415444649,1605498.256842534,1642694.885022788,1683791.0719432158
"Teresina de Goiás (GO)",56654.28241568517,90047.12889451148,50959.967634776454,83971.01674475921,73213.91664627475,82349.55039169533,75323.0222856823,63834.241480622
"Teresópolis (RJ)",119181.51508940927,130163.24350731821,277305.8283166074,326984.3406827366,314038.4744935109,355117.26685753744,318471.19540556404,299892.1757605331
"Terezinha (PE)",57043.35794526222,42855.450861280406,89698.37106518481,89367.37258411528,81931.03914803198,87574.81502183937,91805.23032505668,100378.9330058373
"Terezópolis de Goiás (GO)",26646.850772985552,38769.83642409097,89559.42685874338,66128.03443804412,63866.89316113974,64409.28698299667,63058.00360436321,65429.518458461025
"Terra Alta (PA)",103092.4121461621,354809.3473192315,139307.4829207922,48518.729517834516,88568.53676717574,90055.33643971452,161936.9088862433,71719.9927210073
"Terra Boa (PR)",53139.11445997869,43418.76751159432,80100.2690491234,89454.04425973902,100001.14533050577,99539.95133073092,102428.79216570221,102925.36259414181
"Terra de Areia (RS)",104082.95261997655,35647.18924564179,79969.0912552411,99589.81483890934,94915.0923812191,94596.29968515839,88496.792357519,105613.01155687976
"Terra Nova (BA)",69175.41412721899,65991.55298329852,66006.80475331239,63494.44388526898,51549.11334122911,59113.648400319355,56323.362833148494,60086.10223848282
"Terra Nova (PE)",51451.59417356245,41021.78195684383,43153.067538188356,43467.89663547679,37902.04150331595,41948.069397066574,61006.441744425276,57173.11711710302
"Terra Nova do Norte (MT)",5824731.848637642,2489454.206996858,1041797.1339689813,1052619.587768229,1156821.653371742,1161392.7797662339,1139906.0904627813,861988.6629698321
"Terra Rica (PR)",250370.35627686806,205373.1202332988,234374.7903765083,225238.00917274624,222634.62613696372,245869.97615123313,246207.5795837588,246413.24601820478
"Terra Roxa (PR)",181585.20594256464,164684.25852485595,210173.96995868316,237027.36300787548,213545.47004323098,193676.26456648952,224755.97740359826,159486.6400145854
"Terra Roxa (SP)",30781.3823452651,44334.33030363151,39729.23232336492,42397.98997812626,45065.78684638311,40573.36306392441,51674.28045151174,42947.4503112886
"Terra Santa (PA)",436165.8438363482,496222.52377521904,352350.261817563,492174.82610401686,682728.8352584946,811961.0605987802,713649.64238463,610782.7586492928
"Tesouro (MT)",1166387.082701601,908492.2331065943,572214.6340909955,731115.0554706434,622932.0880279517,586469.2395420236,585009.004923999,610916.0235129229
"Teutônia (RS)",107280.1982609572,140831.74716681222,164525.8249010099,158882.11117251538,209889.95582477402,148815.84629579794,146123.64177637373,148232.03605768364
"Theobroma (RO)",1126344.9857581914,4482628.326170773,685632.4599602239,1087168.901869229,868511.9799688068,1142950.8176277203,1444839.1051584643,754945.131290114
"Tianguá (CE)",57084.955315779676,80440.17742691973,120435.81261243085,236483.8944987725,264866.03051665006,245335.1092442467,269703.248169648,253185.78309265897
"Tibagi (PR)",1232913.7236481518,811550.7789854145,339864.1832400587,475231.356554347,495727.5300149366,414667.64164201106,398815.6782078136,351425.06115300034
"Tibau (RN)",3880.26488485962,63763.3283059077,12200.867306627808,11497.480772236839,14468.084790179357,18491.23885433453,15725.875926400415,21730.939884619504
"Tibau do Sul (RN)",24466.169612443944,17492.30349203581,18602.06691720385,20452.866173567338,25457.292731703423,21885.82522436484,20050.832479635654,20199.500629761427
"Tietê (SP)",93350.08667095701,128565.80678699746,177549.5469298939,190930.81892792613,201996.2493827698,186192.8956924279,172814.81283621743,167698.56501322374
"Tigrinhos (SC)",9577.758779152191,19429.470277813834,25001.56760986228,26292.45128361438,29376.532272891807,25018.297324266834,28232.238676087334,23905.171348929274
"Tijucas (SC)",138226.6500332997,115282.55778566436,163275.17576796978,141749.41624584017,148653.68878914914,169659.05212349622,155940.8252762908,143695.55364932702
"Tijucas do Sul (PR)",452941.97517378244,170855.90198604803,210971.7375049857,200670.65334234125,175345.4903794326,236768.9478083134,194237.888373511,131122.00178946872
"Timbaúba (PE)",148834.91176294247,79761.19325545643,128877.33250939194,123271.02947888564,108381.92665921756,102661.0306556457,108060.67520623725,107917.01215704197
"Timbaúba dos Batistas (RN)",20320.440455987435,8422.120612567041,14944.101358889826,18688.98119788508,22063.091325560068,21719.68097717857,26525.03370221644,25334.79364227267
"Timbé do Sul (SC)",65369.75850983202,57958.68420393532,55764.64326736441,78094.44077648046,58088.9847209832,87766.97445572256,70661.87684425285,53518.15237586295
"Timbiras (MA)",108830.80254072281,123052.89069945888,81847.19585374453,783645.012071055,503456.91033732373,545486.5976951554,1046711.0535041916,472940.39389664726
"Timbó (SC)",43540.97731581752,37321.84041915042,99539.47637998704,94106.22756210617,95104.350724009,106855.3785382915,94123.47705184798,95146.6488539733
"Timbó Grande (SC)",322471.6316577234,245291.80513007773,196104.62991255758,137978.22266949815,203318.10744510707,167300.94994390503,165264.52888040539,92213.15093146697
"Timburi (SP)",62961.263425975565,55104.58063690871,40959.08969613391,34057.062833113014,36839.205014087456,36652.99673567654,31140.00818005744,26980.502309594245
"Timon (MA)",113423.76147112192,229209.94101586656,286892.6976572254,885159.5466118288,349618.9831663773,608729.2289062677,1038662.5865713191,1026584.2641089085
"Timóteo (MG)",57686.27649714202,70628.12984780701,1306809.143037275,1225347.3608860897,1394269.121878785,1324847.1317942066,1373287.6808166795,1157186.330194586
"Tio Hugo (RS)",17303.954995525626,6252.891734368723,51724.334117978164,47930.524075163565,54772.441850558214,61626.932964395935,66575.49383025062,68487.06983825975
"Tiradentes (MG)",21021.7132779917,15360.784420304857,13816.369823629197,16993.42535003953,17457.399051593926,18547.535239064557,18439.534114962524,20226.00550913318
"Tiradentes do Sul (RS)",38813.550919300586,22309.51996356231,65430.77328139348,82122.75271525624,92359.3634947892,99900.41811118621,91445.01748361316,64808.000894175515
"Tiros (MG)",325214.50562388304,213537.04580910262,236734.96130312645,376844.51338404673,349248.70629629376,327918.2892599071,354521.5634696023,366848.79723677126
"Tobias Barreto (SE)",182023.61225814375,143860.55685155158,188949.69307145211,194869.9027516222,214374.59110077334,247627.66503565354,286426.3701515064,284156.0905838598
"Tocantínia (TO)",163297.16030139616,236591.83153038303,174256.19930137938,164305.28627503596,157610.413629198,155306.03539007285,236282.10272760887,610656.0543186361
"Tocantinópolis (TO)",270680.8542428257,161760.54571690055,128161.7491094498,155346.4077775912,153856.3775841576,168268.4095511982,145358.36778159338,149108.90200783504
"Tocantins (MG)",39667.989902981644,51636.548999991464,57990.69269490473,51214.325106030294,58562.41622919474,57887.750555902574,57093.46514873184,53721.50315025915
"Tocos do Moji (MG)",38763.19301598157,48432.0914389856,41775.17624022368,28321.878075351506,28818.698411373654,28258.781528506814,28310.832643457852,26825.453751277913
"Toledo (MG)",33504.78553643335,32948.635683821085,39177.810084323464,43988.46483195033,40603.69306741528,42055.79698447807,38527.94889061022,40185.89650289485
"Toledo (PR)",325329.6377797964,275691.14284849615,549230.9521638292,922638.1143417143,842640.7691174933,833954.7060686212,885798.8158383194,877629.8469687932
"Tomar do Geru (SE)",58860.800505043524,53345.19258401403,55193.95478059358,64484.758154472496,67817.66623868214,85779.67625289998,111882.71832331663,90654.22255827529
"Tomazina (PR)",213982.073635763,223329.18128153833,162749.5081510934,167407.21515294057,148062.86680424615,146637.42272120962,161700.10030657012,150169.52694425866
"Tombos (MG)",70074.15490428636,49588.123055259624,61470.063082182445,93465.73108711356,71956.6574240025,79291.71367293679,59279.76758102676,55869.92482383618
"Tomé-Açu (PA)",2965868.4731260412,4628656.7887091795,1661101.430148272,2550525.353873478,4526645.436547251,3162411.85180628,4375025.670498187,2191663.1408188925
"Tonantins (AM)",19572.84778876495,18694.846604729715,22132.868246797596,53274.74370124842,63158.324117665914,70862.67718882403,306701.6670777869,25714.35553499387
"Toritama (PE)",13596.919675940264,12918.523180389655,41852.09882763287,47790.03258106915,46763.196274429116,46045.25088534288,44720.049868200775,44923.368300352304
"Torixoréu (MT)",1065174.1650102562,685979.5708302832,411814.2387903945,605072.2877714034,471327.0478722386,476324.6043605448,537723.3959674855,428846.6257474152
"Toropi (RS)",52653.26048920081,75031.74856906217,64464.534306474634,70186.5125489673,87469.31414076906,76697.30404396185,52043.57630071482,70925.36870843315
"Torre de Pedra (SP)",3621.4748028153863,18761.814057022555,19874.801948452405,17885.24397157534,20139.85740694112,19531.132249171336,20198.55207925838,20281.99077040464
"Torres (RS)",130384.67401898606,50694.63058732015,117188.52463693015,134099.33664239765,139680.3148327978,164278.262365618,170110.06850174614,157053.04701834318
"Torrinha (SP)",84497.49347113994,94360.26713211137,88920.26632919992,108189.02405937226,105606.26084955057,101792.72384011411,102351.96336201201,159995.8304280397
"Touros (RN)",107175.86711720013,244153.41783368363,133055.68558958435,83270.49454327908,79999.63852245703,77930.42747320859,96759.55655322186,118383.87926386198
"Trabiju (SP)",8011.776149313572,13353.653907633712,13795.00989817808,14730.02496331184,12035.762411315609,14719.236493438628,10023.027584645337,13798.46408117446
"Tracuateua (PA)",62882.63527749616,1877291.7079689053,372024.478792405,118430.07232641165,159165.84497907676,1587680.8549149565,656563.4623132952,99115.69798349014
"Tracunhaém (PE)",37681.487282702015,29476.450698733006,24817.52320822173,25092.416050751588,25935.74201849031,24759.574614572382,26384.73115002549,24408.09128389099
"Traipu (AL)",135215.48158215202,103339.5809520004,123633.536249746,95741.97091956782,130888.42491765259,156044.0258367737,187790.34199816547,189718.78545428437
"Trairão (PA)",532102.9588693025,608638.9431878112,2308402.3621877795,7485665.930702993,10568433.262407467,7533642.581509235,3063861.594126665,3742204.9838575227
"Trairi (CE)",192755.50589121008,328016.43643224455,182717.85974301712,215871.8799693525,252466.81626414778,261632.35492428576,254709.69385092755,231551.50429810517
"Trajano de Moraes (RJ)",153151.80821642518,144079.43275879096,115828.53242642494,118403.63740262068,94815.68660759181,144831.28838970175,123651.33238975648,89619.93014432024
"Tramandaí (RS)",28299.238792162978,35315.103476563934,72461.0793846879,79046.55068713616,85224.9496662246,98841.0728805621,88035.05480528164,79345.00875042877
"Travesseiro (RS)",22116.887466787844,43881.17971406662,59745.668777104744,42011.496105993996,79897.14755783729,38941.972717938974,37309.37258932125,77142.15774122809
"Tremedal (BA)",161894.6520302694,348440.76619175833,259644.7477905339,344934.41685900267,239952.02522937977,266377.47067889123,366503.357227003,363062.1757800362
"Tremembé (SP)",71195.91744379012,46540.320517022825,5247.48373160896,115.82541400361879,293.00206648747144,4476.650844825477,3539.7923690501425,-1742.4779180609085
"Três Arroios (RS)",40104.629447396714,49132.65919970688,62862.51334588934,60433.669974397955,61612.67015432358,59177.18981415522,50344.9650261084,48952.94557423574
"Três Barras (SC)",291395.64850386395,204560.40783340513,159090.79703507049,205519.57546009848,232115.10852460004,231110.37765259767,208588.76835818053,190388.44242590293
"Três Barras do Paraná (PR)",388139.0635492545,145404.74228083776,181535.63299193283,172763.51642937987,175699.33232906403,183201.5238989868,166102.76045379328,157910.91234892042
"Três Cachoeiras (RS)",53406.31764544719,41557.341851885634,72170.60433604349,96818.42807525363,102571.00708903436,102197.81419290151,100257.52252701424,82921.14287532344
"Três Corações (MG)",215488.22755170273,177635.97741565967,318107.81312344695,282506.7690429573,293802.09859136754,293820.9922924366,272028.5672998501,254457.41744951264
"Três Coroas (RS)",74727.17826120058,304609.2207793347,71862.06414963538,63091.40688406486,70083.94017089967,78410.25482168939,63889.889065102565,67182.23036771825
"Três de Maio (RS)",121531.49340027306,90035.90176797888,138337.41581905264,165925.3489201062,125111.93651233337,134572.8136366888,139026.32967505616,137847.57434907072
"Três Forquilhas (RS)",48964.6879306488,53901.03058621566,52134.46978532526,47956.6799425287,62086.4603760781,39647.1708176205,30984.540880938526,38057.28332322372
"Três Fronteiras (SP)",71475.58976317503,48440.38114244274,48569.853849078645,53630.04957180734,49631.19512129038,53858.15649205318,54533.509240476735,47781.79081631068
"Três Lagoas (MS)",7772905.112920446,3161275.220556732,2766770.78947192,2371831.275224658,3033234.469464069,2029374.9439779227,2079408.3120436526,2202905.216961781
"Três Marias (MG)",631059.8719740361,471756.8264262383,535693.3964002406,308854.2194850423,309475.89145887963,282120.6915837503,443084.38546019583,343115.7886577139
"Três Palmeiras (RS)",38625.57540873131,35158.80234215378,47477.25587215652,49590.24079048262,48370.49415328084,48358.74360515254,43995.46429339752,39273.16514406864
"Três Passos (RS)",179036.2128638401,83048.16593501311,114004.48380104497,145865.39294727216,163256.30534624905,148924.29229420872,150605.93309550616,142192.2967010651
"Três Pontas (MG)",179348.31150651813,180937.66053054322,174216.0912269489,132424.40717470675,132332.09807193233,135034.8287592929,129053.45004459389,136430.7541617089
"Três Ranchos (GO)",50589.25342991457,43022.512844399556,58457.8234779566,56633.76841923489,56428.068509923345,54906.02101794648,71999.25388641482,56004.06486846399
"Três Rios (RJ)",104181.58318057156,108785.97072960084,172872.62666329675,252030.5579746096,204000.42101687985,204005.0062769503,194598.6020172767,196552.8961005982
"Treviso (SC)",70535.91987461143,32653.283811508765,36826.66574227413,53924.50637976721,35420.05017695917,57459.2041492259,50463.963703990274,34439.541461197754
"Treze de Maio (SC)",33208.92144222475,31458.49150587185,54897.81623323927,55841.83747078765,60021.99963252919,78673.9433607916,68138.39919202651,59076.2571608417
"Treze Tílias (SC)",59291.658125607035,61033.340371855455,87494.3646151311,125267.63510494916,123435.24306554714,131266.1621123932,112728.23290995644,116214.5304933486
"Trindade (GO)",321297.7084761836,237838.27882750513,265656.3834582134,298818.56263018015,306075.0517237863,326088.0991911197,333567.6417634509,329297.4274460775
"Trindade (PE)",49098.10625699184,41730.99548804744,64456.89816902233,109030.15265173311,121959.00745127177,138007.9890163092,138583.56989250076,129452.48856390687
"Trindade do Sul (RS)",53162.59520091328,65403.94002921449,60805.20383027785,71898.38916032766,69104.76893757631,65948.43799118281,65609.79487967068,58049.97756989312
"Triunfo (PB)",19703.53021944937,31923.73583285388,45838.939694463574,43225.97123984286,42069.29141950241,54790.994885744534,50612.96719310831,45247.328409637994
"Triunfo (PE)",30118.257495738897,11120.6450244317,23534.193832278877,32522.2260974339,28988.855839509353,42050.48295576786,54542.44980652344,42602.26296253504
"Triunfo (RS)",390165.6315644939,382217.0646410849,364122.2272657844,341979.58379650384,409725.9448927324,300671.741275346,371319.4180921992,465162.5342499911
"Triunfo Potiguar (RN)",13724.862517542526,19049.902283068855,21290.15293752959,18340.44168124532,19336.257758861197,19646.14786545127,28376.920964478417,26811.621808967753
"Trizidela do Vale (MA)",101026.98557745042,118503.026445516,74124.01303778435,138236.48447657994,119758.26197390811,120785.70153247876,111013.52005945933,124149.08736582362
"Trombas (GO)",362442.57227619627,201788.65925149556,226738.97294875962,284511.5325336942,269665.7598969731,257286.63157473237,321271.6980506576,265092.9916516953
"Trombudo Central (SC)",72962.59656407326,28916.795376589325,41300.97758354396,61731.15539665177,67913.3283975035,61057.534775939646,56058.83983441685,49783.25334561784
"Tubarão (SC)",107317.2095470985,96663.30627928503,398719.83468320244,353136.6402135529,353960.3955827046,371291.9626265977,376760.97798433155,355206.3375418383
"Tucano (BA)",303581.94639132364,169141.00429456163,257290.07528114156,263332.5374965908,321994.8609155864,351844.3656323412,372562.882754227,371703.6677252666
"Tucumã (PA)",5531596.837813588,5254646.642591423,898709.3272731892,1415077.6228932901,1219469.581296604,1428874.5705059592,2087659.884455467,1054742.0559815045
"Tucunduva (RS)",58938.616377000035,32390.939601669106,53136.823243991515,66746.16791278322,44333.874263777354,61452.80222852711,58844.190093682686,48412.18592712907
"Tucuruí (PA)",886167.5008096667,641872.9073288012,1173552.4622716624,1467307.0312646457,1196753.1700122447,1566005.1962179234,2029787.535672319,1243469.479481349
"Tufilândia (MA)",38935.220500209674,199336.53223803156,211517.61983769797,94337.65625999682,168471.81672072705,330431.77843044465,110266.8799623194,86464.73705140185
"Tuiuti (SP)",4763.344452847273,29907.793717382552,56085.817973957135,38740.59737079322,39185.32233654324,37192.451451106936,34466.49442165301,33364.36711880203
"Tumiritinga (MG)",92896.11742267273,60386.42093949601,68302.71402624392,74522.37002456668,82302.08825471769,80681.17856734098,77631.7695452058,70031.1382828459
"Tunápolis (SC)",64604.538386695494,55486.751674757004,86665.13380004735,113345.92210850317,118237.61505963371,110759.68711422278,105343.75400746592,94799.04670652573
"Tunas (RS)",91795.93209683885,81748.24493213363,92779.26560385681,68709.61011354774,143640.39335528752,78868.94628631028,56271.44968230778,149718.91751361423
"Tunas do Paraná (PR)",180664.4850501517,67676.4177049295,89695.76766400019,115434.24995401161,139294.62897681695,199974.13384939838,175815.6450892896,56329.63602384587
"Tuneiras do Oeste (PR)",176870.721420149,161552.00179480884,158880.2233307589,154424.03808806208,160580.62956705733,156540.74112951843,167586.4499174843,137507.66270972442
"Tuntum (MA)",1016327.9177082756,964830.9977511757,824414.3648460899,1395944.916998465,1224824.5029828362,1015867.1544996626,1935966.1712541864,1430812.243503744
"Tupã (SP)",248656.08391703002,194276.96560763833,285894.680138017,293618.62381171295,301655.05509201356,300453.59993281425,313609.48592850694,289938.882334599
"Tupaciguara (MG)",630838.2124104506,495087.2548109846,422358.00974441116,454129.9975220697,485191.1345680316,434630.6820434044,463474.483929551,469028.11675937526
"Tupanatinga (PE)",76208.61485136165,84563.72410449349,154930.2802272842,102335.57027137253,127775.85994075154,148337.9139998267,146755.4104498374,144023.33944936877
"Tupanci do Sul (RS)",17087.957567673682,35464.48499666142,56843.44073316934,34919.625007637645,36718.8701898616,38520.29131222362,39627.639253719535,27071.292873072023
"Tupanciretã (RS)",878368.3072613123,683345.0915532405,513369.8831912224,402863.709986013,405770.6357344281,375249.31655522325,307657.43294387776,302490.3197446673
"Tupandi (RS)",30347.359576082214,77481.59747585964,44802.05926667216,68350.83262816699,81312.96498649578,72866.54858277418,53685.4196712461,62606.05547271588
"Tuparendi (RS)",75290.35978166292,60959.491521196935,92592.8718900696,108904.75894048004,84746.03091725323,96992.81618263214,91024.16411385697,90061.28889967417
"Tuparetama (PE)",26532.00596549706,22208.34754282752,36009.371054490846,32992.52234675057,34580.47754180126,47387.43435092051,49754.17048119215,34592.95358895184
"Tupãssi (PR)",58103.98610715813,33429.82598148401,64871.063876601176,80928.66806260501,68330.33586332215,76308.05463928085,86459.59598281827,91325.52501113311
"Tupi Paulista (SP)",71425.72605872592,73901.9394104831,77907.45644914756,78636.26566246455,70945.58343547116,72878.7296677673,76444.81960652179,67633.02242570755
"Tupirama (TO)",92602.01465539567,460362.33772316185,118124.19777016548,170411.52339596828,206960.51087631294,204894.64252477622,171710.96832590786,128642.59354055101
"Tupiratins (TO)",69317.9460043526,320328.56416984403,346164.53657128336,208240.18808510475,149975.04780185342,120906.66021387068,272165.6876143361,262589.03984424635
"Turiaçu (MA)",208150.0795791685,1204772.8962679382,648412.6969181697,510159.8649490273,405633.2618907023,805782.1746129389,494579.5151524952,546537.6620813216
"Turilândia (MA)",326137.21249982226,3209395.8511248794,814533.6640169609,762623.4359942034,710692.7753913524,607845.6408777375,846762.0387325878,435135.20359019184
"Turiúba (SP)",64075.01925661015,44013.088579578536,48467.42580664916,48837.87789698127,47080.66469675518,46283.30171725656,46107.06293472874,43712.84153193285
"Turmalina (MG)",141253.9753618358,175852.61965688714,147609.72042611812,163354.54294944127,106438.09916246463,92547.91194699574,141659.46514570244,161692.56497023752
"Turmalina (SP)",46626.01070849337,40710.20127277734,42253.605497800134,43593.040763191544,41754.68096318278,39456.674505113086,39217.267153793364,40062.92052126371
"Turuçu (RS)",38002.350244599395,98224.22388458897,154942.80045813893,94486.33396763736,116406.2485840243,101932.2229233086,89997.86525979315,72139.94590275896
"Tururu (CE)",21405.52371744416,64338.603173075666,35478.46732676934,52912.40356642084,48589.23134242984,39748.217859227356,62458.98255419491,50389.11385620976
"Turvânia (GO)",161673.74118138658,161232.63264060422,194131.08839056056,137384.93460391014,157868.8158047985,177516.6403380837,189513.8271656359,159988.06487158893
"Turvelândia (GO)",277065.9848686058,189577.607532664,188672.31318063228,210934.42310923844,223009.8424045432,223750.12964239865,239606.09840408835,228322.9246410904
"Turvo (PR)",406462.0099976148,363221.23027645925,262225.0066380825,264665.19367283746,300208.95851487474,253824.33315953152,230519.51813517825,160062.5984206867
"Turvo (SC)",103955.33068011959,88055.40911391246,106892.03913291752,262418.5276399173,267288.3192973048,261894.06955347126,252064.54687141546,230213.93800361696
"Turvolândia (MG)",92093.55854731848,69468.62814448803,58225.07386076344,54605.107794779884,66314.20387975157,76991.66622362431,55505.168611257344,48094.5266013094
"Tutóia (MA)",37574.38546554429,55543.38955090396,95454.86330933483,309180.16844982444,174562.81611223685,179467.84357185868,216141.96910535704,170196.9218624304
"Uarini (AM)",9769.947710298964,49679.70841633771,42554.58087881826,440107.44008139055,922232.6533604317,359943.52678697265,783910.9953299874,608801.6465835253
"Uauá (BA)",182032.6112618733,225358.98353992144,202703.97276654627,244432.9569257582,254374.8505344424,313234.41942581965,287633.44996785524,368851.7397812628
"Ubá (MG)",185463.2110614369,104839.45780257974,189296.07617047062,174665.25606124583,185624.2980991088,192626.67170814055,205727.1840536902,231488.18771177653
"Ubaí (MG)",191999.0656671604,288957.6480678389,186512.85274537967,157694.70064322688,174832.98490435997,194872.92775737564,183165.52846001965,205089.50154639152
"Ubaíra (BA)",407527.1231625107,257587.27280670466,136388.4083784527,172751.5010635916,171575.2197318353,159216.77641393998,154232.03191097695,113076.25142317529
"Ubaitaba (BA)",45744.3186508586,67985.22085277566,119499.91221284299,51689.37995627705,63273.21175278017,76663.25505028058,67848.46769543922,53512.022663204676
"Ubajara (CE)",39637.34338464755,40290.636725843775,62918.573730745506,99506.09747493504,83592.15670137976,84094.08313251815,109920.34293700749,131030.15243651294
"Ubaporanga (MG)",134190.77562423723,40965.441429375336,37154.15022775275,37263.465960179616,46817.24389108218,52718.65219004126,44656.887070129706,43512.48150845881
"Ubarana (SP)",8508.195744279077,56802.92523866555,57855.23625750867,64826.541667006364,67056.6049760634,56709.531942263755,65502.89531643365,66893.17342006131
"Ubatã (BA)",103557.78337038995,59977.66752282645,72200.40837954558,48352.006141816346,54125.96774019931,69425.8080958811,60287.452148630924,52411.66942659012
"Ubatuba (SP)",46087.48326242475,29340.775876367585,87304.13855668493,120926.6855169298,136094.2113664939,162739.66500771814,168958.85313550083,135091.4875287116
"Uberaba (MG)",1723730.4114226324,1190472.5173732818,1797602.4129725983,1864858.2331661328,2159593.519897567,2120802.3297174457,2093754.1980929729,2077419.4855639879
"Uberlândia (MG)",1622811.4299820063,1416843.5114144613,2570827.4025991494,1989873.734907955,2166089.340879454,2266873.4342972585,2322401.2546295323,2308044.9418131937
"Ubirajara (SP)",69912.69067796294,61679.619463510295,65983.4813389003,67749.19834456254,65738.70382755485,70901.75188070601,61858.008260530696,56974.67212635916
"Ubiratã (PR)",106347.34913092293,119615.80214221233,141746.27915408893,203205.11005703514,215844.70400245988,196489.1689698643,227235.7508611194,340385.2847296738
"Ubiretama (RS)",4212.76315463217,28112.63029865403,38440.09263324379,48550.064610713474,41283.96734451602,37960.68035936891,31327.39318177747,26200.195315423778
"Uchoa (SP)",58687.58656066962,56817.89672184664,61948.797629607165,62637.86776975836,61884.57475062945,59209.17318743006,65039.15578200904,63640.25093812795
"Uibaí (BA)",33671.57536545169,40400.836287249665,22148.209895994307,28250.72130256333,41300.83009452514,45872.13233531961,48038.96715780115,40980.04435870995
"Uiramutã (RR)",16482.830026607633,68027.31680092527,68425.10351160045,108933.63800581885,98831.40755708642,75066.52043180274,386240.8758224289,115638.68500579688
"Uirapuru (GO)",447428.2707108131,614278.055355631,314574.5238937276,293961.45673967,310382.13887487684,318246.11285220087,283210.8599591975,279568.9720332927
"Uiraúna (PB)",39564.44170705238,30978.177211793936,48291.86130073735,57263.985332298755,62855.82686562448,61410.4960215455,62344.57691520223,52620.26771098278
"Ulianópolis (PA)",5738460.91773393,4323313.3611619705,2425152.9221188966,4965633.702298142,5466145.479344677,3424930.475381285,6345591.923384938,3103006.613477877
"Umari (CE)",22460.798154731558,37762.326377442485,45813.277130331255,44223.88962041594,47555.41270377216,51420.39566886437,66444.99633657555,50180.84468454213
"Umarizal (RN)",37038.48511102246,14438.20690405383,19337.191139166145,50297.6233647454,47963.249273707304,49539.20294883089,44000.02353894883,47394.60395240462
"Umbaúba (SE)",34943.21019729681,48277.565361160494,100226.29113568367,100032.73991895364,106477.36566893056,138634.65047662886,118959.30785640352,120636.80862224709
"Umburanas (BA)",77071.9793261715,95439.91956716527,70453.33729503826,102555.56066943488,92588.22909599455,123021.41215191442,108478.51710607573,110274.71221005639
"Umburatiba (MG)",155826.64222368752,83504.94759856848,147637.57995970617,78131.14095814578,88311.67835629512,82043.88524404907,80949.84198827487,68751.70228830267
"Umbuzeiro (PB)",65349.25236216515,30793.007831073766,30484.333370530494,30907.888197294225,34671.13663947414,38449.17522554767,45218.50247120373,103548.71329846987
"Umirim (CE)",28467.119898418412,42566.54616585954,52355.34016361044,54149.72913369716,62884.835274009965,59210.743946246985,101956.18081452079,80798.13472151716
"Umuarama (PR)",843965.1906710365,399850.15215579356,582198.6717360363,542431.0633730359,572912.2589203829,510349.93935553485,549595.9475374544,555701.8885783311
"Una (BA)",541485.0035245464,348076.6321891821,294663.12989407784,245002.64619199082,264393.0470662335,241747.75802822263,360755.25282566145,315844.73765697074
"Unaí (MG)",2735861.565693854,1807908.4691481972,1650148.3968218744,1775209.3848924167,1865041.2472611298,1814161.4698160032,2028489.2464454093,1899550.3522996127
"União (PI)",169621.67908212187,260298.7223440134,186933.9646886254,325175.9076413847,223472.29901913513,204429.88443514556,272086.9463508747,228469.98724137028
"União da Serra (RS)",25768.571339610386,67610.4289977452,58744.56384075303,50846.872573088796,76345.41628153916,43424.26605883597,40982.20302930758,62340.76751912067
"União da Vitória (PR)",220685.5310117995,167784.03534801508,332758.6593464767,323730.1653158471,349333.3449582485,354085.01449619466,329704.4693487697,250352.375173396
"União de Minas (MG)",133683.59169834756,389145.62958327547,356528.48481856595,319555.3359679623,313898.66006381245,325464.01940966427,321572.62032724346,315203.1085650199
"União do Oeste (SC)",66339.2607389817,32993.10798374228,53542.553556799736,60266.08152413767,55372.782077391,55049.109945556236,58920.44863738761,47755.31501753587
"União do Sul (MT)",268462.59449362,3073784.8155556386,884045.3467188267,8242640.155428698,4617761.570126438,5225457.1531263,2805822.2095481562,2617373.7874615462
"União dos Palmares (AL)",156130.70633846553,99110.40050591149,135691.3233223,155660.19950624177,170612.70558053977,166579.29232347696,176809.3034454461,158867.20852345158
"União Paulista (SP)",28845.63994469422,31346.815439913782,22809.83392540578,16847.64681645693,19843.904960956974,20112.290571359885,19282.338447151174,15940.456310921725
"Uniflor (PR)",29585.42593595125,29861.447239521334,32192.146745233164,32541.531302759173,26793.474015386953,31214.67479616518,33771.557466770726,33714.98639074529
"Unistalda (RS)",53175.33517918681,163019.2605394596,173439.1897267865,164187.62084880623,181947.1986134348,183214.91932587215,149054.69631010626,146572.2888312532
"Upanema (RN)",78218.27835739005,115497.643680343,48997.33277484994,79856.04508333559,104670.30519165403,100360.11198384348,113215.32105804235,92985.13720583628
"Uraí (PR)",40029.95577340263,42506.29019594328,51417.3068921542,44667.17106720826,49469.12442547784,44768.52623698984,49896.82954633807,40416.699841873975
"Urandi (BA)",132861.3031804291,82040.4134064784,111364.76030812383,95181.96523423397,96971.29706445713,101559.95912140432,111369.81817019188,100074.02852183662
"Urânia (SP)",86988.05321793987,59319.12805656874,76278.93617188284,105811.93418964921,103403.1299917323,93527.33911802569,102178.01836737245,91256.81898831046
"Urbano Santos (MA)",34417.50409574622,34208.53385508969,410310.9073314617,576594.0663247061,313874.9224975042,444603.65048041457,944933.9296235237,1136296.8635208004
"Uru (SP)",35717.31031216102,25474.139461135896,37372.133297498876,37611.58255395021,33616.51027525926,35333.61183760358,31273.199030247415,28611.6944862225
"Uruaçu (GO)",651830.9036285041,463975.05237181246,515869.8090037734,578482.0224352187,612926.605724568,717774.8687647376,850285.8882821128,768614.986405921
"Uruana (GO)",151470.17179898836,150292.81634715036,180387.3035387998,205719.0134694864,208273.48860633178,209369.12721803307,206426.83225979577,222878.42499619906
"Uruana de Minas (MG)",77550.41610139508,118275.56109487869,80491.05765035709,80475.65735309233,92148.6528864526,79830.56929419578,133734.66137898425,89065.9522661684
"Uruará (PA)",2690442.3445145204,5609675.174902401,4914124.900644979,9868822.850357354,13568565.328589445,15009446.950080484,6517114.913570203,5622313.227367229
"Urubici (SC)",295803.9206599028,142054.36490920497,213638.74444884923,242610.28314550873,154530.40644760436,416077.11209370685,241861.30870334708,130073.42438368422
"Uruburetama (CE)",9054.270899520527,12706.63670641266,26297.266997860275,32112.540046994418,37538.137533488065,45971.79211316877,52657.80804711389,54285.74120577125
"Urucânia (MG)",57315.12216101335,77109.09030136719,83811.43052677314,102524.15177898543,112287.07049565436,108846.55016071555,102637.1460642444,101622.87530898227
"Urucará (AM)",113389.76419983176,580862.6175468059,318549.7980841734,230178.85452532428,256768.09580094568,216355.97449753882,276704.38759451814,208371.21945667441
"Uruçuca (BA)",139372.88961796332,74265.19480646703,64282.215638745736,122960.107149394,154779.15723665914,135596.07616737075,106694.45245533649,121833.06413808092
"Uruçuí (PI)",187435.949970142,1178912.5630657307,2734843.3574589794,3126429.7906086473,2742163.2625968484,5371292.935275423,2812888.614446267,2212457.9196292064
"Urucuia (MG)",429151.56896782905,712356.0048065301,339433.8577306561,324860.3713369274,336909.2149157525,315295.04509847134,353280.64578289876,311623.28826688236
"Urucurituba (AM)",63865.979716643764,471737.30668388447,110924.51589145634,88061.28489135423,153923.55266284896,168581.8258598223,269675.5257825867,339412.7653051615
"Uruguaiana (RS)",2497686.393236434,2040948.3885863824,2241444.060570425,2296620.388023521,2587618.7202831767,2540267.7166491365,2344436.3282617084,2632208.3635791126
"Uruoca (CE)",29128.826851877082,98299.18221129883,43258.5716862939,62822.03728825759,49971.22712956573,62015.76797384725,63727.718740389486,54625.29503947048
"Urupá (RO)",1012227.1067604839,2101189.404560429,399990.4749575104,480351.5447944094,532382.4790685505,483393.92605515895,679973.6335194352,459042.6245026677
"Urupema (SC)",46389.61723012329,38443.14147285095,61324.34802143326,67153.02054828701,48961.076039299405,59484.84213221468,48649.57576926597,47218.36349775961
"Urupês (SP)",90069.35989108561,83715.1229094797,71767.67927858897,105697.85050338197,103108.92651834103,115282.6419720085,108217.27718915071,98036.3781568133
"Urussanga (SC)",213862.28188922355,55180.09627036765,88187.8975579341,120923.67982995661,110704.05990007274,125723.21620058945,116652.84554143152,89685.64461283608
"Urutaí (GO)",216202.21545374425,176996.4724382114,183148.43343286923,171348.1588834459,165211.37431530916,149857.1720583989,181142.78500714138,161058.86954596892
"Utinga (BA)",123367.34898715944,101645.70315467722,110917.54738561252,111392.09405705922,105065.765068985,88171.55247145181,131287.12471496256,128231.97786754128
"Vacaria (RS)",734563.988937573,744204.958855546,555761.5700275054,571824.0364030467,682771.4904900984,592929.6139295469,700310.5336413763,684548.0989186224
"Vale de São Domingos (MT)",1889371.4552097442,710461.688383422,351138.17126253847,409546.00252226664,376330.8268984089,367749.3257806535,1099691.896246035,294762.1547162913
"Vale do Anari (RO)",573827.8698780381,3211048.629883931,577764.203056917,1120245.1636340478,973083.3456847684,974997.6233577236,1087252.2527999624,559916.307911725
"Vale do Paraíso (RO)",589781.5156081164,1320259.2651675271,413209.53470409056,583065.6239430282,484980.9160519151,562476.1681534275,836479.9861695596,434121.96519096
"Vale do Sol (RS)",77851.86400257351,198857.73318933754,213310.24617062323,94731.71746118025,186332.54416373817,92941.99309951576,95465.25397513522,72929.93720359667
"Vale Real (RS)",9253.67714517374,20413.114548999525,19043.707515231516,22832.605105994055,24596.638977929233,30665.230752620162,25527.440564278,38042.02021612486
"Vale Verde (RS)",77940.5392911578,120137.46796507576,107668.73586387266,158616.48978562685,138016.64934280227,90002.05674777846,86466.52651746992,97525.30757967349
"Valença (BA)",809609.9587926122,933761.0405547082,289008.17691909627,457602.2988262519,471656.16502189974,457125.2341993212,515420.8611660311,456072.5450953455
"Valença (RJ)",298244.057242439,233799.43650473305,316612.9563491752,360953.8846765445,357876.06057038304,358759.52117761126,347501.8449765727,369699.9905632156
"Valença do Piauí (PI)",78529.18574650075,59991.17369881705,58259.941064944025,85244.05290126624,157549.48037378304,92458.74386574548,105332.61398169443,174291.4863753434
"Valente (BA)",105408.58365996348,69026.53136985574,46917.62569315303,56082.33759863377,58783.15988159689,60157.86883581139,67533.67053214142,72207.59574836114
"Valentim Gentil (SP)",35061.222734791554,42586.30887390346,55977.65655541288,58722.81627531757,69374.91205967113,65303.452367203194,75101.6439038549,76851.46282471727
"Valinhos (SP)",33318.03700810985,48876.68078273092,218748.87980377616,255237.8557673103,298222.7845617552,316336.3060750393,317289.49218976905,304619.6120704681
"Valparaíso (SP)",215326.06235874942,259568.82175088962,239158.09207038878,300495.2521446124,266422.3865799791,241282.18415775444,265403.2005399769,238338.88434837863
"Valparaíso de Goiás (GO)",21370.733574179754,33049.960649386914,156678.05697753027,195910.05382079643,198744.50864425465,214282.81017647497,223671.90391943243,222587.11706392138
"Vanini (RS)",31968.157600417086,35138.192952853526,32216.296809611875,30125.95120686379,33430.2111768273,28660.62567548244,23208.899291804628,18024.908783240877
"Vargeão (SC)",45362.674823007466,54694.54038759279,68960.21617564332,86827.68598396926,75592.70435576775,72308.91616555168,69693.92322250895,61376.39126206515
"Vargem (SC)",124694.23605799674,136648.40977922766,99498.56577957529,86134.94719192741,88248.54830486473,88911.31170254925,83744.87800961334,53002.7020413681
"Vargem (SP)",3035.089504088656,30533.21623423911,32774.797263568595,58101.16290613494,57320.336270521555,45681.434304314425,37004.4541994641,32000.3944883857
"Vargem Alegre (MG)",51699.20949334533,23194.363308757747,24860.465335537578,30782.69861449091,28649.57745585737,48585.092430309756,28294.846083421,25743.655545927377
"Vargem Alta (ES)",138337.33041786205,182274.85828434862,95168.63797837973,127839.5524332055,106505.22850788514,166235.37162993063,104800.97428778012,74396.47078298553
"Vargem Bonita (MG)",87579.23917109385,72222.508266788,49020.9219200868,53560.16940094969,54166.040264307485,56186.060065255544,52077.22647968725,57886.87664933507
"Vargem Bonita (SC)",154340.20611107256,89683.2597591695,70734.08861710699,76696.91757703573,94408.32297499142,77568.14907578821,65687.0546325952,47987.29666624818
"Vargem Grande (MA)",194781.1296177067,134799.46076209706,186772.4889351515,590921.0139110172,286556.8369114264,354768.4515195567,670052.6055181804,491118.75273726217
"Vargem Grande do Rio Pardo (MG)",64221.86626903548,73623.28638780712,68934.44357442755,51359.78369074523,77273.26658474137,77634.44877770296,100219.39248024226,96036.97280268688
"Vargem Grande do Sul (SP)",77553.62726237875,95649.37953758,202368.1635411912,185202.3380886523,199880.0556140184,204870.58195326326,193328.52796322826,194140.6878903444
"Vargem Grande Paulista (SP)",10790.038090251628,22254.24104936467,58791.093526765544,74321.21392077536,85351.46893229286,87718.09801059186,91955.3627539176,83682.84241215959
"Varginha (MG)",108623.38226263216,110248.40264452144,265949.6993390712,295006.56011777965,295069.721754512,298466.29350428894,299852.41127989045,305923.27166256384
"Varjão (GO)",263491.8618012945,196186.70595979574,148508.59414719214,175208.32577526808,158363.56179749154,167861.74647548233,167681.32612394783,178499.04925409175
"Varjão de Minas (MG)",138804.41869893414,127243.74219873526,147965.42873973362,134882.8220015328,137518.10570512956,150256.93078413254,156991.89744031578,159646.94502503084
"Varjota (CE)",15833.238328178528,26531.146046307265,35299.5299513309,41393.97770283807,52153.113405101176,57622.297845532026,53310.503387713674,56556.07899202104
"Varre-Sai (RJ)",34572.08778445231,32193.28520168412,48131.61386893273,57242.7956760424,55485.26637444086,61467.91042930094,62325.66816544181,46250.51096630319
"Várzea (PB)",13442.683690227734,11945.680725794839,17196.709299090715,30767.09845115591,25613.768041787742,32187.515895902903,28706.682831256272,22165.663194246175
"Várzea (RN)",31280.908286385344,13051.944602207228,13819.183980999907,14258.592896698885,8858.773769428266,8738.327572307633,9845.916280083304,15456.998843153804
"Várzea Alegre (CE)",106192.34711971083,110576.24637630743,121171.21447696883,187124.90286254892,176299.42279589493,216049.94481702035,258575.6435053957,212028.1873944566
"Várzea Branca (PI)",17296.012041559017,38196.45487721946,22249.135399239756,31634.461731146133,34657.41563043905,48523.25836171453,31315.592525710246,38865.66635120617
"Várzea da Palma (MG)",761235.4671545188,674177.7904664754,487976.57938676473,399065.4125929997,398657.93498497445,448330.22205938475,492126.3262546196,466239.8845315964
"Várzea da Roça (BA)",116807.30097399859,61846.24248796488,48483.66364232459,50704.27715393523,58022.9881946377,68524.96353898925,73542.73322920845,69203.8615450208
"Várzea do Poço (BA)",75225.76387486543,30945.86590784347,49415.01678558032,30037.65886939317,33219.98804643,36726.534573767196,41049.41797643982,40858.010210796405
"Várzea Grande (MT)",232422.78700004023,299660.5724425529,777610.0027510187,989091.6784163471,986216.0002260881,995904.2297811991,1160005.3141255355,1203476.055359439
"Várzea Grande (PI)",19488.167141632683,9617.386937314586,9610.20229526799,12418.913703110928,21508.634445117335,16416.46701662112,16571.0506048326,22184.592078857368
"Várzea Nova (BA)",129009.90058539898,97544.17833456071,89345.3589503584,96117.87911533187,101413.63350502175,103936.00726603564,99342.80329978469,115890.23698790418
"Várzea Paulista (SP)",21617.310250272447,45617.48450622591,157396.94856942171,148002.4603899337,163080.9610237393,164261.82292751092,173959.7963246137,172813.23154144772
"Varzedo (BA)",112017.42358890337,57988.99445922636,35692.20179720525,46241.93327077228,65783.15484340809,55703.91518853426,58425.10792223451,53510.09289940659
"Varzelândia (MG)",184195.13532690876,135409.09420813105,117906.6519964654,94288.07782602658,96638.20918618944,126610.83109763364,95747.96681683943,108414.05066396756
"Vassouras (RJ)",126953.98115366699,117678.10801755344,164176.00711582918,166458.92646640778,166477.32501177004,166963.41935649002,171587.1607956041,254295.2686897956
"Vazante (MG)",563389.7905305099,544869.8256400065,474230.2947298102,369216.685943618,372275.9349339191,410084.70916912233,455935.6457481103,442039.3768179559
"Venâncio Aires (RS)",448930.09561833664,399343.93412104505,378122.2964924568,351736.6889665061,415806.7965904559,357441.0053595888,355067.144096686,400895.8638427003
"Venda Nova do Imigrante (ES)",47147.761140751805,70612.28885798027,76758.44345871256,85519.29833412511,80749.99979090507,91708.37427331353,82804.610829654,68530.92839136496
"Venha-Ver (RN)",1831.3363682368445,8321.667696137447,15518.158175502638,13051.84156200732,16236.011849300708,13074.263977981276,17765.79318485993,15795.828647345708
"Ventania (PR)",98829.94498704336,282685.44687279756,112901.570336357,105219.77754601582,105658.25757996805,111016.31307850347,130264.95462016531,134443.8380621128
"Venturosa (PE)",40226.88002017236,42506.53454380212,73897.27162510928,99932.15234271833,110048.76623974595,117447.0860814079,119762.13579441598,120145.30401971824
"Vera (MT)",875365.0486582066,8403502.959348863,832003.2867661279,890230.1846680249,1126356.507526803,1039714.52549648,1291369.7909102608,864426.7497631568
"Vera Cruz (BA)",57896.587700019874,81367.70961306593,52421.47585845192,62797.16656269522,67276.38218902929,65803.0530968243,62862.96009365212,45499.7988154928
"Vera Cruz (RN)",23827.31937124075,17894.919578016586,23934.709600477792,29224.591900627045,28800.25320705293,32998.17108901598,26021.4441970007,31670.583794155944
"Vera Cruz (RS)",107320.90565250817,126185.39909203124,173032.6557613741,111343.44540151619,137846.1736469181,122848.3416497587,125161.55266397532,288156.1440419625
"Vera Cruz (SP)",79725.68988157106,82215.7719399459,81792.1853041275,70286.63166415642,68179.13581479542,74082.47433375637,70057.18496097322,58558.428478767455
"Vera Cruz do Oeste (PR)",80174.55220173972,89561.23746129851,95478.85461120056,96144.52823664517,96991.41607239419,90151.7405785476,89577.32457148557,90873.59158980276
"Vera Mendes (PI)",4176.990583950671,17893.861991485617,38976.24926963998,31561.384123085412,31566.966396188473,62930.476435513956,87960.68128109154,74198.8067610659
"Veranópolis (RS)",82336.77540492454,169826.54996218058,147908.880231894,118198.50572308672,209546.3970511807,129863.53174729075,125599.05026829288,880353.9114041801
"Verdejante (PE)",73944.14536389569,37738.23736629246,46781.732454218014,34012.47611885979,43721.089568403426,47853.064854714336,42228.104106317536,40196.19637963938
"Verdelândia (MG)",82553.80842707139,176078.03970694647,232427.34685038158,131873.5846441657,150139.58478587953,165681.8510039949,192325.43112545434,169679.8193170708
"Verê (PR)",135922.86382866383,82459.69629798937,98642.10816750645,92428.86621919539,110591.26768483504,95944.60758659912,86238.51377498606,78470.79491280807
"Vereda (BA)",387611.7402485544,399905.88036756497,215388.61982090824,177858.77395282616,193969.0887882749,173558.3747898933,192880.31869002685,172853.64078171787
"Veredinha (MG)",146649.3654560122,202707.08821940818,107828.39064558281,103335.61892164618,96486.32366063353,91878.00662140985,151503.42228179838,180730.8094817271
"Veríssimo (MG)",370382.5913381783,247095.0375291089,257969.81898180523,266819.581195603,299027.1939065869,251368.73305462225,263611.68382530817,275266.88381715334
"Vermelho Novo (MG)",36926.46581410464,25116.37623140857,16864.955932559,35617.923943097354,41913.51064691071,39032.83664154737,42925.8615998088,33126.90792254338
"Vertente do Lério (PE)",10713.81576634836,10057.209320352102,23605.27954615281,21387.637241909335,31750.137030200865,22977.222002310467,22658.778813137298,23619.027161053607
"Vertentes (PE)",38256.089573257006,22440.187755393144,47255.02074457046,53171.071234274765,52299.04409432335,53100.757318857395,56651.26069900452,60820.7998335454
"Vespasiano (MG)",42245.27173959039,32021.458872014544,227935.36325766373,6054205.225912063,7595460.412789999,5012985.89757214,7947485.68832739,6094303.079654526
"Vespasiano Corrêa (RS)",48640.257833893775,90095.04007216779,62861.24574899443,50290.62403131291,71613.15450772781,44931.405392653665,46617.42769422523,100085.39038551576
"Viadutos (RS)",118760.4611081641,96396.14179314909,96360.61274189717,88803.35710546774,100670.55170919234,80550.56603420203,94938.18161360352,75773.38696618726
"Viamão (RS)",596953.3117969829,618936.4313846802,703575.2182955865,726740.4662166198,740417.5908075942,756018.1682468231,674247.2174123646,730542.7122193534
"Viana (ES)",115337.26887308998,139700.7146312807,235315.91494426617,486146.45346738346,1128767.6778262795,408733.66852255684,398463.1555189576,304170.28790280735
"Viana (MA)",225648.565234857,496615.61209801177,454331.6247587409,243941.73684773114,334094.46116073173,918420.7809460018,474686.5108354662,429322.85953944933
"Vianópolis (GO)",573141.3411258665,289144.4269951902,225968.4973556339,264212.0456793794,266856.5281517502,268993.5680727993,290107.52358461224,260067.28239801148
"Vicência (PE)",114445.86416845853,32116.454647190556,64234.530656096664,70142.13322451267,67415.42450632999,61848.98963365714,68692.49364393167,88711.29171587098
"Vicente Dutra (RS)",101041.18277538031,104540.72069599408,82519.35204577952,91085.64258541426,84289.5846786753,82097.83556621961,76217.04668310646,53369.82818418366
"Vicentina (MS)",83180.40112712463,89563.22266582544,90333.06887832626,170965.46984103014,158766.49431473686,162177.783902035,184898.00834417896,170217.50832132922
"Vicentinópolis (GO)",243910.1172011571,138314.28675785862,121598.8327041261,180357.49478287634,198907.8208968595,199141.80614460757,198410.98139594612,199170.96045814562
"Viçosa (AL)",153108.57791722662,78533.11268798629,109340.6356002197,134086.90152721785,132959.14499496444,127622.72909875162,133062.795664011,131623.03381165257
"Viçosa (MG)",82182.02278124062,70301.76942646902,118179.86445424415,119370.94164991993,126054.42065233219,127319.95983200711,128554.07528309156,126619.15897192004
"Viçosa (RN)",5754.87755720712,3531.053186573419,4806.023242962053,6720.54244314065,7970.367421610832,8127.472365793854,8256.992772508236,7542.97016455971
"Viçosa do Ceará (CE)",51538.930214020766,109149.94179792283,113663.86886986176,188988.15165597593,206291.43631066938,200263.03032680624,252474.08284059254,418657.09764238156
"Victor Graeff (RS)",43717.95244607221,40255.788134323506,36560.05561791739,29896.351216573577,49370.669834461834,31562.989170776214,39486.63028782089,45154.13920276385
"Vidal Ramos (SC)",121315.17927427613,114520.88802691172,137326.61347876265,71143.22452691462,72850.63828312098,88236.12505736128,80785.18844792346,46618.66339667285
"Videira (SC)",165924.4483961291,169243.22768650664,261327.95192608982,320440.80938000453,331697.70839378645,345725.2901998327,342372.1977453294,293407.54529944103
"Vieiras (MG)",23595.71926967853,19786.574971852235,28993.617522082826,46522.59248407477,47857.3633814221,50164.29914369857,40502.94693862992,33603.223774399616
"Vieirópolis (PB)",6203.531323123966,9506.081452361745,17635.259968567454,20487.369507744024,22838.934311915367,22975.474916527368,24802.043585165902,19599.623657642955
"Vigia (PA)",240044.54792444006,567598.2444092672,212191.36323478154,130682.58978029228,200846.01659998696,217379.8251150063,180252.38199966485,112686.08394892818
"Vila Bela da Santíssima Trindade (MT)",15619795.298984893,11213769.565257896,4784072.075706014,5526906.554870694,2807255.966995295,8517238.145455252,7907321.544154043,8974405.675677849
"Vila Boa (GO)",311551.287567227,334027.31622056116,243209.3958724994,234463.7295483784,266714.93165818654,290372.99216173566,307419.79026463337,290743.9190259836
"Vila Flor (RN)",19085.307881782963,9090.767377191954,4792.058179852389,4871.737591353729,5774.01920353704,3861.6113533972857,3096.2507770183306,3506.390706638269
"Vila Flores (RS)",45414.74036036482,128280.58415375769,65617.67709386042,64865.886473166116,102302.95210103919,66418.0266125623,63694.822185120865,62024.294717201235
"Vila Lângaro (RS)",15882.431570536486,30194.045088125687,33826.48953045546,47289.62266354748,61704.75171047395,40362.33864245652,45263.75587518763,39272.701235907676
"Vila Maria (RS)",61278.735970782545,64631.222901704925,85501.72032041108,68971.03316792718,103977.32068112209,80629.87313388943,80136.66779929464,64989.68274276776
"Vila Nova do Piauí (PI)",21739.368822984226,26107.23019522754,28511.50441711664,18468.75906174557,18981.052240802437,20278.570814473867,19165.730614871383,20466.635265320965
"Vila Nova do Sul (RS)",69474.44622918271,141337.85606982486,144828.87036226317,147429.4396493429,271126.9044744501,151819.6453905066,127229.32418567002,152178.88156667532
"Vila Nova dos Martírios (MA)",992596.1370422122,1673475.291129969,612839.9600044249,578737.2159269194,716285.7095594471,970051.6225359449,1138543.2827010676,402595.3225261922
"Vila Pavão (ES)",27751.990016233423,49010.63376213318,94623.92790422666,58672.15029419056,70694.41563325786,69213.24754238124,71617.10310711418,55869.14768853581
"Vila Propício (GO)",433282.5612538081,469420.585431235,441961.26047197316,459843.6305225875,458026.0860522353,483482.00809100555,488212.13905667793,518361.53677084803
"Vila Rica (MT)",3482471.6276636934,6587930.613680576,2975210.325254198,2746044.2885960327,4211591.893922493,3881244.0566724483,5263416.18031772,1838679.1184299758
"Vila Valério (ES)",49278.339806800235,59979.37904180399,62843.91006047078,84309.54672784341,72603.20090775599,66958.11735112668,74201.58580748239,50548.999969982724
"Vila Velha (ES)",202249.48509275244,177210.9861150263,477845.9802109521,480827.66665496747,514261.4285370233,659592.3275708832,543751.2392186902,517331.806616013
"Vilhena (RO)",2033517.7185615355,3740789.8179458864,1413323.333933885,3424871.1503039706,2405205.807666983,2669285.2769679776,3028747.767499784,2221045.922321581
"Vinhedo (SP)",19685.19911911509,32152.583283452084,103038.5464661787,127282.26762684359,144294.07471111824,153122.33655539915,158212.57659793593,143505.96014988213
"Viradouro (SP)",32823.37913756915,46317.877307827395,45507.32665556754,54141.48042488321,54163.466840304725,49963.99030097368,53537.828057929466,50370.65367480221
"Virgem da Lapa (MG)",142637.66327629055,135697.814911712,99443.42101835647,111633.92406964299,142273.52224159293,180272.3805778146,171010.85717214874,182389.81603428835
"Virgínia (MG)",65329.179727427974,67080.58370257163,91837.79242913166,76984.07041004936,69758.39869702679,79791.8123987852,68572.2528475026,63177.47151508273
"Virginópolis (MG)",338264.52396042977,198073.77712781023,85662.99946382621,124231.83212424406,123929.26774447504,156654.6889449192,126276.74668328208,199927.1162258643
"Virgolândia (MG)",107515.1179478014,86185.50844806914,60180.65582756314,63538.693386708466,62842.3673947725,83497.00282874111,73234.17129052887,137169.18044591963
"Virmond (PR)",104802.65707849103,100992.77883582232,93187.6126272242,84313.28347195078,85979.50337665457,99338.19974643932,67798.96237164222,45645.09856421921
"Visconde do Rio Branco (MG)",55002.46956550066,45492.67700186253,83122.96360938394,88518.94675893219,91449.47114500626,96277.37971285549,97707.40607316667,105586.67160390339
"Viseu (PA)",838814.5697551895,8045666.78705935,2616247.9850649536,1440256.42762772,1089951.3228981674,2377192.128779813,2777106.7588674207,860469.323348482
"Vista Alegre (RS)",19551.400358578776,23976.64513160845,39959.668355914,60375.99424166488,66540.09772024945,66966.39509952057,65245.23563828492,52165.99092748903
"Vista Alegre do Alto (SP)",23056.668615800776,23749.18744999008,318821.89009952307,519562.6866251515,456684.9874552118,514736.5395032955,352579.69411671755,393712.66067114985
"Vista Alegre do Prata (RS)",44805.21527722376,53833.09577910706,61530.53799605722,41591.94408703458,60957.28086539917,35053.83897196145,40109.69641934949,73811.64116504414
"Vista Gaúcha (RS)",21259.210198366818,22911.590068459467,36149.98077308564,48187.20175508646,47415.758338174186,50887.94073960313,44757.2775820939,34431.40680608458
"Vista Serrana (PB)",6867.00457379033,4744.598505172473,8812.927443004255,7799.732787145531,7576.789827268075,8221.24458793724,7784.008910602272,8048.923185025855
"Vitor Meireles (SC)",188953.5451857925,123033.45843957672,79990.99037184262,83985.40450506548,84124.80708525368,81170.95071255036,80562.16793135267,50470.90091055373
"Vitória (ES)",60052.060346411854,101911.90504318669,538215.6861141894,500331.118241938,561705.4752175533,503567.4684628569,534387.1532682165,546540.9436853691
"Vitória Brasil (SP)",4531.474999608865,12988.216832591483,13979.162957298682,14358.008571752565,15256.155029405745,15403.106288059042,16427.785163930555,14957.431079145157
"Vitória da Conquista (BA)",858735.1738194628,914908.155225697,1329877.4377877216,1243598.1046730366,1424704.9958614649,1283875.1790458586,1208148.2346718367,1260507.7890132961
"Vitória das Missões (RS)",21344.769720561697,42514.50103640938,57393.86408629433,63117.87531079167,62322.194205190484,64722.71229427316,48415.02553126178,44131.29516138693
"Vitória de Santo Antão (PE)",113153.86474607082,85658.09028915862,198124.48047689896,264358.3718494724,287614.7312408792,295854.08345569804,286371.601371662,287655.6329495053
"Vitória do Jari (AP)",294904.7979709565,294975.3382830608,206648.96622412387,113952.9200241088,62208.09681378255,74324.73154147531,100245.02972459473,118911.98385981651
"Vitória do Mearim (MA)",170858.3341050456,518636.85619610926,333220.61537969555,261419.4984774385,469417.22999062785,679621.1009898736,279468.8475656653,577250.8449087025
"Vitória do Xingu (PA)",2207300.2767920378,3000050.714470735,988529.5784109035,1490781.1015013594,1206342.9382075914,912474.6158296925,1173018.8459857777,681031.4087370142
"Vitorino (PR)",102947.61129961538,77006.00116382277,76761.63088376872,94563.21405738046,90450.10944312323,82234.59483469311,84581.1128372453,72864.12400189349
"Vitorino Freire (MA)",1083751.1635962348,694438.987982099,859334.6450010459,802161.7273061086,1042858.1280449379,1704271.4496474382,952151.444393657,380367.29068477266
"Volta Grande (MG)",66071.94226467462,71597.91016025464,43522.75662632671,56204.01210705777,46703.13691981476,47026.15366620566,41131.31537382688,50715.95890130657
"Volta Redonda (RJ)",89681.03251379982,133451.31101195578,6272815.770709861,2580244.1959247226,2913626.2925210353,2631533.4672210272,2302877.9374787933,2567083.1907470445
"Votorantim (SP)",60749.28705888474,69508.78421279129,293116.38186611386,718977.6920506634,256338.73847299354,243843.83757059352,534817.3848416469,871406.915182899
"Votuporanga (SP)",199435.26424508306,144343.52103589085,213816.74171019753,296519.8680127402,305108.41478104156,329434.13844508457,301387.3198676958,272380.3817242359
"Wagner (BA)",99259.73069332738,81518.7941802593,93116.7370887462,49219.05882157109,43244.39432667752,40411.52187932361,54734.64754639865,93562.4560913023
"Wall Ferraz (PI)",742.9119603384503,20298.278400894815,35424.6350728508,37369.19500595815,31692.646709880817,27911.49422057863,21977.80172949668,29521.428770836123
"Wanderlândia (TO)",235971.87437181274,282951.3957424107,401656.419572307,461432.7106338382,479051.6270926277,413537.45042891253,608107.3974123345,673996.0194370629
"Wanderley (BA)",501262.9530149188,286915.7533953279,531543.9641773438,358270.5799915605,548106.2092399176,533858.9747364437,756414.5583213466,482111.6708831956
"Wenceslau Braz (MG)",20312.82908641716,20776.579786345046,42344.11352199312,22840.48282473242,23370.586154760796,26521.08397169473,25700.927869726653,20815.20712021288
"Wenceslau Braz (PR)",68324.56047923003,91783.16192561467,122290.41471669076,191764.5527566686,171925.5815723896,149794.1431116762,122743.90811650961,89781.46053821959
"Wenceslau Guimarães (BA)",588048.825683804,182115.96755525406,176994.04851633048,171981.96466018033,319265.3420885269,263222.15634006204,228653.01265115145,167115.27747485827
"Westfália (RS)",23198.48328179317,234466.67294021187,44498.06473000074,58298.448182786815,80394.67717335423,54602.81259967951,54938.156840693744,53590.83732304054
"Witmarsum (SC)",96599.969092664,67908.03042776161,49759.83784797327,62515.429406426454,87528.1629620203,71406.24785310857,64783.41541766245,55569.658177190344
"Xambioá (TO)",2157887.9938717056,1807355.0604111399,713355.5344426512,370627.65807989053,439873.5747517086,524966.7928201477,607490.7834507815,282237.45985664707
"Xambrê (PR)",128998.32889575303,113152.86923095256,136495.63260491865,118177.37196598975,116809.0017331747,108321.08081975197,122303.19162405057,120119.90902325862
"Xangri-lá (RS)",5259.635873877471,10388.065280365077,32555.494312360217,38777.42427121194,47378.081971888445,52330.99104359883,49603.77336646771,48273.451180398566
"Xanxerê (SC)",190073.8144657928,115635.09954567757,265964.9417714573,295232.6663518873,309045.2958102718,307802.6285069048,303413.34898624,299784.3223414951
"Xapuri (AC)",1395024.345291522,2366505.7543268027,1540948.2171865988,4976798.050116555,4832036.921072751,7131373.152309368,3431270.019594979,2239252.0000048606
"Xavantina (SC)",128148.39569130368,100599.01429428137,142041.28535742537,160562.0938739779,164511.51692890667,166241.9134926556,156296.02773698902,137615.6770132262
"Xaxim (SC)",133811.40169085626,88909.05601054004,177971.30443930795,184883.55987664245,202983.2729202508,190110.15626506423,176772.9099894578,157950.57705713128
"Xexéu (PE)",16307.168683761365,19242.90287563483,28430.793918986674,62520.69189576019,62664.37610198177,67891.03005283959,70999.57644927081,66519.45752519864
"Xinguara (PA)",9498534.962119535,6614913.0149074765,1559299.1271049436,1529325.2570125142,1582220.881864178,1736605.6150213513,2148883.240801056,1506413.0544771058
"Xique-Xique (BA)",409445.85579256574,565933.1435223138,222336.00856406867,469180.7190055497,450530.5814228089,311020.58097145555,524649.960486302,407615.2998128964
"Zabelê (PB)",903.4835740826072,9965.198938105688,19527.97324808926,16965.2003838147,13839.918060089825,12286.301488010571,19554.113242541585,14193.623920730133
"Zacarias (SP)",14114.26203925343,64471.055281385714,59083.759907123895,64570.73238405567,68294.78019041182,51748.94347151581,58298.91332837207,42525.502067666646
"Zé Doca (MA)",8159307.20483069,4609762.714406791,1113648.2987204785,785563.7015485619,1177998.0498145018,1283353.5938892965,1817480.5939751826,551139.0100732375
"Zortéa (SC)",41912.02770493705,32753.69762161594,47921.62203741391,41265.69350249638,49108.14409851746,47880.13152833186,42753.81362635393,35028.3128724698
